id,source,N1,gender,age,A5_tiktok,A5_shopee,A5_lazada,A5_facebook,A5_other,C1,education,occupation,income,relationship,D1,D2,D3,D4,D5,D6,EXP1,EXP2,EXP3,EXP4,EXP5,EXP6,IBT1,IBT2,IBT3,IBT4,IBT5,IBT6,IBT7,IBT8,IBT9,SC1,SC2,SC3,SC4,SC5,SC6,SC7,SC8,SC9,SC10,SC11,SC12,SC13,IMC1,SE1,SE2,SE3,SE4,SII1,SII2,SII3,SII4,IMC2,IPB1,IPB2,IPB3,IPB4,IPB5,IPB6,CONSIST1,MA1,MA2,MA3,TA1,TA2,TA3,MOOD1,MOOD2,FOMO1,FOMO2,FOMO3,completed_t2
1,1,0,0,18,0,1,0,0,0,2,3,1,1.0,1,2.0,4.0,4.0,1.0,3.0,5.0,17,30.1,4.0,7.0,5.0,2.0,4.0,3.0,2.0,2.0,2.0,3.0,3.0,3.0,4.0,3.0,6.0,3.0,5.0,5.0,5.0,5.0,4.0,4.0,4.0,2.0,4.0,2.0,5.0,5.0,5.0,5.0,6.0,5.0,5.0,5.0,7.0,1.0,5,2.0,2.0,2.0,2.0,2.0,3.0,2.0,7.0,3.0,2.0,4.0,2.0,5.0,2.0,3.0,2.0,2.0,0
2,0,010103,2,22,0,1,0,0,0,1,3,1,1.0,2,2.0,1.0,3.0,0.0,5.0,1.0,3,5.0,1.0,4.0,3.0,3.0,4.0,3.0,3.0,2.0,3.0,6.0,5.0,3.0,6.0,2.0,7.0,5.0,2.0,7.0,5.0,2.0,2.0,6.0,7.0,2.0,2.0,5.0,5.0,5.0,3.0,3.0,5.0,3.0,1.0,1.0,5.0,1.0,2,2.0,0.0,1.0,1.0,1.0,5.0,3.0,4.0,5.0,5.0,3.0,6.0,2.0,2.0,1.0,1.0,1.0,0
3,1,0905,2,22,1,1,0,0,0,2,2,2,1.0,1,1.0,2.0,1.0,1.0,1.0,2.0,510,20.0,5.0,,4.0,4.0,2.0,2.0,2.0,2.0,2.0,4.0,4.0,5.0,2.0,5.0,7.0,7.0,5.0,6.0,3.0,7.0,4.0,7.0,5.0,3.0,6.0,3.0,5.0,7.0,7.0,5.0,5.0,7.0,5.0,2.0,4.0,1.0,1,1.0,1.0,2.0,3.0,2.0,2.0,2.0,7.0,4.0,5.0,3.0,7.0,3.0,3.0,1.0,1.0,1.0,0
4,1,111,0,20,1,0,0,0,0,1,3,2,1.0,3,1.0,3.0,2.0,1.0,4.0,5.0,5,2.0,3.0,3.0,2.0,3.0,3.0,5.0,5.0,4.0,2.0,4.0,6.0,7.0,5.0,3.0,4.0,6.0,1.0,6.0,4.0,4.0,3.0,5.0,5.0,3.0,3.0,5.0,5.0,6.0,5.0,6.0,4.0,3.0,5.0,3.0,6.0,1.0,2,4.0,4.0,4.0,2.0,6.0,5.0,1.0,7.0,2.0,5.0,3.0,3.0,4.0,3.0,1.0,3.0,2.0,0
5,1,1111,0,19,1,1,0,0,0,1,3,1,1.0,1,1.0,1.0,1.0,1.0,5.0,4.0,11,1.4,2.0,2.0,2.0,3.0,4.0,6.0,1.0,4.0,2.0,3.0,7.0,1.0,3.0,7.0,1.0,3.0,3.0,5.0,5.0,4.0,3.0,3.0,4.0,5.0,4.0,3.0,7.0,2.0,3.0,5.0,3.0,5.0,4.0,4.0,6.0,4.0,2,3.0,4.0,4.0,3.0,3.0,5.0,4.0,4.0,4.0,5.0,3.0,5.0,2.0,2.0,3.0,4.0,3.0,0
6,1,11111,0,20,1,0,1,1,0,2,3,2,,4,3.0,3.0,5.0,3.0,3.0,4.0,11,3.9,4.0,7.0,5.0,2.0,3.0,3.0,3.0,7.0,4.0,5.0,4.0,3.0,6.0,5.0,4.0,3.0,5.0,2.0,4.0,3.0,6.0,4.0,3.0,5.0,3.0,5.0,3.0,5.0,6.0,6.0,4.0,3.0,2.0,2.0,5.0,2.0,2,4.0,4.0,4.0,2.0,4.0,5.0,4.0,6.0,4.0,4.0,5.0,6.0,3.0,3.0,2.0,3.0,3.0,0
7,1,111111,0,20,0,1,0,0,0,1,2,1,2.0,1,2.0,2.0,2.0,3.0,4.0,4.0,2,5.7,2.0,3.0,2.0,2.0,4.0,4.0,4.0,4.0,4.0,4.0,4.0,4.0,4.0,4.0,4.0,4.0,4.0,4.0,4.0,4.0,4.0,4.0,4.0,4.0,4.0,4.0,7.0,4.0,4.0,4.0,4.0,4.0,4.0,4.0,4.0,6.0,7,1.0,2.0,4.0,4.0,4.0,3.0,4.0,4.0,4.0,4.0,4.0,4.0,4.0,2.0,4.0,3.0,4.0,0
8,1,123,0,19,1,0,0,0,0,2,3,2,1.0,1,1.0,1.0,1.0,0.0,3.0,1.0,1,2.9,1.0,8.0,1.0,3.0,3.0,5.0,2.0,3.0,4.0,4.0,3.0,5.0,4.0,2.0,6.0,6.0,2.0,4.0,2.0,6.0,3.0,5.0,4.0,4.0,4.0,5.0,5.0,6.0,7.0,7.0,6.0,5.0,6.0,5.0,3.0,7.0,0,0.0,0.0,3.0,1.0,2.0,2.0,2.0,6.0,1.0,4.0,2.0,3.0,3.0,1.0,3.0,3.0,3.0,0
9,1,1234,0,18,1,1,0,0,0,2,3,1,2.0,1,1.0,2.0,4.0,1.0,4.0,1.0,11,10.6,3.0,1.0,3.0,3.0,2.0,5.0,5.0,1.0,5.0,4.0,4.0,5.0,5.0,3.0,5.0,3.0,2.0,5.0,5.0,5.0,2.0,4.0,3.0,4.0,3.0,6.0,5.0,4.0,5.0,4.0,3.0,5.0,4.0,3.0,1.0,1.0,5,3.0,2.0,4.0,2.0,5.0,7.0,2.0,7.0,2.0,2.0,2.0,2.0,4.0,3.0,3.0,4.0,3.0,0
10,1,12345,0,20,1,1,1,0,0,1,3,1,2.0,1,1.0,2.0,3.0,0.0,4.0,1.0,6,4.8,5.0,2.0,2.0,4.0,5.0,2.0,3.0,3.0,2.0,3.0,3.0,4.0,4.0,4.0,3.0,2.0,4.0,5.0,4.0,3.0,5.0,5.0,5.0,3.0,5.0,3.0,5.0,4.0,5.0,4.0,7.0,5.0,4.0,3.0,6.0,4.0,1,0.0,0.0,4.0,1.0,4.0,1.0,3.0,5.0,5.0,4.0,3.0,3.0,2.0,3.0,2.0,3.0,4.0,0
11,0,123456,2,25,1,0,0,0,0,2,3,3,3.0,1,1.0,1.0,2.0,1.0,5.0,2.0,20,1.0,2.0,5.0,2.0,4.0,5.0,4.0,3.0,1.0,2.0,6.0,5.0,3.0,4.0,5.0,3.0,5.0,5.0,4.0,6.0,7.0,2.0,3.0,5.0,6.0,4.0,2.0,5.0,5.0,6.0,7.0,7.0,4.0,1.0,6.0,4.0,1.0,2,4.0,2.0,4.0,2.0,5.0,5.0,1.0,3.0,5.0,2.0,6.0,5.0,3.0,3.0,3.0,5.0,1.0,1
12,1,123789,2,20,1,1,0,0,0,2,1,2,1.0,1,1.0,1.0,3.0,2.0,2.0,4.0,5,45.0,3.0,8.0,3.0,4.0,5.0,4.0,6.0,4.0,3.0,5.0,5.0,3.0,5.0,3.0,3.0,5.0,2.0,2.0,4.0,6.0,3.0,6.0,6.0,3.0,4.0,5.0,5.0,5.0,5.0,3.0,5.0,4.0,5.0,6.0,4.0,1.0,4,3.0,4.0,4.0,5.0,4.0,4.0,3.0,7.0,5.0,5.0,2.0,3.0,3.0,4.0,5.0,5.0,4.0,0
13,1,1410,0,22,1,1,0,0,0,1,3,1,1.0,2,1.0,2.0,2.0,0.0,4.0,2.0,10,2.0,2.0,10.0,4.0,3.0,5.0,2.0,3.0,2.0,2.0,2.0,4.0,6.0,2.0,6.0,5.0,6.0,3.0,4.0,6.0,6.0,6.0,6.0,7.0,7.0,4.0,6.0,5.0,7.0,5.0,7.0,7.0,7.0,3.0,6.0,7.0,1.0,0,0.0,2.0,2.0,4.0,6.0,4.0,7.0,2.0,7.0,7.0,2.0,7.0,4.0,2.0,5.0,5.0,5.0,0
14,0,150386,2,34,1,1,0,1,0,1,3,3,5.0,3,2.0,1.0,1.0,0.0,4.0,0.0,2,0.0,1.0,0.0,1.0,3.0,7.0,4.0,7.0,1.0,2.0,5.0,3.0,6.0,7.0,3.0,7.0,7.0,7.0,7.0,3.0,7.0,2.0,4.0,6.0,3.0,7.0,7.0,5.0,5.0,5.0,7.0,5.0,7.0,1.0,1.0,7.0,1.0,0,3.0,0.0,1.0,1.0,1.0,5.0,4.0,5.0,5.0,5.0,3.0,5.0,3.0,2.0,4.0,4.0,1.0,0
15,1,2209,0,22,1,1,0,1,0,2,2,2,2.0,1,1.0,3.0,3.0,1.0,2.0,4.0,10,7.0,3.0,4.0,3.0,4.0,3.0,4.0,5.0,5.0,5.0,5.0,5.0,6.0,5.0,5.0,4.0,4.0,3.0,5.0,6.0,6.0,5.0,4.0,4.0,4.0,5.0,4.0,5.0,5.0,4.0,4.0,4.0,4.0,5.0,4.0,5.0,5.0,5,2.0,2.0,4.0,4.0,5.0,5.0,5.0,5.0,4.0,5.0,5.0,4.0,4.0,3.0,4.0,4.0,4.0,0
16,1,222,0,21,1,1,0,0,0,2,3,2,1.0,2,2.0,3.0,4.0,4.0,1.0,0.0,18,4.4,5.0,5.0,4.0,4.0,4.0,5.0,6.0,4.0,5.0,4.0,4.0,5.0,4.0,6.0,4.0,3.0,2.0,2.0,4.0,4.0,6.0,4.0,2.0,5.0,3.0,1.0,5.0,6.0,6.0,3.0,4.0,4.0,3.0,3.0,4.0,1.0,12,5.0,5.0,5.0,5.0,6.0,1.0,3.0,7.0,4.0,5.0,3.0,4.0,2.0,2.0,4.0,3.0,4.0,0
17,1,2222,0,20,1,1,1,0,0,1,3,2,1.0,1,2.0,1.0,2.0,2.0,4.0,3.0,10,3.0,2.0,1.0,3.0,2.0,3.0,4.0,1.0,3.0,3.0,4.0,2.0,4.0,3.0,5.0,1.0,4.0,3.0,4.0,7.0,7.0,3.0,5.0,4.0,4.0,3.0,2.0,5.0,5.0,6.0,6.0,5.0,6.0,3.0,7.0,5.0,1.0,1,1.0,2.0,5.0,3.0,2.0,6.0,4.0,3.0,6.0,5.0,1.0,5.0,3.0,3.0,3.0,4.0,3.0,0
18,1,22222,0,19,1,0,0,1,0,3,3,1,3.0,1,1.0,2.0,4.0,1.0,4.0,2.0,4,6.0,5.0,0.0,5.0,3.0,4.0,3.0,4.0,2.0,2.0,3.0,2.0,4.0,2.0,3.0,4.0,3.0,1.0,5.0,2.0,5.0,4.0,7.0,3.0,4.0,4.0,5.0,5.0,5.0,5.0,5.0,5.0,4.0,3.0,2.0,2.0,3.0,2,1.0,2.0,4.0,3.0,2.0,2.0,5.0,7.0,4.0,5.0,4.0,5.0,3.0,4.0,4.0,4.0,2.0,0
19,1,222222,0,20,0,1,0,1,0,2,1,2,1.0,1,4.0,2.0,3.0,0.0,2.0,1.0,30,0.7,3.0,6.0,2.0,4.0,4.0,4.0,4.0,4.0,4.0,4.0,4.0,4.0,4.0,4.0,4.0,4.0,4.0,4.0,4.0,4.0,4.0,4.0,4.0,4.0,4.0,4.0,5.0,4.0,4.0,4.0,4.0,4.0,4.0,4.0,4.0,3.0,2,1.0,2.0,4.0,4.0,4.0,1.0,4.0,4.0,4.0,4.0,4.0,4.0,3.0,2.0,3.0,2.0,1.0,0
20,0,3,0,24,1,1,0,0,0,1,3,3,3.0,1,5.0,1.0,1.0,0.0,5.0,3.0,0,0.0,1.0,0.0,1.0,3.0,1.0,1.0,1.0,1.0,1.0,4.0,1.0,7.0,2.0,7.0,4.0,4.0,4.0,7.0,7.0,7.0,3.0,2.0,3.0,3.0,6.0,6.0,5.0,5.0,7.0,3.0,3.0,6.0,6.0,2.0,6.0,1.0,0,0.0,0.0,1.0,1.0,1.0,1.0,4.0,3.0,2.0,1.0,7.0,1.0,3.0,1.0,1.0,1.0,1.0,0
21,1,333,0,19,1,0,0,0,0,2,3,1,2.0,1,1.0,2.0,4.0,3.0,3.0,5.0,1,18.6,3.0,4.0,2.0,4.0,3.0,3.0,3.0,1.0,2.0,3.0,2.0,4.0,1.0,3.0,2.0,6.0,6.0,5.0,4.0,5.0,2.0,4.0,5.0,4.0,6.0,3.0,1.0,5.0,5.0,5.0,5.0,3.0,1.0,2.0,4.0,1.0,4,5.0,3.0,4.0,2.0,5.0,7.0,4.0,7.0,4.0,4.0,2.0,4.0,3.0,2.0,2.0,3.0,2.0,0
22,1,3333,0,18,1,0,0,1,0,1,3,4,2.0,2,1.0,2.0,3.0,2.0,2.0,4.0,15,2.1,3.0,3.0,3.0,1.0,3.0,6.0,3.0,5.0,3.0,4.0,4.0,5.0,4.0,4.0,5.0,6.0,4.0,4.0,3.0,5.0,2.0,4.0,4.0,4.0,3.0,5.0,1.0,3.0,5.0,4.0,5.0,5.0,6.0,3.0,5.0,1.0,2,4.0,4.0,1.0,5.0,4.0,2.0,2.0,5.0,4.0,5.0,1.0,5.0,2.0,2.0,4.0,3.0,3.0,0
23,1,333333,0,18,0,1,0,0,0,1,3,1,1.0,1,2.0,2.0,2.0,1.0,4.0,3.0,16,3.3,2.0,7.0,2.0,5.0,3.0,2.0,4.0,3.0,2.0,2.0,5.0,7.0,5.0,5.0,3.0,2.0,3.0,4.0,4.0,5.0,3.0,4.0,6.0,5.0,3.0,5.0,5.0,3.0,3.0,5.0,7.0,5.0,3.0,4.0,4.0,1.0,4,2.0,1.0,4.0,5.0,3.0,2.0,2.0,5.0,1.0,2.0,3.0,4.0,5.0,3.0,3.0,1.0,4.0,0
24,1,444,0,20,1,0,0,0,0,1,3,1,2.0,1,1.0,1.0,2.0,3.0,5.0,5.0,7,8.5,1.0,4.0,2.0,3.0,4.0,3.0,5.0,4.0,1.0,4.0,6.0,3.0,3.0,4.0,5.0,4.0,4.0,5.0,4.0,5.0,3.0,3.0,5.0,4.0,4.0,5.0,5.0,4.0,6.0,5.0,4.0,3.0,3.0,5.0,3.0,7.0,8,5.0,4.0,1.0,3.0,6.0,4.0,4.0,6.0,2.0,3.0,6.0,5.0,3.0,3.0,3.0,4.0,3.0,0
25,1,4444,0,19,1,1,0,1,0,1,1,4,1.0,2,2.0,2.0,1.0,4.0,5.0,0.0,14,5.6,2.0,1.0,2.0,5.0,3.0,3.0,3.0,3.0,3.0,3.0,3.0,3.0,3.0,4.0,3.0,5.0,4.0,6.0,4.0,4.0,4.0,5.0,6.0,3.0,3.0,5.0,2.0,3.0,4.0,5.0,3.0,4.0,5.0,3.0,6.0,5.0,7,5.0,5.0,3.0,5.0,4.0,1.0,2.0,5.0,2.0,3.0,3.0,3.0,2.0,2.0,4.0,2.0,5.0,0
26,1,44444,0,19,1,0,1,0,0,2,3,1,2.0,2,1.0,4.0,5.0,3.0,2.0,4.0,10,4.1,5.0,3.0,4.0,3.0,4.0,3.0,4.0,4.0,4.0,5.0,3.0,5.0,5.0,3.0,4.0,5.0,3.0,3.0,5.0,5.0,3.0,4.0,5.0,5.0,3.0,4.0,5.0,5.0,4.0,7.0,5.0,3.0,2.0,3.0,4.0,1.0,10,5.0,3.0,4.0,5.0,3.0,5.0,1.0,6.0,1.0,4.0,1.0,5.0,1.0,2.0,2.0,3.0,2.0,0
27,1,444444,0,21,0,1,0,0,0,1,1,1,1.0,2,2.0,1.0,2.0,2.0,5.0,5.0,8,14.1,3.0,14.0,2.0,4.0,4.0,4.0,4.0,4.0,4.0,4.0,4.0,4.0,4.0,4.0,4.0,4.0,4.0,4.0,4.0,4.0,4.0,4.0,4.0,4.0,4.0,4.0,5.0,4.0,4.0,4.0,4.0,4.0,4.0,4.0,4.0,2.0,5,2.0,2.0,4.0,4.0,4.0,2.0,4.0,4.0,4.0,4.0,4.0,4.0,2.0,3.0,2.0,4.0,2.0,0
28,1,555,0,19,1,1,0,0,0,2,3,2,2.0,1,1.0,1.0,1.0,0.0,4.0,3.0,1,3.2,1.0,8.0,2.0,4.0,3.0,3.0,3.0,3.0,3.0,3.0,3.0,3.0,3.0,3.0,3.0,4.0,5.0,5.0,2.0,6.0,3.0,3.0,3.0,4.0,4.0,4.0,4.0,7.0,6.0,5.0,5.0,4.0,5.0,6.0,4.0,2.0,0,2.0,2.0,1.0,2.0,5.0,2.0,2.0,7.0,2.0,6.0,3.0,4.0,3.0,4.0,2.0,3.0,2.0,0
29,1,5555,0,21,1,0,1,0,0,2,3,4,1.0,2,1.0,3.0,5.0,1.0,4.0,2.0,18,5.9,3.0,2.0,3.0,4.0,7.0,4.0,3.0,6.0,4.0,4.0,3.0,4.0,4.0,5.0,4.0,3.0,4.0,4.0,5.0,5.0,4.0,6.0,4.0,4.0,3.0,2.0,5.0,6.0,5.0,5.0,6.0,3.0,3.0,3.0,3.0,4.0,5,2.0,1.0,4.0,2.0,4.0,7.0,4.0,5.0,3.0,6.0,3.0,5.0,3.0,3.0,2.0,4.0,1.0,0
30,1,55555,0,22,0,0,1,0,0,1,1,2,2.0,1,3.0,3.0,3.0,3.0,5.0,3.0,8,2.5,3.0,2.0,2.0,3.0,3.0,3.0,4.0,3.0,5.0,4.0,7.0,4.0,4.0,7.0,4.0,4.0,4.0,4.0,3.0,4.0,4.0,5.0,5.0,5.0,5.0,7.0,6.0,3.0,5.0,4.0,4.0,6.0,4.0,5.0,4.0,5.0,0,3.0,1.0,4.0,3.0,5.0,5.0,5.0,5.0,3.0,3.0,2.0,4.0,4.0,3.0,3.0,3.0,5.0,0
31,1,555555,0,20,0,1,0,0,0,2,3,1,2.0,2,2.0,3.0,3.0,3.0,3.0,4.0,1,16.7,3.0,2.0,4.0,5.0,4.0,2.0,3.0,3.0,6.0,5.0,4.0,6.0,5.0,2.0,4.0,5.0,4.0,5.0,4.0,3.0,3.0,2.0,6.0,6.0,4.0,2.0,5.0,5.0,7.0,7.0,4.0,5.0,6.0,4.0,2.0,1.0,5,2.0,3.0,4.0,3.0,3.0,1.0,4.0,7.0,3.0,5.0,3.0,6.0,3.0,3.0,5.0,2.0,1.0,0
32,1,666,0,20,1,0,0,0,0,2,3,2,1.0,1,1.0,1.0,1.0,1.0,5.0,2.0,1,2.2,1.0,9.0,2.0,3.0,4.0,1.0,3.0,4.0,1.0,3.0,3.0,4.0,2.0,4.0,3.0,2.0,5.0,5.0,4.0,4.0,3.0,6.0,7.0,5.0,2.0,5.0,5.0,4.0,5.0,4.0,7.0,4.0,1.0,4.0,4.0,1.0,0,0.0,0.0,3.0,3.0,3.0,1.0,2.0,7.0,3.0,5.0,5.0,4.0,5.0,3.0,2.0,3.0,2.0,0
33,1,66666,0,20,1,1,0,0,0,2,2,1,2.0,3,1.0,2.0,4.0,1.0,3.0,4.0,18,5.8,4.0,6.0,3.0,4.0,4.0,4.0,4.0,4.0,4.0,4.0,4.0,4.0,4.0,4.0,4.0,4.0,4.0,4.0,4.0,4.0,4.0,4.0,4.0,4.0,4.0,4.0,5.0,4.0,4.0,4.0,4.0,4.0,4.0,4.0,4.0,1.0,2,3.0,2.0,4.0,4.0,4.0,7.0,4.0,4.0,4.0,4.0,4.0,4.0,3.0,2.0,2.0,2.0,2.0,0
34,1,666666,0,21,1,1,0,0,0,1,3,2,,1,2.0,2.0,1.0,0.0,5.0,1.0,7,7.5,2.0,3.0,1.0,4.0,3.0,4.0,4.0,4.0,5.0,4.0,4.0,5.0,2.0,4.0,4.0,7.0,6.0,4.0,3.0,4.0,3.0,4.0,3.0,4.0,6.0,4.0,6.0,4.0,4.0,6.0,5.0,2.0,4.0,3.0,4.0,2.0,0,1.0,1.0,2.0,1.0,2.0,2.0,3.0,7.0,4.0,4.0,3.0,4.0,5.0,4.0,3.0,3.0,2.0,0
35,1,777,0,20,1,1,0,0,0,1,3,1,2.0,1,1.0,1.0,2.0,2.0,4.0,5.0,2,3.5,3.0,3.0,4.0,4.0,5.0,4.0,2.0,3.0,2.0,3.0,4.0,4.0,4.0,4.0,5.0,4.0,6.0,3.0,4.0,3.0,3.0,6.0,6.0,3.0,3.0,6.0,7.0,4.0,3.0,5.0,6.0,3.0,4.0,2.0,4.0,2.0,4,5.0,1.0,4.0,4.0,3.0,3.0,1.0,7.0,5.0,3.0,3.0,5.0,4.0,3.0,2.0,4.0,3.0,0
36,1,77777,0,20,1,1,1,0,0,2,3,1,2.0,1,1.0,3.0,4.0,2.0,2.0,4.0,24,3.2,2.0,1.0,4.0,4.0,7.0,5.0,5.0,5.0,3.0,4.0,6.0,3.0,4.0,5.0,4.0,5.0,4.0,4.0,3.0,6.0,5.0,1.0,3.0,5.0,6.0,5.0,5.0,4.0,4.0,6.0,4.0,4.0,2.0,3.0,3.0,5.0,0,1.0,3.0,2.0,2.0,3.0,7.0,2.0,6.0,2.0,3.0,2.0,4.0,3.0,4.0,3.0,3.0,3.0,0
37,1,777777,0,19,0,1,0,0,0,2,3,2,3.0,2,2.0,2.0,2.0,0.0,3.0,3.0,9,2.2,2.0,1.0,3.0,3.0,3.0,3.0,3.0,3.0,3.0,3.0,3.0,3.0,3.0,3.0,3.0,3.0,3.0,3.0,3.0,3.0,3.0,3.0,3.0,3.0,3.0,3.0,5.0,3.0,3.0,3.0,3.0,3.0,3.0,3.0,3.0,1.0,1,2.0,2.0,3.0,3.0,3.0,3.0,3.0,3.0,3.0,3.0,3.0,3.0,4.0,2.0,2.0,2.0,2.0,0
38,1,8888,0,20,1,0,1,0,0,2,3,1,2.0,1,1.0,3.0,2.0,4.0,4.0,5.0,7,6.4,4.0,3.0,4.0,4.0,4.0,3.0,4.0,3.0,3.0,3.0,4.0,4.0,5.0,3.0,4.0,6.0,6.0,6.0,2.0,4.0,5.0,5.0,4.0,3.0,6.0,5.0,5.0,4.0,4.0,2.0,5.0,3.0,4.0,4.0,4.0,3.0,2,2.0,4.0,4.0,3.0,4.0,1.0,2.0,5.0,2.0,4.0,3.0,7.0,4.0,3.0,3.0,4.0,1.0,0
39,1,88888,0,19,1,0,0,0,0,2,1,4,1.0,2,5.0,2.0,3.0,4.0,2.0,5.0,9,0.8,4.0,3.0,2.0,1.0,3.0,6.0,5.0,2.0,4.0,4.0,5.0,3.0,5.0,4.0,4.0,3.0,4.0,3.0,3.0,3.0,4.0,2.0,2.0,5.0,5.0,4.0,5.0,6.0,6.0,5.0,6.0,2.0,6.0,5.0,4.0,1.0,3,4.0,3.0,3.0,3.0,2.0,7.0,4.0,4.0,2.0,5.0,4.0,5.0,2.0,3.0,5.0,4.0,4.0,0
40,1,888888,0,19,0,1,1,1,0,2,2,1,3.0,1,2.0,1.0,2.0,2.0,4.0,0.0,15,3.4,3.0,5.0,2.0,2.0,3.0,4.0,4.0,5.0,1.0,2.0,5.0,6.0,4.0,3.0,6.0,2.0,5.0,3.0,2.0,3.0,1.0,6.0,6.0,5.0,5.0,3.0,7.0,5.0,5.0,5.0,4.0,4.0,2.0,5.0,3.0,2.0,4,4.0,5.0,7.0,3.0,4.0,2.0,4.0,5.0,1.0,5.0,3.0,7.0,4.0,3.0,1.0,2.0,2.0,0
41,1,999,0,22,1,0,0,0,0,2,3,1,1.0,2,1.0,3.0,3.0,1.0,4.0,4.0,44,6.6,2.0,20.0,4.0,3.0,3.0,4.0,4.0,4.0,3.0,4.0,6.0,6.0,4.0,3.0,5.0,4.0,5.0,3.0,4.0,5.0,3.0,5.0,4.0,5.0,4.0,4.0,4.0,4.0,4.0,6.0,4.0,3.0,3.0,5.0,3.0,4.0,0,1.0,2.0,3.0,3.0,4.0,1.0,3.0,5.0,4.0,4.0,2.0,3.0,4.0,3.0,3.0,4.0,3.0,0
42,1,9999,0,20,1,0,1,0,0,1,3,2,1.0,1,1.0,3.0,4.0,2.0,2.0,4.0,23,3.6,4.0,4.0,4.0,2.0,5.0,1.0,4.0,4.0,3.0,4.0,2.0,2.0,4.0,5.0,3.0,7.0,4.0,7.0,4.0,6.0,3.0,4.0,4.0,4.0,5.0,3.0,5.0,5.0,4.0,6.0,3.0,2.0,2.0,4.0,4.0,5.0,0,3.0,2.0,4.0,4.0,5.0,6.0,1.0,6.0,4.0,4.0,2.0,2.0,3.0,3.0,2.0,1.0,2.0,0
43,1,99999,0,20,0,1,0,0,0,1,3,4,1.0,1,2.0,3.0,4.0,1.0,1.0,3.0,8,2.2,3.0,16.0,4.0,5.0,6.0,3.0,4.0,5.0,4.0,4.0,2.0,6.0,4.0,3.0,4.0,2.0,3.0,6.0,4.0,4.0,3.0,6.0,5.0,4.0,2.0,4.0,1.0,6.0,6.0,5.0,4.0,2.0,3.0,5.0,4.0,2.0,6,4.0,4.0,1.0,4.0,2.0,3.0,1.0,4.0,2.0,3.0,4.0,3.0,4.0,3.0,5.0,4.0,3.0,0
44,1,999999,0,19,1,0,1,0,0,2,3,1,3.0,1,3.0,2.0,2.0,0.0,2.0,1.0,17,1.4,3.0,4.0,4.0,4.0,2.0,4.0,5.0,4.0,3.0,4.0,3.0,4.0,2.0,4.0,5.0,5.0,3.0,2.0,6.0,4.0,4.0,3.0,6.0,3.0,5.0,5.0,5.0,4.0,3.0,3.0,5.0,3.0,3.0,3.0,3.0,1.0,0,1.0,0.0,3.0,2.0,2.0,3.0,1.0,5.0,2.0,5.0,2.0,5.0,4.0,3.0,4.0,2.0,3.0,0
45,1,aaaa,0,18,1,1,0,0,0,2,3,2,1.0,1,1.0,4.0,4.0,4.0,5.0,5.0,8,8.6,3.0,4.0,4.0,1.0,2.0,3.0,3.0,3.0,1.0,4.0,1.0,6.0,2.0,3.0,3.0,6.0,4.0,6.0,4.0,3.0,4.0,4.0,3.0,3.0,4.0,5.0,5.0,5.0,4.0,4.0,3.0,2.0,3.0,6.0,3.0,1.0,7,5.0,5.0,4.0,5.0,6.0,3.0,4.0,5.0,3.0,5.0,3.0,5.0,4.0,3.0,3.0,3.0,2.0,0
46,1,aaaaa,0,18,1,0,1,1,0,2,3,4,2.0,1,1.0,1.0,1.0,3.0,4.0,4.0,1,2.2,1.0,7.0,1.0,2.0,3.0,3.0,4.0,2.0,3.0,2.0,3.0,3.0,2.0,3.0,3.0,7.0,4.0,3.0,3.0,6.0,5.0,4.0,4.0,3.0,4.0,3.0,5.0,3.0,2.0,4.0,5.0,7.0,4.0,4.0,4.0,1.0,1,1.0,1.0,7.0,2.0,5.0,6.0,4.0,5.0,4.0,3.0,4.0,4.0,5.0,5.0,2.0,3.0,3.0,0
47,1,aaaaaa,0,20,1,1,0,1,0,2,3,2,1.0,1,1.0,4.0,4.0,0.0,3.0,2.0,8,4.1,4.0,7.0,4.0,3.0,4.0,4.0,4.0,4.0,4.0,4.0,4.0,4.0,4.0,4.0,4.0,4.0,4.0,4.0,4.0,4.0,4.0,4.0,4.0,4.0,4.0,4.0,5.0,4.0,4.0,4.0,4.0,4.0,4.0,4.0,4.0,1.0,1,1.0,2.0,4.0,4.0,4.0,2.0,4.0,4.0,4.0,4.0,4.0,4.0,3.0,3.0,3.0,3.0,3.0,0
48,1,abc,0,20,0,0,0,1,0,1,3,2,2.0,2,4.0,2.0,3.0,3.0,4.0,0.0,21,8.3,4.0,4.0,4.0,3.0,4.0,4.0,4.0,4.0,4.0,4.0,4.0,4.0,4.0,4.0,4.0,4.0,4.0,4.0,4.0,4.0,4.0,4.0,4.0,4.0,4.0,4.0,1.0,4.0,4.0,4.0,4.0,4.0,4.0,4.0,4.0,1.0,2,5.0,2.0,4.0,4.0,4.0,1.0,4.0,4.0,4.0,4.0,4.0,4.0,4.0,3.0,4.0,2.0,3.0,0
49,1,abcd,0,21,1,0,0,0,0,3,2,1,1.0,1,1.0,2.0,3.0,2.0,5.0,5.0,17,9.9,3.0,0.0,3.0,4.0,4.0,4.0,4.0,4.0,2.0,4.0,3.0,3.0,4.0,5.0,4.0,5.0,6.0,4.0,3.0,3.0,4.0,4.0,5.0,4.0,6.0,5.0,5.0,6.0,5.0,5.0,5.0,5.0,5.0,4.0,2.0,6.0,0,4.0,5.0,1.0,2.0,3.0,7.0,5.0,5.0,3.0,4.0,2.0,5.0,4.0,4.0,3.0,4.0,2.0,0
50,1,abcde,0,20,1,1,0,0,0,1,3,1,1.0,2,1.0,3.0,2.0,4.0,3.0,4.0,19,3.3,4.0,5.0,3.0,2.0,3.0,3.0,3.0,3.0,3.0,3.0,3.0,3.0,3.0,3.0,3.0,3.0,3.0,3.0,3.0,3.0,3.0,3.0,3.0,3.0,3.0,3.0,5.0,3.0,3.0,3.0,3.0,3.0,3.0,3.0,3.0,2.0,2,1.0,3.0,3.0,3.0,3.0,3.0,3.0,3.0,3.0,3.0,3.0,3.0,4.0,3.0,5.0,4.0,5.0,0
51,1,abcdef,0,19,1,0,0,0,0,2,3,1,1.0,1,1.0,1.0,2.0,1.0,4.0,2.0,19,1.5,1.0,2.0,2.0,3.0,5.0,1.0,4.0,7.0,6.0,4.0,4.0,4.0,3.0,4.0,5.0,7.0,5.0,4.0,4.0,5.0,3.0,3.0,4.0,5.0,4.0,6.0,4.0,4.0,2.0,2.0,4.0,3.0,2.0,4.0,4.0,1.0,0,0.0,2.0,2.0,5.0,4.0,5.0,1.0,5.0,3.0,3.0,3.0,4.0,4.0,2.0,2.0,1.0,2.0,0
52,0,AG2010,2,24,0,1,1,0,0,2,3,1,3.0,1,2.0,2.0,1.0,0.0,4.0,2.0,9,3.4,1.0,5.0,1.0,3.0,4.0,4.0,3.0,5.0,3.0,3.0,4.0,4.0,5.0,2.0,5.0,7.0,5.0,4.0,3.0,3.0,2.0,5.0,6.0,2.0,5.0,6.0,1.0,6.0,6.0,5.0,3.0,5.0,4.0,5.0,4.0,1.0,1,1.0,0.0,4.0,3.0,4.0,5.0,5.0,5.0,4.0,4.0,5.0,4.0,4.0,3.0,2.0,3.0,3.0,1
53,0,AN0107,0,30,0,1,0,1,0,1,1,5,2.0,1,2.0,4.0,3.0,3.0,4.0,5.0,4,6.6,4.0,3.0,4.0,2.0,5.0,3.0,4.0,4.0,4.0,4.0,4.0,3.0,3.0,4.0,3.0,4.0,4.0,3.0,4.0,2.0,4.0,3.0,2.0,5.0,4.0,4.0,5.0,3.0,3.0,5.0,5.0,3.0,4.0,3.0,3.0,1.0,3,3.0,3.0,4.0,4.0,4.0,4.0,3.0,5.0,3.0,4.0,3.0,4.0,4.0,3.0,2.0,3.0,4.0,1
54,0,AP2408,0,28,1,1,0,1,0,2,1,2,4.0,2,2.0,2.0,2.0,0.0,5.0,1.0,10,3.4,1.0,4.0,2.0,2.0,1.0,3.0,3.0,3.0,2.0,2.0,3.0,5.0,2.0,4.0,4.0,5.0,4.0,4.0,5.0,6.0,4.0,6.0,4.0,4.0,4.0,2.0,7.0,4.0,5.0,5.0,5.0,4.0,3.0,3.0,3.0,1.0,0,0.0,0.0,3.0,1.0,3.0,2.0,3.0,7.0,1.0,2.0,5.0,4.0,4.0,3.0,2.0,2.0,3.0,1
55,0,archie,2,27,1,0,0,0,0,2,3,3,2.0,2,1.0,4.0,5.0,4.0,3.0,4.0,26,8.0,3.0,1.0,4.0,5.0,5.0,5.0,4.0,5.0,5.0,4.0,4.0,4.0,5.0,7.0,2.0,3.0,5.0,3.0,4.0,2.0,4.0,2.0,3.0,7.0,2.0,3.0,5.0,4.0,5.0,4.0,4.0,3.0,4.0,4.0,3.0,1.0,7,4.0,4.0,4.0,4.0,4.0,4.0,3.0,4.0,3.0,3.0,4.0,3.0,3.0,4.0,3.0,4.0,3.0,1
56,1,asdf,0,20,1,0,1,0,0,1,3,1,1.0,1,1.0,2.0,2.0,0.0,2.0,1.0,2,7.7,3.0,1.0,2.0,4.0,4.0,1.0,2.0,3.0,3.0,6.0,4.0,2.0,2.0,4.0,5.0,5.0,3.0,3.0,4.0,4.0,4.0,5.0,5.0,4.0,5.0,5.0,5.0,4.0,5.0,3.0,3.0,3.0,2.0,5.0,5.0,2.0,0,0.0,0.0,1.0,1.0,4.0,4.0,4.0,5.0,2.0,4.0,3.0,5.0,3.0,3.0,2.0,2.0,4.0,0
57,1,asdfgh,0,22,0,1,0,1,0,2,3,1,2.0,2,2.0,3.0,3.0,4.0,2.0,5.0,5,7.2,4.0,7.0,4.0,4.0,3.0,1.0,4.0,4.0,3.0,5.0,5.0,4.0,4.0,5.0,5.0,3.0,7.0,6.0,4.0,6.0,2.0,3.0,2.0,4.0,7.0,3.0,5.0,4.0,6.0,4.0,3.0,4.0,6.0,3.0,4.0,5.0,2,5.0,5.0,5.0,6.0,5.0,6.0,1.0,6.0,2.0,3.0,3.0,3.0,4.0,4.0,3.0,3.0,2.0,0
58,1,asdfghj,0,20,1,1,0,0,0,2,4,4,1.0,1,1.0,1.0,1.0,1.0,3.0,3.0,1,2.2,2.0,4.0,1.0,4.0,5.0,2.0,5.0,3.0,4.0,5.0,1.0,6.0,4.0,4.0,4.0,5.0,5.0,5.0,4.0,7.0,5.0,4.0,5.0,3.0,5.0,5.0,2.0,7.0,4.0,7.0,5.0,5.0,2.0,4.0,4.0,1.0,0,1.0,2.0,6.0,4.0,4.0,5.0,1.0,7.0,3.0,4.0,4.0,2.0,4.0,4.0,2.0,5.0,3.0,0
59,1,asdfghjk,0,19,1,0,1,0,0,1,1,1,1.0,1,1.0,4.0,3.0,0.0,4.0,2.0,6,4.5,4.0,7.0,3.0,2.0,3.0,3.0,3.0,3.0,3.0,3.0,3.0,3.0,3.0,3.0,3.0,3.0,3.0,3.0,3.0,3.0,3.0,3.0,3.0,3.0,3.0,3.0,5.0,3.0,3.0,3.0,3.0,3.0,3.0,3.0,3.0,1.0,2,0.0,0.0,3.0,3.0,3.0,2.0,3.0,3.0,3.0,3.0,3.0,3.0,4.0,3.0,4.0,3.0,3.0,0
60,0,BA2312,2,23,1,0,1,0,0,1,3,3,4.0,1,1.0,2.0,3.0,3.0,4.0,0.0,32,6.6,2.0,9.0,2.0,4.0,6.0,3.0,6.0,6.0,7.0,6.0,7.0,1.0,5.0,3.0,5.0,3.0,6.0,5.0,1.0,4.0,1.0,7.0,5.0,2.0,6.0,5.0,5.0,5.0,5.0,6.0,6.0,4.0,3.0,4.0,5.0,1.0,10,5.0,4.0,4.0,5.0,6.0,5.0,4.0,5.0,4.0,3.0,3.0,4.0,3.0,2.0,4.0,4.0,5.0,1
61,0,BA2609,2,26,0,1,0,0,0,2,1,3,2.0,1,2.0,4.0,3.0,2.0,2.0,3.0,9,6.0,4.0,14.0,4.0,2.0,4.0,4.0,3.0,3.0,3.0,3.0,3.0,5.0,2.0,4.0,5.0,3.0,5.0,5.0,4.0,5.0,5.0,5.0,4.0,6.0,2.0,4.0,5.0,4.0,4.0,4.0,4.0,4.0,6.0,4.0,2.0,1.0,2,1.0,3.0,1.0,2.0,5.0,3.0,3.0,5.0,2.0,2.0,4.0,4.0,3.0,4.0,3.0,4.0,2.0,1
62,0,bando1,1,24,1,0,1,1,0,2,1,1,1.0,1,3.0,,5.0,3.0,4.0,3.0,10,20.8,5.0,15.0,5.0,2.0,3.0,3.0,3.0,3.0,4.0,4.0,4.0,5.0,3.0,4.0,3.0,3.0,5.0,4.0,4.0,4.0,2.0,6.0,4.0,5.0,5.0,4.0,5.0,6.0,6.0,5.0,7.0,4.0,5.0,3.0,4.0,1.0,3,3.0,3.0,4.0,5.0,4.0,3.0,3.0,3.0,3.0,3.0,4.0,3.0,1.0,2.0,4.0,4.0,4.0,1
63,0,banv2a,1,26,0,1,0,0,0,2,3,4,3.0,3,2.0,4.0,5.0,4.0,5.0,3.0,11,8.6,3.0,21.0,4.0,3.0,7.0,5.0,4.0,4.0,7.0,5.0,5.0,4.0,4.0,3.0,5.0,6.0,5.0,2.0,4.0,5.0,3.0,5.0,5.0,3.0,4.0,3.0,5.0,4.0,5.0,5.0,4.0,7.0,6.0,6.0,6.0,2.0,5,4.0,2.0,4.0,2.0,5.0,6.0,3.0,6.0,3.0,5.0,5.0,3.0,3.0,3.0,4.0,4.0,4.0,1
64,1,bbbb,0,21,0,0,0,1,0,1,3,2,1.0,1,4.0,4.0,3.0,4.0,2.0,4.0,4,3.0,5.0,1.0,4.0,4.0,3.0,4.0,3.0,3.0,3.0,3.0,4.0,3.0,1.0,4.0,3.0,4.0,3.0,4.0,4.0,4.0,2.0,4.0,5.0,6.0,6.0,3.0,5.0,6.0,3.0,5.0,5.0,4.0,4.0,4.0,4.0,1.0,0,4.0,5.0,5.0,5.0,5.0,3.0,1.0,5.0,5.0,4.0,4.0,5.0,3.0,4.0,3.0,3.0,3.0,0
65,1,bbbbb,0,18,0,1,0,0,0,2,2,2,2.0,1,2.0,4.0,4.0,4.0,4.0,3.0,20,4.2,2.0,5.0,3.0,1.0,3.0,4.0,5.0,4.0,5.0,3.0,5.0,4.0,3.0,4.0,4.0,4.0,4.0,4.0,3.0,5.0,5.0,3.0,4.0,5.0,3.0,4.0,3.0,5.0,5.0,3.0,3.0,5.0,5.0,3.0,4.0,1.0,1,3.0,3.0,3.0,5.0,5.0,1.0,3.0,4.0,3.0,5.0,5.0,3.0,3.0,3.0,3.0,1.0,2.0,0
66,1,bbbbbb,0,21,1,1,0,0,0,2,3,1,1.0,1,2.0,3.0,2.0,4.0,4.0,0.0,5,4.7,3.0,7.0,3.0,4.0,4.0,2.0,4.0,4.0,3.0,3.0,6.0,5.0,4.0,5.0,3.0,3.0,4.0,5.0,5.0,4.0,4.0,4.0,5.0,2.0,4.0,5.0,7.0,5.0,5.0,6.0,3.0,4.0,6.0,5.0,3.0,6.0,2,5.0,5.0,7.0,3.0,5.0,3.0,3.0,7.0,3.0,4.0,5.0,4.0,4.0,5.0,2.0,3.0,2.0,0
67,0,BD2611,0,26,0,0,1,0,0,1,3,3,4.0,2,3.0,4.0,4.0,1.0,3.0,5.0,14,3.3,5.0,7.0,3.0,3.0,4.0,6.0,4.0,3.0,3.0,5.0,4.0,4.0,4.0,3.0,7.0,6.0,4.0,6.0,6.0,7.0,5.0,,6.0,4.0,5.0,4.0,5.0,4.0,4.0,4.0,4.0,6.0,5.0,5.0,5.0,1.0,3,1.0,2.0,3.0,3.0,3.0,4.0,3.0,5.0,4.0,5.0,2.0,5.0,2.0,3.0,3.0,3.0,2.0,1
68,0,bdsm01,1,24,0,0,0,1,0,2,4,1,2.0,3,4.0,1.0,1.0,2.0,2.0,2.0,3,3.2,1.0,3.0,1.0,1.0,6.0,4.0,4.0,4.0,3.0,5.0,4.0,5.0,4.0,3.0,5.0,4.0,5.0,7.0,4.0,7.0,1.0,7.0,5.0,3.0,4.0,7.0,5.0,4.0,4.0,4.0,5.0,5.0,5.0,3.0,4.0,1.0,9,1.0,2.0,1.0,3.0,4.0,4.0,2.0,6.0,2.0,4.0,6.0,3.0,3.0,3.0,2.0,4.0,3.0,1
69,0,BE1306,1,24,1,0,1,0,0,2,4,3,4.0,2,1.0,2.0,2.0,0.0,1.0,1.0,6,1.2,1.0,1.0,1.0,2.0,4.0,5.0,3.0,5.0,1.0,4.0,5.0,4.0,2.0,3.0,6.0,7.0,3.0,6.0,3.0,6.0,2.0,5.0,5.0,3.0,5.0,5.0,7.0,6.0,6.0,5.0,4.0,5.0,3.0,4.0,3.0,1.0,0,2.0,1.0,2.0,2.0,2.0,2.0,5.0,5.0,3.0,4.0,6.0,3.0,4.0,4.0,2.0,2.0,2.0,1
70,1,BE2603,1,18,1,0,0,0,0,2,3,1,2.0,1,1.0,3.0,3.0,3.0,1.0,0.0,22,2.6,3.0,5.0,4.0,3.0,5.0,5.0,6.0,4.0,4.0,3.0,5.0,3.0,6.0,1.0,6.0,7.0,5.0,6.0,1.0,5.0,2.0,5.0,5.0,2.0,5.0,7.0,5.0,5.0,5.0,6.0,4.0,4.0,4.0,4.0,5.0,1.0,5,5.0,4.0,6.0,6.0,5.0,5.0,4.0,6.0,3.0,4.0,3.0,4.0,3.0,3.0,3.0,3.0,4.0,0
71,1,BH2005,2,23,1,1,0,0,0,1,3,2,1.0,1,2.0,2.0,2.0,2.0,3.0,2.0,2,1.0,4.0,3.0,2.0,2.0,6.0,5.0,5.0,6.0,5.0,4.0,3.0,5.0,3.0,6.0,4.0,6.0,2.0,4.0,3.0,4.0,3.0,5.0,3.0,5.0,3.0,5.0,3.0,5.0,4.0,6.0,4.0,6.0,3.0,6.0,5.0,4.0,1,1.0,1.0,3.0,5.0,6.0,4.0,5.0,4.0,6.0,4.0,6.0,4.0,5.0,3.0,4.0,3.0,4.0,0
72,1,BH3108,2,22,1,0,0,0,0,1,3,2,1.0,1,1.0,1.0,1.0,0.0,1.0,0.0,2,510.0,1.0,2.0,1.0,3.0,1.0,1.0,1.0,1.0,1.0,4.0,1.0,7.0,4.0,6.0,4.0,2.0,4.0,1.0,4.0,2.0,4.0,4.0,5.0,5.0,4.0,2.0,5.0,4.0,4.0,6.0,7.0,5.0,7.0,7.0,7.0,1.0,0,0.0,0.0,2.0,2.0,5.0,2.0,5.0,4.0,6.0,4.0,4.0,2.0,4.0,3.0,3.0,3.0,3.0,0
73,0,BI1507,2,31,1,0,0,0,0,2,1,3,5.0,2,5.0,4.0,4.0,1.0,2.0,3.0,14,8.4,4.0,4.0,4.0,4.0,3.0,3.0,3.0,4.0,2.0,4.0,2.0,5.0,4.0,3.0,5.0,7.0,4.0,4.0,3.0,6.0,1.0,4.0,4.0,5.0,6.0,4.0,5.0,2.0,2.0,4.0,3.0,5.0,3.0,2.0,5.0,1.0,5,2.0,2.0,4.0,3.0,3.0,2.0,3.0,5.0,4.0,5.0,3.0,7.0,4.0,3.0,4.0,4.0,4.0,1
74,0,BJ1608,1,29,1,0,1,0,0,2,3,4,1.0,1,1.0,1.0,1.0,0.0,4.0,1.0,5,1.5,1.0,2.0,1.0,2.0,4.0,3.0,4.0,2.0,4.0,4.0,3.0,4.0,5.0,3.0,6.0,4.0,3.0,5.0,4.0,3.0,4.0,6.0,4.0,4.0,4.0,3.0,5.0,2.0,2.0,3.0,2.0,3.0,3.0,5.0,4.0,1.0,1,0.0,0.0,2.0,1.0,2.0,4.0,4.0,3.0,4.0,4.0,4.0,4.0,2.0,2.0,3.0,2.0,1.0,1
75,0,BO0804,2,29,1,1,0,0,0,2,3,3,5.0,2,1.0,4.0,4.0,1.0,4.0,3.0,20,2.2,4.0,3.0,4.0,3.0,5.0,3.0,4.0,4.0,4.0,5.0,3.0,4.0,5.0,2.0,4.0,7.0,4.0,7.0,2.0,6.0,2.0,6.0,5.0,4.0,6.0,4.0,5.0,5.0,4.0,6.0,5.0,5.0,6.0,6.0,5.0,2.0,1,1.0,1.0,3.0,2.0,3.0,4.0,6.0,3.0,5.0,4.0,3.0,5.0,5.0,4.0,4.0,4.0,5.0,1
76,1,CA0402,1,25,1,1,0,0,0,2,3,3,4.0,2,2.0,2.0,2.0,1.0,2.0,3.0,6,2.0,2.0,5.0,2.0,3.0,5.0,2.0,2.0,2.0,2.0,2.0,2.0,6.0,2.0,2.0,5.0,4.0,3.0,3.0,6.0,7.0,3.0,5.0,6.0,4.0,5.0,5.0,5.0,5.0,5.0,4.0,6.0,6.0,6.0,6.0,6.0,6.0,1,2.0,2.0,3.0,4.0,4.0,4.0,3.0,6.0,5.0,2.0,6.0,4.0,4.0,4.0,3.0,3.0,4.0,0
77,0,CA2501,0,34,1,1,1,0,0,2,1,2,3.0,1,2.0,2.0,2.0,4.0,4.0,5.0,3,1.3,2.0,2.0,1.0,3.0,6.0,4.0,5.0,3.0,5.0,4.0,6.0,4.0,3.0,1.0,7.0,6.0,3.0,7.0,4.0,4.0,3.0,6.0,6.0,3.0,6.0,5.0,5.0,3.0,4.0,5.0,4.0,3.0,4.0,4.0,3.0,2.0,2,4.0,4.0,4.0,4.0,5.0,5.0,6.0,4.0,5.0,2.0,5.0,2.0,3.0,4.0,2.0,2.0,2.0,1
78,0,CB1494,2,32,0,1,0,1,0,1,3,3,3.0,1,2.0,1.0,1.0,1.0,5.0,3.0,1,0.2,1.0,3.0,2.0,3.0,1.0,1.0,1.0,1.0,1.0,2.0,1.0,6.0,1.0,6.0,1.0,4.0,1.0,5.0,6.0,2.0,6.0,1.0,2.0,7.0,4.0,1.0,2.0,2.0,2.0,1.0,1.0,5.0,2.0,3.0,4.0,1.0,0,0.0,0.0,1.0,1.0,1.0,1.0,5.0,5.0,7.0,7.0,7.0,7.0,3.0,3.0,1.0,1.0,1.0,0
79,0,CC2003,2,23,1,0,0,0,0,2,3,4,2.0,1,1.0,1.0,1.0,0.0,5.0,0.0,10,0.0,1.0,0.0,2.0,3.0,3.0,3.0,3.0,3.0,3.0,3.0,3.0,3.0,3.0,4.0,3.0,4.0,4.0,3.0,3.0,4.0,3.0,4.0,3.0,3.0,4.0,3.0,5.0,3.0,3.0,5.0,5.0,4.0,3.0,3.0,3.0,1.0,0,0.0,0.0,1.0,1.0,1.0,3.0,5.0,3.0,5.0,5.0,2.0,5.0,4.0,2.0,2.0,2.0,2.0,0
80,1,cccc,0,20,1,1,0,0,0,1,1,1,1.0,2,2.0,3.0,3.0,1.0,5.0,2.0,13,11.3,3.0,2.0,3.0,2.0,3.0,3.0,3.0,3.0,3.0,3.0,3.0,3.0,3.0,3.0,3.0,3.0,3.0,3.0,3.0,3.0,3.0,3.0,3.0,3.0,3.0,3.0,1.0,3.0,3.0,3.0,3.0,3.0,3.0,3.0,3.0,1.0,5,3.0,3.0,3.0,3.0,3.0,3.0,3.0,3.0,3.0,3.0,3.0,3.0,4.0,3.0,4.0,2.0,2.0,0
81,1,ccccc,0,22,1,0,1,0,0,2,3,2,1.0,1,3.0,2.0,3.0,2.0,4.0,4.0,23,4.6,3.0,3.0,4.0,4.0,2.0,3.0,5.0,6.0,5.0,5.0,2.0,3.0,5.0,2.0,5.0,5.0,5.0,4.0,1.0,7.0,5.0,3.0,4.0,3.0,5.0,5.0,5.0,3.0,3.0,6.0,5.0,3.0,5.0,2.0,3.0,5.0,2,3.0,3.0,2.0,4.0,4.0,1.0,2.0,5.0,3.0,5.0,2.0,5.0,4.0,2.0,3.0,2.0,3.0,0
82,1,cccccc,0,18,1,0,0,0,0,2,3,1,,2,1.0,2.0,2.0,1.0,2.0,2.0,28,8.7,1.0,2.0,4.0,2.0,4.0,7.0,3.0,6.0,6.0,4.0,6.0,5.0,7.0,4.0,4.0,5.0,3.0,6.0,3.0,6.0,2.0,4.0,3.0,4.0,6.0,4.0,5.0,6.0,6.0,6.0,5.0,3.0,2.0,4.0,2.0,2.0,0,0.0,3.0,4.0,1.0,3.0,1.0,3.0,5.0,2.0,3.0,2.0,5.0,5.0,4.0,2.0,2.0,2.0,0
83,0,CE0205,0,23,1,0,0,1,0,1,3,2,5.0,2,1.0,,4.0,4.0,5.0,0.0,0,18.1,4.0,4.0,5.0,3.0,5.0,5.0,2.0,4.0,6.0,5.0,6.0,3.0,4.0,3.0,7.0,7.0,6.0,5.0,2.0,7.0,3.0,7.0,6.0,1.0,7.0,6.0,1.0,6.0,7.0,7.0,6.0,4.0,4.0,6.0,6.0,1.0,5,4.0,5.0,6.0,4.0,4.0,5.0,5.0,4.0,5.0,5.0,4.0,4.0,5.0,4.0,3.0,2.0,3.0,1
84,0,CF0809,2,31,1,0,0,0,0,2,3,1,2.0,4,5.0,2.0,1.0,0.0,1.0,2.0,1,5.6,2.0,4.0,1.0,4.0,5.0,3.0,4.0,3.0,,3.0,3.0,4.0,3.0,3.0,3.0,3.0,4.0,2.0,4.0,5.0,3.0,4.0,5.0,,5.0,4.0,5.0,4.0,4.0,5.0,4.0,5.0,6.0,6.0,6.0,1.0,0,2.0,0.0,3.0,3.0,4.0,3.0,4.0,6.0,3.0,5.0,3.0,4.0,3.0,3.0,3.0,4.0,1.0,1
85,1,chan,0,19,1,0,0,0,0,2,2,1,2.0,1,1.0,1.0,1.0,2.0,2.0,5.0,4,1.9,1.0,1.0,3.0,4.0,4.0,1.0,4.0,4.0,3.0,3.0,3.0,5.0,4.0,3.0,3.0,5.0,3.0,6.0,2.0,3.0,3.0,6.0,6.0,2.0,5.0,7.0,5.0,3.0,2.0,4.0,5.0,4.0,7.0,4.0,2.0,5.0,1,4.0,5.0,3.0,5.0,3.0,3.0,3.0,7.0,4.0,6.0,2.0,5.0,5.0,4.0,3.0,2.0,3.0,0
86,1,chanq,0,19,1,0,0,1,0,1,3,4,1.0,1,1.0,2.0,1.0,2.0,1.0,4.0,6,2.8,1.0,5.0,2.0,2.0,5.0,3.0,4.0,2.0,2.0,5.0,3.0,6.0,4.0,4.0,3.0,7.0,3.0,7.0,3.0,5.0,4.0,4.0,6.0,2.0,6.0,3.0,1.0,4.0,5.0,4.0,4.0,5.0,4.0,5.0,5.0,1.0,5,2.0,5.0,3.0,4.0,5.0,2.0,4.0,4.0,3.0,4.0,3.0,5.0,5.0,1.0,2.0,2.0,4.0,0
87,1,chanqua,0,20,0,0,0,1,0,3,3,1,1.0,1,4.0,4.0,5.0,2.0,3.0,4.0,7,13.3,5.0,7.0,4.0,3.0,3.0,3.0,3.0,3.0,3.0,3.0,3.0,3.0,3.0,3.0,3.0,3.0,3.0,3.0,3.0,3.0,3.0,3.0,3.0,3.0,3.0,3.0,4.0,3.0,3.0,3.0,3.0,3.0,3.0,3.0,3.0,1.0,8,2.0,5.0,3.0,3.0,3.0,3.0,3.0,3.0,3.0,3.0,3.0,3.0,4.0,4.0,4.0,3.0,1.0,0
88,0,check1,1,29,1,0,1,0,0,2,3,4,5.0,2,1.0,4.0,4.0,2.0,3.0,3.0,11,12.5,4.0,9.0,4.0,2.0,6.0,5.0,3.0,5.0,4.0,3.0,3.0,2.0,3.0,4.0,6.0,4.0,4.0,4.0,4.0,6.0,2.0,4.0,5.0,3.0,5.0,3.0,5.0,5.0,5.0,5.0,6.0,4.0,4.0,4.0,5.0,1.0,2,1.0,3.0,3.0,5.0,4.0,4.0,3.0,5.0,4.0,1.0,5.0,3.0,4.0,3.0,4.0,4.0,4.0,1
89,0,chot99,1,28,1,1,0,1,0,1,4,2,6.0,1,2.0,3.0,3.0,1.0,5.0,4.0,10,6.1,2.0,3.0,3.0,3.0,6.0,5.0,5.0,5.0,4.0,5.0,5.0,4.0,4.0,4.0,6.0,4.0,6.0,6.0,3.0,7.0,4.0,6.0,7.0,2.0,5.0,5.0,5.0,4.0,4.0,5.0,5.0,6.0,4.0,4.0,5.0,1.0,1,4.0,5.0,6.0,5.0,4.0,5.0,3.0,5.0,3.0,5.0,3.0,4.0,5.0,3.0,2.0,3.0,1.0,1
90,0,chyen2,1,25,0,1,0,0,0,1,3,2,2.0,3,2.0,2.0,1.0,4.0,4.0,0.0,1,4.6,1.0,1.0,2.0,3.0,4.0,2.0,2.0,1.0,2.0,3.0,2.0,4.0,3.0,5.0,5.0,4.0,3.0,4.0,5.0,5.0,1.0,4.0,4.0,4.0,4.0,5.0,5.0,5.0,6.0,6.0,6.0,3.0,4.0,3.0,5.0,1.0,2,5.0,5.0,6.0,4.0,6.0,2.0,4.0,4.0,4.0,4.0,4.0,4.0,3.0,3.0,2.0,2.0,2.0,1
91,1,chán,0,19,1,0,0,0,0,2,3,1,1.0,1,1.0,3.0,3.0,4.0,5.0,5.0,2,4.6,2.0,0.0,4.0,1.0,4.0,5.0,5.0,4.0,5.0,4.0,4.0,4.0,5.0,4.0,3.0,3.0,5.0,4.0,3.0,6.0,3.0,4.0,5.0,6.0,4.0,4.0,5.0,5.0,6.0,6.0,4.0,4.0,2.0,4.0,2.0,1.0,7,5.0,2.0,5.0,6.0,6.0,7.0,5.0,4.0,3.0,5.0,3.0,4.0,4.0,3.0,4.0,3.0,2.0,0
92,0,CJ1609,1,25,1,0,1,0,0,2,4,3,3.0,2,1.0,1.0,1.0,2.0,4.0,5.0,6,2.8,1.0,0.0,1.0,4.0,6.0,4.0,4.0,5.0,5.0,5.0,5.0,5.0,6.0,2.0,6.0,6.0,4.0,4.0,2.0,6.0,2.0,6.0,4.0,4.0,6.0,7.0,5.0,5.0,4.0,4.0,4.0,4.0,4.0,3.0,5.0,1.0,3,2.0,5.0,4.0,4.0,4.0,5.0,4.0,4.0,5.0,3.0,6.0,3.0,3.0,3.0,3.0,2.0,2.0,1
93,0,CM1998,2,26,1,1,1,0,0,2,4,3,4.0,2,1.0,2.0,1.0,1.0,4.0,2.0,8,0.5,1.0,6.0,4.0,2.0,3.0,3.0,3.0,3.0,3.0,4.0,4.0,6.0,2.0,5.0,3.0,2.0,3.0,3.0,6.0,2.0,4.0,3.0,3.0,5.0,3.0,2.0,5.0,4.0,5.0,6.0,5.0,2.0,3.0,3.0,4.0,1.0,0,0.0,0.0,1.0,1.0,1.0,3.0,5.0,2.0,5.0,4.0,3.0,5.0,4.0,4.0,2.0,2.0,2.0,0
94,0,CO0405,2,26,0,0,0,1,0,2,3,3,4.0,4,4.0,3.0,3.0,3.0,4.0,4.0,26,9.1,3.0,3.0,3.0,3.0,4.0,4.0,5.0,3.0,5.0,4.0,3.0,4.0,3.0,4.0,5.0,7.0,5.0,5.0,2.0,4.0,3.0,6.0,6.0,3.0,5.0,5.0,5.0,7.0,6.0,3.0,4.0,3.0,4.0,4.0,1.0,1.0,1,2.0,2.0,4.0,4.0,5.0,4.0,2.0,5.0,4.0,4.0,2.0,4.0,4.0,4.0,3.0,3.0,2.0,1
95,0,CO1908,2,26,1,0,0,0,0,2,3,3,3.0,1,1.0,2.0,1.0,1.0,3.0,4.0,8,4.0,2.0,6.0,1.0,5.0,5.0,4.0,6.0,5.0,5.0,5.0,7.0,3.0,4.0,1.0,4.0,6.0,6.0,7.0,4.0,7.0,3.0,5.0,5.0,3.0,6.0,5.0,5.0,4.0,4.0,4.0,2.0,5.0,5.0,4.0,5.0,7.0,6,4.0,4.0,5.0,3.0,5.0,5.0,4.0,3.0,7.0,3.0,5.0,4.0,3.0,4.0,2.0,4.0,4.0,1
96,0,copy01,2,30,0,1,0,1,0,2,3,2,1.0,1,2.0,4.0,3.0,2.0,2.0,2.0,5,4.4,4.0,8.0,4.0,5.0,3.0,2.0,3.0,3.0,4.0,5.0,3.0,5.0,2.0,3.0,7.0,5.0,7.0,6.0,3.0,6.0,3.0,6.0,6.0,4.0,5.0,5.0,5.0,3.0,5.0,5.0,3.0,2.0,1.0,4.0,4.0,1.0,1,0.0,1.0,2.0,3.0,2.0,3.0,4.0,5.0,3.0,3.0,3.0,5.0,3.0,4.0,2.0,2.0,1.0,1
97,1,CZ0203,1,21,1,0,0,1,0,2,3,2,3.0,3,1.0,3.0,2.0,4.0,3.0,5.0,26,3.7,2.0,9.0,2.0,2.0,5.0,4.0,4.0,5.0,3.0,4.0,4.0,7.0,6.0,6.0,5.0,3.0,1.0,3.0,6.0,2.0,4.0,5.0,2.0,4.0,1.0,5.0,5.0,5.0,5.0,6.0,4.0,4.0,4.0,4.0,4.0,1.0,5,3.0,4.0,3.0,4.0,6.0,4.0,5.0,4.0,4.0,5.0,4.0,6.0,4.0,2.0,3.0,3.0,5.0,0
98,1,da,0,21,1,1,1,0,0,1,1,2,3.0,3,1.0,1.0,2.0,1.0,4.0,3.0,9,1.7,2.0,1.0,1.0,4.0,5.0,5.0,5.0,5.0,5.0,5.0,5.0,5.0,5.0,3.0,5.0,5.0,5.0,4.0,3.0,4.0,4.0,6.0,3.0,3.0,6.0,5.0,6.0,5.0,6.0,4.0,6.0,5.0,2.0,3.0,3.0,1.0,1,2.0,1.0,2.0,3.0,3.0,3.0,1.0,5.0,3.0,2.0,4.0,4.0,4.0,3.0,2.0,2.0,2.0,0
99,1,daaa,0,18,1,1,0,0,0,1,2,1,3.0,2,1.0,1.0,1.0,3.0,5.0,4.0,7,0.3,1.0,6.0,2.0,2.0,3.0,3.0,3.0,3.0,3.0,3.0,3.0,3.0,3.0,3.0,3.0,3.0,3.0,3.0,3.0,3.0,3.0,3.0,3.0,3.0,3.0,3.0,5.0,3.0,3.0,3.0,3.0,3.0,3.0,3.0,3.0,6.0,1,2.0,3.0,3.0,3.0,3.0,5.0,3.0,3.0,3.0,3.0,3.0,3.0,3.0,3.0,3.0,1.0,3.0,0
100,0,DD0416,2,29,1,1,0,0,0,2,4,3,5.0,1,2.0,2.0,2.0,1.0,4.0,4.0,10,3.0,3.0,6.0,4.0,3.0,5.0,4.0,4.0,3.0,3.0,6.0,5.0,3.0,6.0,5.0,4.0,2.0,2.0,3.0,5.0,3.0,5.0,3.0,3.0,6.0,5.0,3.0,5.0,6.0,5.0,5.0,5.0,4.0,3.0,2.0,4.0,1.0,2,2.0,2.0,3.0,4.0,5.0,4.0,6.0,2.0,5.0,3.0,5.0,4.0,4.0,2.0,2.0,2.0,1.0,1
101,1,dddd,0,22,1,0,0,0,0,1,3,1,1.0,2,1.0,2.0,2.0,1.0,3.0,1.0,0,11.6,5.0,8.0,2.0,4.0,4.0,4.0,4.0,4.0,4.0,4.0,4.0,4.0,4.0,4.0,4.0,4.0,4.0,4.0,4.0,4.0,4.0,4.0,4.0,4.0,4.0,4.0,5.0,4.0,4.0,4.0,4.0,4.0,4.0,4.0,4.0,6.0,0,0.0,0.0,4.0,4.0,4.0,1.0,4.0,4.0,4.0,4.0,4.0,4.0,1.0,1.0,2.0,4.0,3.0,0
102,1,ddddd,0,19,0,0,1,0,0,2,1,2,2.0,1,3.0,3.0,3.0,2.0,3.0,3.0,4,17.4,5.0,6.0,3.0,2.0,3.0,3.0,3.0,3.0,3.0,3.0,3.0,3.0,3.0,3.0,3.0,3.0,3.0,3.0,3.0,3.0,3.0,3.0,3.0,3.0,3.0,3.0,4.0,3.0,3.0,3.0,3.0,3.0,3.0,3.0,3.0,1.0,3,3.0,1.0,3.0,3.0,3.0,3.0,3.0,3.0,3.0,3.0,3.0,3.0,5.0,3.0,1.0,4.0,1.0,0
103,1,dddddd,0,20,1,1,0,1,0,1,3,4,1.0,1,1.0,2.0,2.0,3.0,2.0,3.0,17,0.8,3.0,7.0,2.0,2.0,5.0,5.0,5.0,5.0,5.0,5.0,5.0,5.0,5.0,5.0,5.0,5.0,5.0,5.0,5.0,5.0,5.0,5.0,5.0,5.0,5.0,5.0,5.0,5.0,5.0,5.0,5.0,5.0,5.0,5.0,5.0,7.0,6,3.0,5.0,5.0,5.0,5.0,5.0,5.0,5.0,5.0,5.0,5.0,5.0,4.0,4.0,2.0,3.0,5.0,0
104,0,DI0302,2,25,1,0,1,0,0,2,1,3,1.0,2,1.0,3.0,2.0,3.0,5.0,5.0,10,5.0,2.0,3.0,4.0,4.0,4.0,5.0,3.0,5.0,4.0,5.0,3.0,4.0,3.0,4.0,3.0,6.0,4.0,2.0,4.0,4.0,4.0,5.0,5.0,4.0,4.0,6.0,5.0,4.0,5.0,7.0,4.0,4.0,3.0,2.0,3.0,2.0,0,4.0,3.0,5.0,4.0,4.0,5.0,2.0,5.0,4.0,1.0,6.0,3.0,3.0,3.0,3.0,2.0,3.0,1
105,1,diii,0,22,1,1,0,0,0,1,3,1,1.0,2,1.0,1.0,2.0,0.0,3.0,2.0,5,16.6,2.0,3.0,2.0,2.0,4.0,5.0,4.0,5.0,4.0,4.0,3.0,5.0,3.0,5.0,3.0,6.0,4.0,4.0,3.0,5.0,2.0,4.0,4.0,5.0,5.0,3.0,5.0,2.0,4.0,3.0,3.0,3.0,3.0,3.0,3.0,1.0,2,0.0,3.0,2.0,4.0,4.0,7.0,3.0,7.0,2.0,3.0,3.0,3.0,3.0,3.0,1.0,1.0,3.0,0
106,0,DN2605,0,31,1,0,0,0,0,2,3,3,3.0,3,1.0,3.0,2.0,1.0,4.0,4.0,3,5.7,3.0,2.0,3.0,2.0,2.0,3.0,3.0,3.0,2.0,4.0,4.0,5.0,3.0,4.0,4.0,4.0,3.0,6.0,2.0,5.0,4.0,4.0,4.0,2.0,5.0,3.0,5.0,5.0,6.0,6.0,4.0,5.0,2.0,3.0,3.0,2.0,7,3.0,2.0,5.0,5.0,4.0,3.0,5.0,3.0,4.0,3.0,5.0,3.0,4.0,3.0,2.0,2.0,2.0,1
107,0,DO0712,1,31,0,1,0,0,0,1,3,3,4.0,1,2.0,4.0,5.0,3.0,2.0,3.0,6,2.8,4.0,1.0,4.0,4.0,5.0,5.0,5.0,5.0,5.0,6.0,7.0,2.0,4.0,2.0,5.0,7.0,6.0,6.0,3.0,3.0,2.0,4.0,5.0,3.0,7.0,7.0,5.0,6.0,6.0,4.0,6.0,6.0,6.0,5.0,4.0,1.0,8,3.0,5.0,4.0,3.0,4.0,5.0,4.0,7.0,1.0,4.0,5.0,6.0,4.0,3.0,2.0,3.0,2.0,1
108,0,doneV3,1,24,0,1,1,0,0,1,2,1,5.0,2,2.0,2.0,1.0,0.0,3.0,1.0,6,2.0,2.0,4.0,1.0,5.0,2.0,1.0,2.0,1.0,2.0,3.0,3.0,5.0,3.0,5.0,3.0,2.0,3.0,4.0,5.0,4.0,6.0,1.0,5.0,6.0,2.0,4.0,5.0,4.0,5.0,6.0,5.0,4.0,1.0,1.0,4.0,1.0,1,0.0,0.0,1.0,1.0,3.0,1.0,3.0,1.0,5.0,3.0,3.0,5.0,5.0,4.0,3.0,2.0,3.0,1
109,0,DP2410,2,27,1,1,0,0,0,2,1,4,2.0,3,1.0,,5.0,3.0,2.0,4.0,19,9.5,4.0,0.0,5.0,4.0,4.0,5.0,4.0,5.0,5.0,5.0,5.0,3.0,5.0,5.0,3.0,3.0,3.0,2.0,4.0,2.0,6.0,4.0,3.0,5.0,3.0,4.0,5.0,6.0,4.0,5.0,4.0,7.0,4.0,6.0,6.0,1.0,2,1.0,4.0,6.0,3.0,3.0,5.0,3.0,6.0,4.0,4.0,3.0,5.0,4.0,4.0,5.0,4.0,4.0,1
110,0,DP3112,2,22,1,0,0,0,0,3,2,5,2.0,1,1.0,1.0,2.0,0.0,1.0,1.0,1,1020.0,2.0,1.0,3.0,3.0,7.0,4.0,4.0,1.0,4.0,1.0,5.0,1.0,7.0,1.0,7.0,4.0,5.0,5.0,6.0,7.0,1.0,7.0,7.0,4.0,5.0,6.0,5.0,3.0,3.0,7.0,7.0,3.0,6.0,5.0,5.0,1.0,1,5.0,2.0,7.0,5.0,7.0,7.0,7.0,4.0,7.0,6.0,1.0,5.0,4.0,4.0,4.0,3.0,3.0,0
111,0,draft1,2,24,1,1,0,1,0,2,4,4,3.0,1,1.0,,5.0,4.0,4.0,0.0,31,9.9,5.0,4.0,5.0,4.0,4.0,3.0,3.0,4.0,3.0,4.0,6.0,4.0,3.0,4.0,2.0,5.0,3.0,4.0,5.0,4.0,6.0,3.0,4.0,6.0,5.0,4.0,5.0,5.0,5.0,4.0,5.0,5.0,4.0,5.0,4.0,1.0,3,5.0,5.0,6.0,6.0,6.0,4.0,5.0,4.0,3.0,4.0,5.0,3.0,4.0,3.0,4.0,5.0,5.0,1
112,0,DS1611,1,23,1,0,0,1,0,2,2,3,3.0,1,1.0,4.0,4.0,4.0,4.0,4.0,18,3.3,4.0,5.0,3.0,5.0,2.0,3.0,1.0,3.0,4.0,3.0,2.0,4.0,3.0,4.0,5.0,4.0,5.0,4.0,5.0,5.0,3.0,3.0,3.0,5.0,4.0,6.0,5.0,3.0,3.0,3.0,5.0,3.0,3.0,3.0,3.0,2.0,6,3.0,4.0,2.0,5.0,5.0,4.0,4.0,5.0,4.0,2.0,5.0,2.0,3.0,3.0,3.0,3.0,2.0,1
113,0,DU0201,2,27,1,0,1,0,0,2,3,3,6.0,3,3.0,2.0,1.0,3.0,4.0,4.0,7,3.4,2.0,3.0,2.0,3.0,4.0,3.0,4.0,2.0,4.0,5.0,5.0,5.0,3.0,4.0,3.0,5.0,3.0,4.0,4.0,4.0,2.0,4.0,4.0,3.0,5.0,4.0,5.0,4.0,5.0,5.0,5.0,4.0,3.0,2.0,5.0,1.0,0,2.0,3.0,3.0,3.0,4.0,3.0,6.0,3.0,6.0,6.0,3.0,5.0,3.0,3.0,3.0,4.0,5.0,1
114,0,DU0212,1,28,0,1,1,1,0,2,2,3,3.0,1,2.0,,4.0,4.0,3.0,0.0,7,16.4,5.0,15.0,5.0,2.0,5.0,2.0,4.0,5.0,5.0,3.0,3.0,3.0,3.0,3.0,6.0,4.0,5.0,5.0,3.0,4.0,3.0,4.0,4.0,4.0,5.0,6.0,5.0,5.0,5.0,6.0,6.0,3.0,4.0,4.0,4.0,1.0,7,5.0,5.0,5.0,6.0,5.0,3.0,5.0,2.0,4.0,4.0,5.0,3.0,4.0,3.0,2.0,2.0,3.0,1
115,0,DU1407,1,26,0,1,1,0,0,2,3,3,4.0,3,3.0,2.0,1.0,2.0,2.0,5.0,4,3.7,2.0,1.0,1.0,3.0,3.0,5.0,6.0,5.0,5.0,5.0,5.0,3.0,5.0,2.0,4.0,4.0,7.0,5.0,2.0,6.0,4.0,6.0,3.0,2.0,5.0,5.0,5.0,3.0,2.0,3.0,3.0,4.0,5.0,4.0,3.0,1.0,1,3.0,3.0,3.0,6.0,4.0,4.0,5.0,3.0,4.0,5.0,2.0,5.0,4.0,4.0,3.0,4.0,3.0,1
116,1,duoc,0,20,0,1,0,1,0,3,4,1,1.0,1,2.0,4.0,5.0,1.0,1.0,3.0,40,9.4,5.0,5.0,4.0,4.0,5.0,3.0,5.0,4.0,4.0,3.0,7.0,3.0,4.0,5.0,5.0,4.0,4.0,5.0,4.0,6.0,4.0,6.0,7.0,6.0,5.0,5.0,3.0,6.0,6.0,6.0,5.0,4.0,4.0,5.0,4.0,1.0,1,3.0,3.0,6.0,5.0,7.0,4.0,3.0,6.0,2.0,3.0,2.0,3.0,3.0,3.0,3.0,4.0,3.0,0
117,1,duocc,0,20,1,0,0,1,0,2,1,2,2.0,1,1.0,2.0,3.0,2.0,5.0,3.0,13,5.2,2.0,7.0,2.0,3.0,4.0,4.0,1.0,1.0,6.0,4.0,5.0,3.0,3.0,1.0,4.0,5.0,3.0,3.0,3.0,5.0,7.0,6.0,4.0,6.0,5.0,4.0,1.0,4.0,5.0,4.0,5.0,2.0,3.0,3.0,2.0,6.0,2,2.0,1.0,7.0,4.0,2.0,1.0,4.0,6.0,4.0,5.0,3.0,3.0,3.0,2.0,3.0,3.0,1.0,0
118,1,duoccc,0,21,1,0,0,0,0,2,3,1,1.0,1,1.0,2.0,4.0,3.0,5.0,4.0,25,2.6,4.0,5.0,3.0,3.0,5.0,3.0,2.0,6.0,4.0,5.0,3.0,2.0,4.0,2.0,3.0,3.0,4.0,6.0,3.0,1.0,3.0,5.0,6.0,3.0,4.0,3.0,5.0,3.0,4.0,5.0,4.0,3.0,3.0,5.0,3.0,4.0,6,3.0,5.0,5.0,3.0,3.0,4.0,4.0,7.0,5.0,6.0,4.0,3.0,3.0,3.0,3.0,1.0,1.0,0
119,0,duyetA,1,27,1,0,0,0,0,1,3,2,2.0,1,1.0,4.0,4.0,3.0,1.0,1.0,28,8.5,3.0,0.0,4.0,3.0,6.0,4.0,4.0,7.0,5.0,6.0,4.0,4.0,3.0,2.0,5.0,6.0,4.0,6.0,3.0,5.0,1.0,6.0,7.0,3.0,5.0,5.0,5.0,5.0,6.0,6.0,5.0,5.0,5.0,6.0,6.0,1.0,0,2.0,2.0,3.0,2.0,5.0,5.0,1.0,6.0,3.0,4.0,4.0,4.0,3.0,2.0,4.0,4.0,4.0,1
120,1,DV1511,1,19,1,1,0,1,0,1,2,1,,3,2.0,2.0,3.0,3.0,5.0,3.0,21,2.6,4.0,4.0,3.0,1.0,5.0,6.0,5.0,5.0,3.0,3.0,5.0,4.0,4.0,4.0,3.0,1.0,3.0,5.0,5.0,5.0,3.0,2.0,6.0,5.0,3.0,3.0,5.0,4.0,4.0,4.0,5.0,5.0,5.0,3.0,5.0,1.0,2,2.0,1.0,2.0,3.0,3.0,4.0,2.0,5.0,2.0,6.0,2.0,5.0,2.0,3.0,3.0,2.0,2.0,0
121,1,EC0801,1,21,1,1,0,1,0,1,3,2,1.0,1,1.0,1.0,1.0,2.0,5.0,5.0,4,0.5,1.0,0.0,1.0,2.0,4.0,5.0,4.0,3.0,4.0,5.0,4.0,3.0,3.0,5.0,2.0,6.0,5.0,5.0,4.0,5.0,3.0,2.0,3.0,4.0,3.0,2.0,5.0,3.0,4.0,4.0,2.0,3.0,4.0,5.0,3.0,1.0,3,4.0,3.0,1.0,4.0,4.0,4.0,1.0,6.0,2.0,4.0,3.0,4.0,5.0,5.0,1.0,2.0,2.0,0
122,1,eeee,0,19,1,1,0,0,0,2,3,2,1.0,2,1.0,4.0,3.0,0.0,4.0,3.0,1,11.0,4.0,17.0,5.0,4.0,4.0,4.0,4.0,4.0,4.0,4.0,4.0,4.0,4.0,4.0,4.0,4.0,4.0,4.0,4.0,4.0,4.0,4.0,4.0,4.0,4.0,4.0,5.0,4.0,4.0,4.0,4.0,4.0,4.0,4.0,4.0,1.0,1,3.0,5.0,4.0,4.0,4.0,3.0,4.0,4.0,4.0,4.0,4.0,4.0,3.0,2.0,4.0,3.0,2.0,0
123,1,eeeee,0,19,0,1,0,0,0,1,3,4,1.0,2,2.0,4.0,4.0,2.0,3.0,3.0,44,4.0,5.0,1.0,5.0,4.0,5.0,5.0,5.0,5.0,5.0,5.0,5.0,5.0,5.0,4.0,4.0,4.0,5.0,4.0,4.0,4.0,1.0,5.0,3.0,2.0,4.0,5.0,4.0,3.0,4.0,5.0,4.0,6.0,5.0,2.0,4.0,6.0,0,1.0,1.0,5.0,3.0,3.0,7.0,4.0,7.0,3.0,5.0,5.0,5.0,2.0,2.0,2.0,3.0,2.0,0
124,1,eeeeee,0,18,1,0,0,0,0,2,3,1,1.0,1,1.0,3.0,3.0,1.0,2.0,1.0,19,6.2,5.0,4.0,4.0,2.0,5.0,5.0,5.0,5.0,5.0,5.0,5.0,5.0,5.0,5.0,5.0,5.0,5.0,5.0,5.0,5.0,5.0,5.0,5.0,5.0,5.0,5.0,3.0,5.0,5.0,5.0,5.0,5.0,5.0,5.0,5.0,1.0,3,1.0,1.0,5.0,5.0,5.0,2.0,5.0,5.0,5.0,5.0,5.0,5.0,2.0,3.0,4.0,3.0,5.0,0
125,0,EK0804,2,27,0,1,0,0,0,1,3,1,3.0,1,2.0,3.0,3.0,0.0,3.0,1.0,12,5.5,3.0,0.0,3.0,4.0,3.0,3.0,4.0,4.0,3.0,5.0,5.0,4.0,,4.0,7.0,3.0,3.0,4.0,3.0,4.0,3.0,5.0,4.0,6.0,5.0,3.0,5.0,4.0,3.0,5.0,4.0,5.0,7.0,5.0,5.0,2.0,2,1.0,0.0,1.0,1.0,1.0,4.0,3.0,6.0,4.0,2.0,5.0,2.0,1.0,2.0,4.0,3.0,2.0,1
126,0,EN1003,2,28,0,0,1,0,0,1,3,3,2.0,2,3.0,4.0,3.0,3.0,4.0,5.0,25,2.3,4.0,0.0,3.0,2.0,4.0,3.0,2.0,4.0,4.0,4.0,4.0,4.0,3.0,4.0,5.0,6.0,5.0,6.0,3.0,6.0,2.0,4.0,3.0,4.0,4.0,5.0,5.0,4.0,5.0,5.0,5.0,3.0,2.0,3.0,4.0,2.0,2,2.0,5.0,4.0,4.0,4.0,4.0,6.0,2.0,5.0,3.0,6.0,3.0,4.0,3.0,3.0,3.0,3.0,1
127,0,EN2309,1,33,0,1,0,0,0,2,3,4,4.0,3,2.0,3.0,2.0,0.0,2.0,2.0,5,6.1,2.0,4.0,3.0,1.0,5.0,5.0,3.0,3.0,3.0,4.0,,3.0,1.0,2.0,,7.0,4.0,5.0,,6.0,1.0,5.0,4.0,3.0,4.0,6.0,5.0,3.0,4.0,3.0,4.0,3.0,4.0,3.0,3.0,1.0,4,1.0,1.0,3.0,3.0,3.0,4.0,1.0,4.0,2.0,4.0,5.0,4.0,3.0,3.0,1.0,1.0,1.0,1
128,1,FC0806,1,19,1,0,0,0,0,2,3,1,3.0,1,1.0,4.0,5.0,2.0,5.0,2.0,45,10.5,5.0,2.0,5.0,4.0,4.0,2.0,4.0,2.0,2.0,5.0,3.0,5.0,3.0,4.0,5.0,5.0,5.0,4.0,5.0,5.0,2.0,3.0,5.0,3.0,6.0,7.0,5.0,3.0,5.0,7.0,4.0,3.0,2.0,3.0,3.0,1.0,2,3.0,1.0,4.0,3.0,4.0,3.0,2.0,7.0,3.0,5.0,4.0,4.0,2.0,3.0,3.0,4.0,4.0,0
129,1,ffff,0,19,1,0,0,0,0,2,3,2,1.0,2,1.0,2.0,2.0,0.0,4.0,1.0,9,15.8,2.0,1.0,4.0,3.0,6.0,5.0,4.0,2.0,5.0,4.0,4.0,4.0,4.0,5.0,5.0,7.0,4.0,4.0,4.0,7.0,3.0,6.0,6.0,1.0,5.0,5.0,5.0,7.0,4.0,5.0,4.0,5.0,4.0,4.0,3.0,1.0,1,0.0,0.0,2.0,1.0,2.0,6.0,5.0,5.0,3.0,7.0,5.0,5.0,2.0,2.0,3.0,3.0,2.0,0
130,1,fffff,0,22,0,0,1,0,0,2,3,2,2.0,2,3.0,3.0,2.0,0.0,2.0,1.0,5,4.7,3.0,12.0,4.0,4.0,4.0,4.0,4.0,4.0,4.0,4.0,4.0,4.0,4.0,4.0,4.0,4.0,4.0,4.0,4.0,4.0,4.0,4.0,4.0,4.0,4.0,4.0,5.0,4.0,4.0,4.0,4.0,4.0,4.0,4.0,4.0,4.0,0,0.0,0.0,4.0,4.0,4.0,2.0,4.0,4.0,4.0,4.0,4.0,4.0,3.0,2.0,2.0,3.0,3.0,0
131,1,ffffff,0,21,1,1,0,0,0,2,3,2,1.0,1,2.0,4.0,4.0,4.0,2.0,0.0,13,9.8,5.0,8.0,5.0,3.0,3.0,3.0,2.0,5.0,2.0,2.0,6.0,2.0,2.0,5.0,2.0,1.0,3.0,4.0,5.0,5.0,5.0,4.0,3.0,3.0,3.0,5.0,5.0,4.0,3.0,5.0,3.0,4.0,6.0,4.0,5.0,2.0,0,4.0,4.0,4.0,5.0,2.0,4.0,5.0,6.0,6.0,5.0,3.0,4.0,3.0,2.0,3.0,3.0,3.0,0
132,0,file01,2,29,1,1,1,0,0,2,4,2,4.0,1,2.0,1.0,1.0,0.0,4.0,1.0,2,1.2,1.0,0.0,1.0,4.0,4.0,2.0,4.0,3.0,3.0,3.0,3.0,4.0,3.0,4.0,3.0,4.0,4.0,4.0,4.0,4.0,4.0,5.0,2.0,3.0,4.0,3.0,5.0,5.0,4.0,4.0,4.0,3.0,5.0,4.0,4.0,1.0,1,0.0,0.0,1.0,1.0,1.0,4.0,4.0,4.0,3.0,5.0,4.0,3.0,3.0,3.0,4.0,5.0,4.0,1
133,0,fileV4,2,32,0,1,0,1,0,2,3,7,6.0,3,2.0,,5.0,4.0,4.0,5.0,32,12.2,3.0,1.0,5.0,2.0,5.0,3.0,3.0,4.0,4.0,5.0,6.0,4.0,5.0,2.0,7.0,5.0,6.0,6.0,4.0,5.0,3.0,6.0,5.0,1.0,5.0,6.0,5.0,6.0,5.0,5.0,5.0,5.0,4.0,4.0,5.0,1.0,1,5.0,5.0,6.0,7.0,6.0,5.0,5.0,2.0,5.0,3.0,5.0,3.0,4.0,4.0,2.0,2.0,3.0,1
134,0,final2,1,24,1,1,1,0,0,2,2,4,2.0,1,1.0,1.0,1.0,2.0,4.0,4.0,0,6.3,1.0,1.0,1.0,2.0,3.0,2.0,1.0,1.0,2.0,4.0,4.0,5.0,2.0,4.0,5.0,4.0,5.0,4.0,5.0,5.0,4.0,4.0,3.0,5.0,3.0,5.0,5.0,3.0,4.0,5.0,4.0,3.0,2.0,4.0,6.0,1.0,9,4.0,4.0,4.0,5.0,5.0,2.0,1.0,5.0,1.0,3.0,6.0,3.0,3.0,4.0,1.0,2.0,2.0,1
135,0,FP1607,2,28,1,1,0,0,0,1,2,3,4.0,1,2.0,2.0,2.0,4.0,1.0,0.0,19,1.6,1.0,8.0,2.0,2.0,4.0,4.0,4.0,3.0,7.0,5.0,6.0,3.0,5.0,1.0,5.0,7.0,7.0,7.0,1.0,6.0,1.0,6.0,7.0,1.0,7.0,7.0,5.0,5.0,6.0,6.0,5.0,6.0,5.0,5.0,4.0,2.0,13,5.0,5.0,7.0,6.0,6.0,6.0,4.0,3.0,6.0,3.0,6.0,3.0,2.0,1.0,3.0,3.0,3.0,1
136,1,FR1109,1,20,0,1,0,0,0,2,3,1,1.0,2,2.0,2.0,3.0,3.0,5.0,3.0,14,1.6,3.0,11.0,4.0,2.0,4.0,5.0,3.0,4.0,2.0,5.0,4.0,5.0,3.0,7.0,4.0,4.0,4.0,4.0,5.0,3.0,3.0,4.0,4.0,5.0,4.0,4.0,5.0,5.0,6.0,6.0,3.0,3.0,4.0,7.0,5.0,1.0,1,1.0,3.0,3.0,4.0,3.0,4.0,3.0,6.0,2.0,5.0,4.0,3.0,3.0,2.0,5.0,4.0,4.0,0
137,1,GB2009,1,19,1,1,0,1,0,2,3,1,2.0,2,2.0,4.0,5.0,4.0,4.0,0.0,37,20.9,5.0,40.0,5.0,3.0,4.0,5.0,5.0,7.0,7.0,6.0,5.0,6.0,5.0,6.0,5.0,4.0,4.0,4.0,4.0,5.0,4.0,4.0,4.0,3.0,6.0,6.0,5.0,5.0,6.0,4.0,4.0,6.0,6.0,4.0,6.0,1.0,5,5.0,5.0,4.0,7.0,4.0,6.0,3.0,6.0,2.0,3.0,3.0,5.0,5.0,5.0,3.0,2.0,2.0,0
138,0,GD2909,2,27,1,1,1,0,0,2,3,3,4.0,1,1.0,2.0,3.0,2.0,4.0,3.0,10,2.0,4.0,4.0,4.0,4.0,5.0,5.0,4.0,3.0,5.0,6.0,5.0,5.0,6.0,6.0,3.0,3.0,3.0,5.0,3.0,5.0,3.0,5.0,5.0,4.0,5.0,5.0,5.0,5.0,5.0,6.0,4.0,5.0,4.0,5.0,5.0,1.0,2,3.0,2.0,5.0,5.0,5.0,5.0,3.0,5.0,5.0,3.0,5.0,5.0,4.0,3.0,2.0,2.0,2.0,0
139,1,gggg,0,19,1,0,0,1,0,1,3,2,1.0,2,1.0,3.0,4.0,0.0,3.0,2.0,0,2.1,4.0,6.0,4.0,4.0,4.0,4.0,4.0,4.0,4.0,4.0,4.0,4.0,4.0,4.0,4.0,4.0,4.0,4.0,4.0,4.0,4.0,4.0,4.0,4.0,4.0,4.0,5.0,4.0,4.0,4.0,4.0,4.0,4.0,4.0,4.0,5.0,2,1.0,2.0,4.0,4.0,4.0,2.0,4.0,4.0,4.0,4.0,4.0,4.0,5.0,4.0,2.0,3.0,5.0,0
140,1,ggggg,0,21,1,0,0,0,0,2,4,2,1.0,2,1.0,4.0,5.0,3.0,2.0,4.0,51,9.2,5.0,1.0,5.0,4.0,4.0,4.0,3.0,4.0,4.0,5.0,3.0,5.0,4.0,4.0,4.0,2.0,5.0,4.0,6.0,1.0,4.0,3.0,7.0,2.0,5.0,5.0,5.0,3.0,4.0,3.0,3.0,7.0,4.0,5.0,4.0,2.0,0,2.0,3.0,2.0,3.0,4.0,3.0,3.0,7.0,2.0,4.0,3.0,4.0,2.0,2.0,4.0,2.0,2.0,0
141,1,gggggg,0,22,1,0,0,1,0,2,3,1,1.0,2,1.0,3.0,2.0,3.0,4.0,5.0,9,1.3,3.0,0.0,2.0,4.0,6.0,5.0,4.0,5.0,3.0,4.0,2.0,5.0,3.0,4.0,3.0,5.0,4.0,5.0,5.0,5.0,5.0,4.0,7.0,4.0,6.0,7.0,4.0,5.0,5.0,5.0,3.0,4.0,4.0,5.0,3.0,1.0,2,5.0,4.0,6.0,2.0,3.0,3.0,5.0,3.0,3.0,5.0,3.0,3.0,4.0,3.0,3.0,3.0,1.0,0
142,0,GI2105,1,23,1,1,1,0,0,1,3,3,4.0,3,1.0,1.0,1.0,2.0,4.0,1.0,8,1.0,1.0,0.0,1.0,3.0,3.0,3.0,2.0,2.0,4.0,3.0,3.0,5.0,3.0,3.0,3.0,4.0,5.0,5.0,3.0,7.0,3.0,4.0,6.0,4.0,6.0,4.0,5.0,4.0,5.0,5.0,2.0,1.0,1.0,2.0,3.0,1.0,3,3.0,2.0,3.0,2.0,5.0,3.0,1.0,6.0,2.0,3.0,6.0,4.0,2.0,3.0,2.0,2.0,1.0,1
143,1,GJ1003,1,18,1,0,0,1,0,2,4,2,1.0,2,1.0,4.0,5.0,1.0,3.0,2.0,42,18.4,5.0,10.0,5.0,2.0,3.0,1.0,3.0,3.0,4.0,5.0,4.0,4.0,4.0,5.0,3.0,5.0,3.0,4.0,5.0,4.0,4.0,5.0,4.0,6.0,3.0,3.0,5.0,7.0,6.0,7.0,6.0,5.0,6.0,4.0,3.0,1.0,1,0.0,0.0,3.0,2.0,3.0,3.0,1.0,7.0,2.0,4.0,4.0,4.0,4.0,5.0,4.0,2.0,3.0,0
144,0,GL1902,1,32,0,0,1,1,0,2,3,2,4.0,3,3.0,1.0,2.0,0.0,5.0,2.0,0,3.0,2.0,3.0,1.0,4.0,6.0,4.0,3.0,,6.0,3.0,6.0,3.0,2.0,7.0,5.0,5.0,4.0,4.0,3.0,3.0,4.0,3.0,4.0,5.0,3.0,6.0,5.0,5.0,5.0,6.0,4.0,2.0,2.0,4.0,5.0,1.0,3,0.0,0.0,3.0,2.0,3.0,4.0,4.0,4.0,3.0,3.0,3.0,5.0,3.0,2.0,3.0,2.0,4.0,1
145,0,GO0601,2,25,1,0,0,0,0,2,4,3,2.0,1,1.0,2.0,3.0,0.0,4.0,1.0,2,1.6,2.0,15.0,2.0,2.0,3.0,3.0,2.0,2.0,2.0,4.0,2.0,1.0,2.0,7.0,2.0,2.0,2.0,2.0,7.0,1.0,7.0,1.0,4.0,5.0,3.0,2.0,5.0,1.0,3.0,3.0,3.0,3.0,5.0,5.0,5.0,1.0,0,0.0,0.0,1.0,1.0,1.0,3.0,5.0,4.0,6.0,2.0,3.0,3.0,4.0,4.0,3.0,3.0,3.0,1
146,1,GP1704,0,21,0,1,1,0,0,2,3,1,1.0,1,2.0,2.0,3.0,2.0,2.0,1.0,4,4.0,3.0,11.0,3.0,4.0,3.0,3.0,3.0,3.0,3.0,4.0,3.0,5.0,2.0,5.0,5.0,2.0,2.0,3.0,4.0,6.0,4.0,4.0,4.0,6.0,4.0,3.0,5.0,5.0,5.0,6.0,4.0,2.0,3.0,3.0,2.0,1.0,5,1.0,0.0,2.0,2.0,2.0,3.0,2.0,6.0,3.0,5.0,1.0,5.0,4.0,2.0,3.0,1.0,3.0,0
147,0,GR0702,2,27,1,0,0,1,0,2,4,3,,4,1.0,2.0,2.0,3.0,5.0,5.0,10,3.1,2.0,2.0,2.0,4.0,4.0,5.0,4.0,4.0,2.0,5.0,5.0,4.0,3.0,3.0,5.0,6.0,2.0,5.0,5.0,5.0,4.0,3.0,2.0,5.0,3.0,4.0,2.0,7.0,7.0,5.0,5.0,2.0,2.0,3.0,2.0,2.0,5,5.0,5.0,5.0,5.0,4.0,3.0,2.0,5.0,3.0,3.0,4.0,4.0,5.0,4.0,1.0,1.0,4.0,1
148,0,GU1412,1,28,1,1,1,0,0,2,3,3,2.0,2,2.0,3.0,2.0,1.0,5.0,3.0,3,2.5,3.0,0.0,3.0,2.0,4.0,3.0,4.0,2.0,5.0,4.0,6.0,5.0,5.0,4.0,5.0,4.0,4.0,6.0,5.0,5.0,4.0,5.0,7.0,3.0,4.0,4.0,5.0,5.0,5.0,6.0,5.0,4.0,4.0,4.0,4.0,1.0,0,3.0,2.0,4.0,3.0,5.0,3.0,3.0,4.0,3.0,3.0,5.0,5.0,3.0,3.0,3.0,2.0,3.0,1
149,0,gui102,2,27,1,0,0,0,0,1,3,2,1.0,3,1.0,3.0,3.0,2.0,4.0,3.0,32,1.5,3.0,3.0,3.0,2.0,5.0,5.0,5.0,5.0,5.0,5.0,5.0,5.0,5.0,5.0,5.0,5.0,5.0,5.0,5.0,5.0,5.0,5.0,5.0,5.0,5.0,5.0,5.0,5.0,5.0,5.0,5.0,5.0,5.0,5.0,5.0,1.0,0,2.0,2.0,5.0,5.0,5.0,4.0,5.0,5.0,5.0,5.0,5.0,5.0,1.0,1.0,4.0,3.0,3.0,1
150,0,GY2412,2,30,1,0,0,0,0,2,3,4,3.0,1,1.0,4.0,3.0,4.0,2.0,0.0,7,5.9,3.0,3.0,4.0,1.0,2.0,4.0,3.0,3.0,3.0,6.0,4.0,5.0,3.0,4.0,6.0,4.0,3.0,3.0,5.0,4.0,2.0,4.0,5.0,4.0,5.0,5.0,5.0,4.0,6.0,3.0,4.0,3.0,3.0,5.0,3.0,6.0,9,5.0,5.0,6.0,6.0,5.0,3.0,6.0,3.0,5.0,2.0,6.0,2.0,4.0,3.0,2.0,3.0,2.0,1
151,0,HA0406,2,27,1,0,0,1,0,1,3,3,2.0,2,1.0,3.0,3.0,0.0,5.0,2.0,10,7.8,2.0,9.0,3.0,4.0,3.0,2.0,3.0,4.0,3.0,3.0,5.0,5.0,3.0,4.0,3.0,3.0,4.0,3.0,5.0,6.0,2.0,5.0,6.0,5.0,4.0,3.0,5.0,3.0,4.0,4.0,4.0,2.0,3.0,4.0,4.0,1.0,0,1.0,1.0,2.0,2.0,3.0,3.0,5.0,2.0,5.0,4.0,3.0,6.0,4.0,4.0,3.0,2.0,3.0,1
152,1,HA136,2,23,1,1,0,0,0,2,3,7,2.0,1,2.0,1.0,2.0,1.0,3.0,2.0,1,2.0,3.0,4.0,2.0,1.0,3.0,1.0,2.0,1.0,2.0,5.0,3.0,6.0,5.0,4.0,5.0,6.0,5.0,5.0,6.0,7.0,4.0,6.0,7.0,4.0,5.0,2.0,5.0,2.0,4.0,5.0,3.0,5.0,6.0,4.0,6.0,1.0,2,4.0,2.0,2.0,3.0,2.0,1.0,4.0,6.0,5.0,7.0,4.0,4.0,3.0,4.0,1.0,2.0,1.0,0
153,0,HA1704,2,29,1,1,0,0,0,2,3,3,3.0,1,2.0,1.0,1.0,3.0,3.0,4.0,14,2.8,2.0,0.0,1.0,1.0,4.0,4.0,4.0,4.0,3.0,4.0,5.0,5.0,4.0,4.0,4.0,5.0,4.0,4.0,4.0,5.0,5.0,4.0,5.0,5.0,6.0,4.0,5.0,7.0,7.0,7.0,7.0,6.0,5.0,5.0,5.0,1.0,1,3.0,4.0,4.0,3.0,5.0,4.0,2.0,7.0,1.0,4.0,4.0,4.0,2.0,2.0,5.0,4.0,2.0,1
154,0,HA2508,2,24,1,1,0,1,0,1,3,3,6.0,2,2.0,2.0,2.0,0.0,4.0,2.0,18,3.1,3.0,4.0,2.0,4.0,4.0,4.0,5.0,4.0,4.0,5.0,4.0,3.0,5.0,7.0,3.0,3.0,1.0,3.0,5.0,4.0,6.0,4.0,3.0,4.0,4.0,4.0,2.0,5.0,5.0,7.0,3.0,3.0,5.0,3.0,6.0,1.0,1,0.0,0.0,2.0,1.0,2.0,5.0,4.0,3.0,4.0,4.0,4.0,4.0,4.0,3.0,4.0,3.0,5.0,1
155,1,haha,0,21,1,0,0,0,0,1,3,1,1.0,1,1.0,1.0,1.0,0.0,5.0,3.0,9,5.3,1.0,1.0,1.0,4.0,2.0,5.0,5.0,4.0,3.0,6.0,4.0,5.0,3.0,4.0,2.0,3.0,6.0,5.0,6.0,4.0,2.0,5.0,2.0,6.0,5.0,3.0,5.0,5.0,6.0,6.0,4.0,4.0,2.0,4.0,4.0,5.0,0,0.0,0.0,3.0,3.0,2.0,4.0,3.0,5.0,1.0,2.0,3.0,5.0,4.0,4.0,4.0,3.0,3.0,0
156,1,hahaha,0,19,1,1,1,0,0,2,3,2,1.0,1,3.0,4.0,4.0,1.0,5.0,3.0,12,7.9,5.0,10.0,5.0,4.0,5.0,5.0,5.0,5.0,5.0,5.0,5.0,5.0,5.0,6.0,4.0,4.0,5.0,3.0,4.0,3.0,5.0,3.0,5.0,7.0,3.0,3.0,4.0,4.0,4.0,6.0,4.0,4.0,4.0,4.0,7.0,5.0,0,0.0,1.0,3.0,3.0,3.0,5.0,2.0,5.0,2.0,3.0,4.0,4.0,3.0,3.0,2.0,1.0,4.0,0
157,1,hahahaa,0,20,0,0,1,1,0,2,3,1,1.0,1,3.0,3.0,4.0,0.0,3.0,1.0,4,3.7,5.0,6.0,4.0,1.0,3.0,3.0,3.0,3.0,3.0,3.0,3.0,3.0,3.0,3.0,3.0,3.0,3.0,3.0,3.0,3.0,3.0,3.0,3.0,3.0,3.0,3.0,5.0,3.0,3.0,3.0,3.0,3.0,3.0,3.0,3.0,6.0,0,0.0,0.0,3.0,3.0,3.0,5.0,3.0,3.0,3.0,3.0,3.0,3.0,3.0,3.0,3.0,3.0,2.0,0
158,1,hahahaha,0,21,1,0,1,1,0,1,3,2,1.0,1,1.0,3.0,2.0,3.0,3.0,5.0,12,3.9,3.0,8.0,3.0,3.0,3.0,6.0,3.0,4.0,3.0,2.0,4.0,6.0,4.0,6.0,6.0,3.0,4.0,5.0,3.0,3.0,3.0,3.0,4.0,4.0,4.0,5.0,5.0,3.0,4.0,5.0,5.0,4.0,5.0,5.0,5.0,5.0,12,4.0,5.0,4.0,3.0,5.0,1.0,2.0,5.0,4.0,3.0,4.0,3.0,5.0,4.0,4.0,2.0,3.0,0
159,1,haiz,0,20,1,1,1,0,0,2,2,1,1.0,2,1.0,4.0,3.0,4.0,2.0,5.0,7,4.5,3.0,5.0,3.0,3.0,2.0,2.0,2.0,3.0,5.0,3.0,2.0,7.0,3.0,5.0,5.0,4.0,1.0,4.0,3.0,2.0,4.0,4.0,5.0,4.0,4.0,6.0,6.0,5.0,6.0,5.0,4.0,1.0,3.0,4.0,5.0,1.0,2,3.0,5.0,2.0,3.0,5.0,6.0,4.0,3.0,4.0,4.0,3.0,6.0,4.0,4.0,1.0,1.0,3.0,0
160,1,haizz,0,18,0,0,1,0,0,1,3,1,2.0,2,3.0,1.0,1.0,1.0,3.0,1.0,5,0.5,1.0,6.0,2.0,1.0,6.0,3.0,5.0,6.0,4.0,3.0,3.0,6.0,2.0,6.0,3.0,5.0,4.0,4.0,5.0,6.0,4.0,5.0,4.0,4.0,5.0,4.0,2.0,6.0,4.0,6.0,4.0,3.0,4.0,4.0,2.0,2.0,4,1.0,1.0,3.0,3.0,5.0,2.0,3.0,7.0,4.0,6.0,3.0,5.0,3.0,4.0,2.0,3.0,4.0,0
161,1,haizzz,0,21,1,1,0,1,0,1,3,2,2.0,1,1.0,4.0,3.0,4.0,5.0,4.0,15,5.8,2.0,8.0,3.0,4.0,4.0,5.0,4.0,3.0,2.0,3.0,4.0,4.0,4.0,4.0,4.0,3.0,4.0,6.0,1.0,4.0,3.0,5.0,3.0,3.0,5.0,5.0,7.0,4.0,6.0,5.0,4.0,6.0,4.0,5.0,7.0,1.0,6,5.0,4.0,2.0,4.0,6.0,7.0,1.0,6.0,1.0,3.0,2.0,4.0,5.0,3.0,3.0,3.0,2.0,0
162,1,haizzza,0,19,1,0,0,1,0,2,1,1,1.0,1,1.0,4.0,4.0,1.0,4.0,1.0,0,2.8,3.0,18.0,3.0,3.0,6.0,3.0,2.0,4.0,3.0,3.0,7.0,4.0,3.0,7.0,4.0,4.0,3.0,5.0,4.0,3.0,1.0,5.0,3.0,5.0,4.0,3.0,3.0,7.0,4.0,4.0,4.0,3.0,4.0,4.0,4.0,6.0,3,0.0,0.0,4.0,4.0,4.0,2.0,3.0,5.0,3.0,5.0,4.0,5.0,2.0,4.0,3.0,4.0,5.0,0
163,1,haizzzz,0,21,1,0,1,1,0,2,3,1,1.0,2,1.0,3.0,3.0,4.0,2.0,5.0,11,11.9,5.0,5.0,3.0,3.0,3.0,3.0,3.0,5.0,3.0,3.0,3.0,5.0,4.0,3.0,5.0,3.0,5.0,4.0,2.0,5.0,3.0,5.0,5.0,2.0,4.0,2.0,5.0,6.0,4.0,3.0,7.0,3.0,5.0,5.0,6.0,1.0,3,5.0,5.0,3.0,3.0,7.0,7.0,2.0,5.0,1.0,5.0,2.0,1.0,3.0,3.0,4.0,4.0,4.0,0
164,0,HANTT,2,30,1,1,0,0,0,2,3,3,4.0,2,2.0,1.0,1.0,0.0,3.0,1.0,0,0.0,1.0,0.0,1.0,1.0,5.0,4.0,5.0,6.0,5.0,6.0,6.0,2.0,6.0,2.0,2.0,4.0,5.0,5.0,3.0,6.0,2.0,4.0,5.0,5.0,5.0,6.0,5.0,6.0,7.0,6.0,5.0,6.0,6.0,6.0,5.0,1.0,0,0.0,0.0,2.0,1.0,1.0,6.0,6.0,1.0,6.0,3.0,5.0,5.0,3.0,3.0,3.0,4.0,4.0,0
165,1,hehe,0,18,0,1,0,0,0,2,1,1,2.0,2,2.0,2.0,2.0,3.0,2.0,4.0,11,4.5,1.0,5.0,3.0,5.0,4.0,4.0,2.0,2.0,3.0,3.0,4.0,2.0,3.0,6.0,5.0,4.0,6.0,6.0,4.0,5.0,3.0,5.0,4.0,4.0,6.0,3.0,2.0,4.0,4.0,5.0,5.0,5.0,2.0,2.0,3.0,4.0,3,1.0,1.0,2.0,3.0,3.0,2.0,3.0,7.0,4.0,6.0,3.0,6.0,2.0,2.0,3.0,1.0,1.0,0
166,1,hehehe,0,20,1,0,0,0,0,2,3,1,,2,1.0,2.0,1.0,0.0,1.0,3.0,8,1.2,2.0,5.0,1.0,5.0,7.0,2.0,2.0,3.0,1.0,5.0,1.0,4.0,6.0,4.0,4.0,5.0,3.0,3.0,5.0,3.0,3.0,4.0,5.0,4.0,4.0,4.0,5.0,5.0,4.0,6.0,5.0,6.0,5.0,2.0,5.0,2.0,2,0.0,2.0,3.0,2.0,5.0,2.0,3.0,6.0,3.0,5.0,1.0,3.0,4.0,2.0,2.0,2.0,2.0,0
167,1,hehehehe,0,20,1,0,0,1,0,2,3,2,3.0,2,1.0,4.0,4.0,3.0,1.0,4.0,7,9.4,3.0,13.0,4.0,3.0,2.0,3.0,3.0,4.0,7.0,3.0,4.0,4.0,5.0,3.0,5.0,3.0,4.0,3.0,5.0,5.0,2.0,3.0,6.0,4.0,5.0,5.0,2.0,5.0,6.0,6.0,5.0,4.0,5.0,4.0,6.0,5.0,4,2.0,3.0,2.0,4.0,4.0,3.0,3.0,7.0,3.0,2.0,4.0,3.0,5.0,3.0,2.0,2.0,1.0,0
168,0,HH3112,2,31,1,1,0,0,0,2,3,3,4.0,3,2.0,2.0,2.0,1.0,4.0,1.0,15,3.0,2.0,10.0,3.0,2.0,3.0,3.0,3.0,2.0,3.0,6.0,4.0,5.0,5.0,5.0,3.0,2.0,2.0,4.0,4.0,3.0,4.0,3.0,2.0,5.0,5.0,2.0,5.0,5.0,5.0,5.0,3.0,3.0,2.0,3.0,4.0,1.0,2,2.0,1.0,3.0,2.0,2.0,3.0,5.0,3.0,5.0,3.0,5.0,4.0,3.0,2.0,2.0,2.0,1.0,0
169,1,hhhh,0,20,1,0,0,0,0,1,3,2,2.0,1,1.0,2.0,3.0,0.0,3.0,3.0,11,1.9,3.0,2.0,2.0,4.0,4.0,4.0,3.0,5.0,5.0,4.0,5.0,5.0,4.0,6.0,5.0,3.0,2.0,3.0,5.0,3.0,4.0,1.0,4.0,6.0,4.0,3.0,7.0,4.0,6.0,5.0,4.0,3.0,4.0,3.0,5.0,2.0,5,1.0,0.0,4.0,4.0,4.0,5.0,4.0,5.0,5.0,5.0,2.0,4.0,3.0,3.0,3.0,2.0,2.0,0
170,1,hhhhh,0,21,1,1,0,0,0,1,3,1,1.0,2,1.0,1.0,1.0,1.0,2.0,4.0,5,18.3,1.0,4.0,1.0,4.0,3.0,4.0,3.0,4.0,3.0,5.0,5.0,5.0,1.0,4.0,3.0,2.0,6.0,3.0,4.0,5.0,3.0,3.0,4.0,4.0,3.0,4.0,5.0,3.0,5.0,3.0,3.0,5.0,5.0,7.0,3.0,1.0,4,2.0,3.0,3.0,4.0,3.0,1.0,2.0,5.0,3.0,4.0,5.0,6.0,4.0,4.0,4.0,4.0,2.0,0
171,1,hhhhhh,0,20,1,1,0,1,0,2,3,1,1.0,4,1.0,3.0,4.0,4.0,5.0,5.0,8,4.1,3.0,2.0,3.0,2.0,4.0,4.0,4.0,5.0,4.0,3.0,2.0,6.0,7.0,4.0,6.0,4.0,5.0,6.0,4.0,6.0,1.0,6.0,7.0,2.0,3.0,5.0,7.0,2.0,4.0,5.0,4.0,3.0,4.0,4.0,5.0,2.0,0,3.0,5.0,5.0,3.0,3.0,7.0,3.0,7.0,1.0,5.0,2.0,5.0,2.0,3.0,4.0,4.0,2.0,0
172,0,HI0704,0,30,0,1,1,0,0,3,4,5,1.0,3,2.0,2.0,2.0,0.0,5.0,1.0,5,8.1,2.0,4.0,2.0,2.0,4.0,4.0,4.0,3.0,4.0,5.0,5.0,3.0,4.0,7.0,3.0,4.0,3.0,4.0,5.0,6.0,4.0,4.0,4.0,,4.0,3.0,5.0,3.0,4.0,5.0,2.0,3.0,2.0,3.0,3.0,1.0,1,0.0,0.0,4.0,2.0,2.0,5.0,1.0,6.0,2.0,3.0,4.0,5.0,4.0,3.0,5.0,4.0,3.0,1
173,1,hic,0,20,1,0,0,0,0,1,3,1,1.0,3,1.0,1.0,1.0,1.0,4.0,2.0,1,1.0,1.0,4.0,1.0,2.0,4.0,4.0,4.0,4.0,4.0,4.0,4.0,4.0,4.0,4.0,4.0,4.0,4.0,4.0,4.0,4.0,4.0,4.0,4.0,4.0,4.0,4.0,5.0,4.0,4.0,4.0,4.0,4.0,4.0,4.0,4.0,5.0,5,1.0,2.0,4.0,4.0,4.0,6.0,4.0,4.0,4.0,4.0,4.0,4.0,3.0,2.0,4.0,2.0,2.0,0
174,1,hichic,0,18,1,1,0,0,0,1,1,2,2.0,2,1.0,2.0,4.0,1.0,3.0,4.0,2,8.2,3.0,4.0,3.0,4.0,3.0,4.0,4.0,2.0,3.0,5.0,5.0,6.0,6.0,5.0,3.0,2.0,3.0,6.0,4.0,5.0,4.0,5.0,3.0,4.0,5.0,5.0,3.0,7.0,4.0,5.0,4.0,5.0,3.0,1.0,6.0,1.0,7,3.0,3.0,2.0,3.0,4.0,2.0,4.0,4.0,1.0,4.0,2.0,4.0,3.0,5.0,2.0,3.0,4.0,0
175,1,hihi,0,20,0,1,0,0,0,2,3,1,1.0,2,2.0,1.0,1.0,1.0,5.0,4.0,21,1.3,2.0,4.0,2.0,5.0,5.0,2.0,5.0,4.0,3.0,6.0,4.0,4.0,6.0,4.0,4.0,3.0,4.0,3.0,4.0,4.0,2.0,3.0,7.0,3.0,4.0,5.0,5.0,4.0,5.0,4.0,4.0,3.0,4.0,4.0,4.0,1.0,12,2.0,3.0,4.0,3.0,4.0,2.0,3.0,6.0,4.0,6.0,3.0,5.0,3.0,3.0,5.0,2.0,3.0,0
176,1,hihihi,0,20,0,1,0,0,0,2,3,4,1.0,1,2.0,1.0,1.0,2.0,2.0,3.0,7,1.9,1.0,5.0,1.0,4.0,3.0,4.0,1.0,5.0,5.0,5.0,3.0,4.0,5.0,5.0,3.0,7.0,4.0,5.0,5.0,5.0,2.0,4.0,5.0,3.0,4.0,7.0,3.0,7.0,3.0,6.0,5.0,3.0,7.0,4.0,6.0,1.0,2,3.0,3.0,3.0,2.0,3.0,3.0,2.0,7.0,2.0,4.0,4.0,3.0,2.0,1.0,3.0,5.0,4.0,0
177,1,hihihihi,0,21,1,1,0,0,0,1,1,4,2.0,1,1.0,2.0,4.0,0.0,4.0,1.0,12,4.4,5.0,10.0,5.0,4.0,5.0,4.0,3.0,2.0,7.0,5.0,5.0,6.0,4.0,4.0,4.0,3.0,5.0,6.0,3.0,4.0,4.0,5.0,5.0,3.0,3.0,3.0,1.0,6.0,5.0,5.0,5.0,3.0,5.0,4.0,4.0,4.0,1,1.0,1.0,4.0,4.0,3.0,4.0,3.0,6.0,3.0,5.0,2.0,6.0,5.0,4.0,3.0,4.0,2.0,0
178,1,hihihii,0,22,1,0,1,0,0,1,3,2,1.0,1,1.0,2.0,3.0,2.0,1.0,3.0,12,14.1,2.0,3.0,1.0,4.0,3.0,3.0,4.0,3.0,4.0,3.0,5.0,5.0,5.0,2.0,5.0,3.0,5.0,5.0,5.0,2.0,1.0,6.0,4.0,3.0,5.0,4.0,7.0,6.0,6.0,6.0,7.0,6.0,4.0,6.0,3.0,1.0,7,3.0,2.0,4.0,2.0,1.0,6.0,3.0,5.0,1.0,5.0,3.0,3.0,4.0,3.0,3.0,3.0,4.0,0
179,1,HL0509,0,20,1,1,0,0,0,2,1,2,1.0,1,1.0,2.0,3.0,1.0,5.0,2.0,1520,45.0,2.0,,4.0,3.0,3.0,2.0,1.0,2.0,2.0,4.0,1.0,6.0,4.0,6.0,4.0,5.0,3.0,4.0,5.0,6.0,3.0,5.0,6.0,4.0,4.0,2.0,5.0,6.0,6.0,5.0,4.0,6.0,3.0,1.0,2.0,1.0,0,0.0,0.0,1.0,1.0,1.0,2.0,4.0,6.0,3.0,2.0,6.0,4.0,3.0,4.0,3.0,3.0,3.0,0
180,1,HN143,1,22,1,0,0,0,0,2,3,2,2.0,1,1.0,2.0,3.0,2.0,3.0,3.0,5,2.0,5.0,5.0,3.0,1.0,7.0,7.0,7.0,7.0,7.0,7.0,7.0,7.0,7.0,7.0,7.0,7.0,7.0,7.0,7.0,7.0,7.0,7.0,7.0,7.0,7.0,7.0,7.0,7.0,7.0,7.0,7.0,7.0,7.0,7.0,7.0,7.0,3,3.0,3.0,7.0,7.0,7.0,7.0,7.0,7.0,7.0,7.0,7.0,7.0,5.0,5.0,5.0,5.0,5.0,0
181,0,HN2409,0,27,1,0,1,1,0,1,3,3,5.0,4,3.0,3.0,2.0,1.0,4.0,3.0,30,4.6,3.0,5.0,3.0,2.0,6.0,4.0,4.0,4.0,7.0,6.0,5.0,1.0,5.0,6.0,3.0,4.0,4.0,3.0,6.0,3.0,4.0,3.0,5.0,6.0,5.0,5.0,5.0,5.0,6.0,6.0,5.0,3.0,4.0,3.0,3.0,1.0,11,2.0,2.0,4.0,3.0,4.0,6.0,2.0,4.0,3.0,4.0,4.0,4.0,2.0,3.0,3.0,2.0,2.0,1
182,1,HP1208,0,18,1,1,0,0,0,2,1,2,1.0,1,2.0,4.0,3.0,2.0,5.0,3.0,20,3.0,1.0,1.0,2.0,1.0,2.0,2.0,2.0,2.0,2.0,5.0,4.0,7.0,2.0,4.0,5.0,3.0,3.0,5.0,4.0,5.0,4.0,5.0,5.0,5.0,4.0,4.0,5.0,5.0,5.0,5.0,5.0,5.0,3.0,4.0,4.0,1.0,2,1.0,1.0,2.0,2.0,2.0,4.0,4.0,4.0,3.0,2.0,6.0,2.0,3.0,4.0,2.0,2.0,2.0,0
183,1,HT0211,2,18,1,1,0,0,0,2,1,2,1.0,1,1.0,2.0,4.0,2.0,5.0,3.0,30,2.0,3.0,5.0,3.0,2.0,2.0,2.0,1.0,1.0,1.0,5.0,3.0,3.0,6.0,4.0,6.0,5.0,5.0,2.0,6.0,7.0,2.0,6.0,6.0,4.0,5.0,2.0,5.0,5.0,5.0,6.0,6.0,7.0,4.0,5.0,5.0,1.0,2,1.0,1.0,3.0,3.0,2.0,2.0,3.0,3.0,3.0,2.0,5.0,3.0,3.0,3.0,1.0,1.0,1.0,0
184,0,HT0303,1,23,1,0,1,0,0,1,3,3,1.0,2,1.0,,4.0,3.0,3.0,3.0,21,8.9,4.0,3.0,5.0,4.0,6.0,5.0,3.0,3.0,3.0,6.0,6.0,4.0,6.0,2.0,5.0,6.0,5.0,5.0,3.0,4.0,2.0,4.0,6.0,3.0,6.0,4.0,5.0,4.0,5.0,6.0,5.0,4.0,5.0,3.0,5.0,1.0,8,3.0,2.0,4.0,5.0,4.0,4.0,2.0,6.0,4.0,4.0,3.0,3.0,4.0,3.0,5.0,4.0,3.0,1
185,1,HT2004,2,22,1,1,0,0,0,2,1,2,1.0,1,1.0,1.0,2.0,1.0,2.0,1.0,7,1.0,2.0,10.0,2.0,3.0,2.0,3.0,2.0,2.0,2.0,5.0,4.0,4.0,6.0,4.0,5.0,5.0,4.0,6.0,4.0,6.0,3.0,6.0,6.0,4.0,4.0,3.0,5.0,5.0,5.0,5.0,6.0,5.0,4.0,4.0,3.0,1.0,0,0.0,0.0,1.0,1.0,1.0,2.0,2.0,6.0,4.0,1.0,7.0,2.0,2.0,2.0,3.0,2.0,2.0,0
186,0,HT2401,1,25,1,1,0,0,0,2,3,3,4.0,1,1.0,2.0,4.0,3.0,4.0,2.0,15,3.0,4.0,5.0,2.0,4.0,3.0,3.0,3.0,2.0,3.0,5.0,4.0,5.0,3.0,5.0,3.0,3.0,2.0,4.0,5.0,3.0,4.0,3.0,3.0,5.0,5.0,3.0,5.0,5.0,5.0,4.0,4.0,3.0,2.0,3.0,5.0,1.0,1,2.0,1.0,3.0,4.0,5.0,4.0,5.0,3.0,5.0,4.0,4.0,5.0,2.0,4.0,2.0,2.0,2.0,0
187,0,HTX322,2,25,0,1,0,0,0,2,1,3,4.0,2,2.0,3.0,1.0,0.0,2.0,2.0,1,4.4,2.0,5.0,3.0,4.0,2.0,2.0,1.0,3.0,1.0,4.0,3.0,6.0,3.0,5.0,4.0,5.0,5.0,5.0,6.0,3.0,3.0,5.0,5.0,5.0,4.0,5.0,5.0,5.0,6.0,7.0,5.0,4.0,2.0,3.0,3.0,1.0,1,0.0,0.0,2.0,3.0,2.0,3.0,3.0,5.0,4.0,2.0,6.0,2.0,3.0,2.0,3.0,2.0,3.0,1
188,0,HU2311,2,25,0,1,0,0,0,2,4,2,4.0,1,2.0,3.0,2.0,4.0,3.0,0.0,11,1.9,2.0,6.0,3.0,4.0,6.0,5.0,5.0,5.0,4.0,3.0,4.0,3.0,5.0,4.0,5.0,6.0,3.0,6.0,6.0,5.0,3.0,6.0,5.0,4.0,7.0,4.0,5.0,5.0,4.0,4.0,4.0,4.0,4.0,4.0,4.0,1.0,11,5.0,5.0,6.0,5.0,6.0,5.0,6.0,3.0,4.0,5.0,2.0,6.0,2.0,2.0,4.0,4.0,4.0,1
189,1,huhu,0,19,0,1,0,1,0,1,1,1,2.0,2,2.0,1.0,1.0,2.0,5.0,3.0,3,11.1,1.0,3.0,2.0,1.0,5.0,3.0,3.0,3.0,4.0,4.0,6.0,5.0,4.0,4.0,5.0,7.0,5.0,3.0,2.0,4.0,2.0,6.0,3.0,5.0,5.0,3.0,5.0,7.0,5.0,3.0,5.0,2.0,4.0,4.0,7.0,1.0,0,2.0,3.0,2.0,3.0,4.0,5.0,4.0,4.0,4.0,5.0,2.0,7.0,4.0,5.0,3.0,4.0,3.0,0
190,1,huhuhoo,0,20,1,0,0,0,0,2,3,4,1.0,1,1.0,2.0,2.0,1.0,5.0,2.0,1,1.6,2.0,5.0,3.0,4.0,6.0,4.0,2.0,3.0,3.0,2.0,4.0,7.0,5.0,4.0,6.0,4.0,3.0,3.0,5.0,4.0,4.0,5.0,4.0,5.0,3.0,5.0,5.0,4.0,4.0,5.0,6.0,4.0,6.0,2.0,5.0,5.0,1,1.0,0.0,4.0,3.0,3.0,2.0,3.0,4.0,4.0,3.0,2.0,5.0,5.0,3.0,3.0,3.0,1.0,0
191,1,huhuhu,0,18,1,0,0,0,0,1,3,1,1.0,1,1.0,4.0,4.0,3.0,4.0,5.0,24,7.0,4.0,0.0,5.0,1.0,3.0,3.0,4.0,1.0,3.0,5.0,4.0,3.0,2.0,6.0,2.0,2.0,4.0,3.0,5.0,5.0,4.0,5.0,3.0,4.0,1.0,4.0,5.0,2.0,4.0,6.0,3.0,5.0,3.0,5.0,4.0,4.0,9,5.0,4.0,6.0,5.0,5.0,6.0,2.0,2.0,4.0,5.0,4.0,5.0,4.0,3.0,4.0,2.0,4.0,0
192,1,huhuhuhu,0,20,1,0,1,0,0,1,3,1,3.0,3,1.0,3.0,2.0,4.0,4.0,3.0,8,3.0,2.0,0.0,3.0,1.0,5.0,3.0,2.0,3.0,4.0,5.0,3.0,5.0,4.0,4.0,4.0,6.0,5.0,4.0,7.0,4.0,5.0,4.0,4.0,4.0,4.0,5.0,5.0,7.0,7.0,4.0,3.0,5.0,5.0,5.0,5.0,6.0,9,4.0,5.0,2.0,3.0,5.0,1.0,3.0,7.0,2.0,7.0,2.0,7.0,2.0,3.0,2.0,4.0,3.0,0
193,1,HV2001,0,19,1,0,0,0,0,1,1,2,1.0,1,1.0,2.0,1.0,3.0,3.0,4.0,2,2.4,2.0,2.0,2.0,4.0,6.0,3.0,3.0,3.0,4.0,5.0,3.0,5.0,5.0,6.0,5.0,3.0,4.0,4.0,3.0,3.0,3.0,3.0,4.0,5.0,5.0,5.0,5.0,5.0,6.0,7.0,6.0,4.0,5.0,3.0,6.0,1.0,7,4.0,4.0,6.0,3.0,1.0,5.0,2.0,4.0,2.0,6.0,2.0,5.0,4.0,4.0,3.0,4.0,3.0,0
194,1,HV2112,2,25,1,1,0,0,0,1,1,2,1.0,2,1.0,1.0,1.0,1.0,4.0,2.0,10,1.0,2.0,3.0,4.0,3.0,7.0,1.0,1.0,1.0,1.0,6.0,7.0,7.0,6.0,3.0,6.0,4.0,4.0,1.0,7.0,7.0,4.0,6.0,7.0,6.0,5.0,2.0,5.0,5.0,7.0,1.0,7.0,4.0,6.0,1.0,6.0,1.0,3,3.0,2.0,1.0,7.0,1.0,2.0,3.0,6.0,2.0,1.0,7.0,1.0,3.0,2.0,4.0,5.0,5.0,0
195,1,IH1901,0,22,0,0,1,0,0,2,3,1,,1,3.0,2.0,2.0,1.0,5.0,3.0,12,1.8,2.0,1.0,3.0,2.0,2.0,2.0,2.0,3.0,2.0,4.0,3.0,5.0,2.0,3.0,5.0,4.0,4.0,5.0,4.0,4.0,3.0,4.0,6.0,2.0,4.0,6.0,5.0,4.0,4.0,3.0,3.0,5.0,3.0,2.0,3.0,1.0,1,1.0,1.0,3.0,3.0,3.0,3.0,3.0,4.0,4.0,3.0,4.0,3.0,3.0,4.0,4.0,4.0,4.0,0
196,1,iiii,0,20,1,1,0,0,0,2,3,1,1.0,2,1.0,1.0,1.0,0.0,1.0,3.0,0,1.2,1.0,1.0,1.0,5.0,4.0,4.0,4.0,4.0,4.0,4.0,4.0,4.0,4.0,4.0,4.0,4.0,4.0,4.0,4.0,4.0,4.0,4.0,4.0,4.0,4.0,4.0,2.0,4.0,4.0,4.0,4.0,4.0,4.0,4.0,4.0,5.0,1,1.0,0.0,4.0,4.0,4.0,1.0,4.0,4.0,4.0,4.0,4.0,4.0,5.0,3.0,4.0,4.0,2.0,0
197,1,iiiii,0,19,1,0,0,1,0,2,2,2,3.0,2,1.0,2.0,4.0,1.0,2.0,2.0,5,9.7,4.0,6.0,4.0,3.0,5.0,3.0,4.0,4.0,5.0,5.0,4.0,6.0,4.0,5.0,5.0,7.0,5.0,4.0,5.0,5.0,7.0,5.0,4.0,5.0,6.0,4.0,5.0,4.0,4.0,4.0,4.0,5.0,4.0,3.0,5.0,1.0,1,3.0,1.0,4.0,4.0,4.0,6.0,4.0,5.0,3.0,1.0,4.0,7.0,2.0,3.0,3.0,3.0,1.0,0
198,1,iiiiii,0,20,1,1,0,0,0,2,3,2,2.0,1,1.0,4.0,5.0,4.0,5.0,0.0,1,12.3,5.0,1.0,4.0,2.0,4.0,2.0,4.0,4.0,6.0,2.0,5.0,4.0,3.0,3.0,6.0,4.0,4.0,3.0,3.0,7.0,2.0,4.0,3.0,5.0,7.0,6.0,5.0,4.0,4.0,4.0,4.0,3.0,6.0,2.0,6.0,2.0,2,3.0,5.0,3.0,4.0,1.0,2.0,3.0,6.0,6.0,5.0,3.0,2.0,3.0,3.0,4.0,1.0,4.0,0
199,0,IL2009,0,30,0,0,1,1,0,1,3,3,2.0,2,3.0,3.0,3.0,1.0,4.0,4.0,11,3.7,2.0,8.0,3.0,4.0,3.0,4.0,2.0,3.0,5.0,5.0,5.0,2.0,4.0,4.0,5.0,5.0,4.0,5.0,4.0,4.0,4.0,4.0,4.0,5.0,5.0,3.0,5.0,4.0,3.0,4.0,3.0,4.0,4.0,7.0,5.0,1.0,1,1.0,3.0,2.0,2.0,4.0,4.0,5.0,4.0,6.0,4.0,5.0,4.0,3.0,4.0,5.0,4.0,5.0,1
200,0,IO3107,2,33,0,0,1,1,0,2,4,3,4.0,3,3.0,4.0,4.0,3.0,1.0,0.0,10,2.4,3.0,6.0,4.0,4.0,3.0,2.0,4.0,2.0,3.0,6.0,4.0,5.0,2.0,3.0,4.0,5.0,6.0,6.0,3.0,6.0,3.0,6.0,6.0,2.0,3.0,5.0,5.0,4.0,5.0,5.0,5.0,7.0,6.0,5.0,6.0,1.0,2,5.0,5.0,4.0,5.0,5.0,3.0,5.0,3.0,4.0,4.0,4.0,2.0,2.0,2.0,3.0,2.0,3.0,1
201,0,IS0202,2,25,1,0,1,0,0,2,3,3,2.0,2,1.0,2.0,2.0,1.0,4.0,5.0,8,2.4,2.0,6.0,2.0,4.0,4.0,3.0,3.0,4.0,3.0,5.0,5.0,2.0,4.0,2.0,4.0,6.0,4.0,5.0,5.0,4.0,2.0,4.0,5.0,3.0,4.0,7.0,5.0,5.0,5.0,3.0,6.0,3.0,4.0,6.0,5.0,2.0,1,3.0,2.0,4.0,4.0,2.0,4.0,5.0,1.0,5.0,4.0,4.0,3.0,3.0,2.0,3.0,4.0,3.0,1
202,1,IV1108,1,21,1,1,1,0,0,1,2,1,2.0,2,1.0,3.0,4.0,3.0,2.0,5.0,9,4.0,4.0,12.0,3.0,3.0,5.0,3.0,2.0,5.0,6.0,5.0,5.0,5.0,6.0,3.0,6.0,6.0,4.0,7.0,5.0,6.0,2.0,5.0,5.0,2.0,4.0,5.0,5.0,3.0,4.0,5.0,2.0,3.0,4.0,4.0,5.0,2.0,5,2.0,4.0,3.0,4.0,4.0,4.0,2.0,3.0,4.0,4.0,4.0,4.0,5.0,4.0,3.0,3.0,2.0,0
203,1,jjjj,0,18,0,0,0,1,0,1,3,1,3.0,1,4.0,1.0,1.0,1.0,5.0,4.0,4,1.0,2.0,1.0,1.0,3.0,5.0,5.0,5.0,5.0,5.0,5.0,5.0,5.0,5.0,5.0,5.0,5.0,5.0,5.0,5.0,5.0,5.0,5.0,5.0,5.0,5.0,5.0,5.0,5.0,5.0,5.0,5.0,5.0,5.0,5.0,5.0,3.0,9,2.0,4.0,5.0,5.0,5.0,1.0,5.0,5.0,5.0,5.0,5.0,5.0,3.0,3.0,3.0,2.0,2.0,0
204,1,jjjjj,0,19,0,1,0,0,0,1,3,1,2.0,1,2.0,4.0,4.0,2.0,3.0,3.0,10,3.8,3.0,8.0,4.0,3.0,7.0,6.0,4.0,4.0,7.0,4.0,4.0,3.0,4.0,2.0,5.0,6.0,6.0,5.0,4.0,7.0,3.0,5.0,4.0,2.0,5.0,3.0,5.0,3.0,5.0,4.0,4.0,3.0,4.0,4.0,5.0,1.0,2,2.0,4.0,5.0,4.0,4.0,5.0,1.0,5.0,2.0,5.0,4.0,5.0,4.0,2.0,3.0,3.0,4.0,0
205,1,JT1212,0,22,1,0,0,0,0,1,3,2,1.0,1,1.0,2.0,4.0,1.0,2.0,1.0,9,7.9,3.0,1.0,3.0,3.0,1.0,4.0,2.0,1.0,1.0,3.0,3.0,2.0,1.0,5.0,4.0,4.0,4.0,4.0,5.0,6.0,3.0,2.0,3.0,6.0,5.0,3.0,5.0,6.0,6.0,6.0,6.0,4.0,5.0,5.0,4.0,2.0,5,0.0,0.0,2.0,1.0,1.0,3.0,2.0,6.0,2.0,5.0,2.0,5.0,1.0,2.0,2.0,2.0,4.0,0
206,0,JZ1112,2,28,1,1,0,1,0,1,2,2,4.0,2,2.0,3.0,2.0,1.0,4.0,2.0,14,2.8,2.0,0.0,2.0,2.0,3.0,3.0,1.0,2.0,3.0,2.0,3.0,5.0,3.0,5.0,2.0,4.0,4.0,5.0,6.0,3.0,5.0,2.0,2.0,4.0,2.0,4.0,5.0,5.0,5.0,6.0,4.0,3.0,4.0,4.0,3.0,1.0,1,2.0,1.0,3.0,3.0,3.0,3.0,5.0,4.0,3.0,3.0,4.0,5.0,2.0,2.0,3.0,5.0,2.0,1
207,1,kaka,0,22,1,0,0,1,0,2,3,1,1.0,2,1.0,2.0,4.0,1.0,2.0,3.0,12,6.6,2.0,1.0,3.0,5.0,5.0,5.0,5.0,5.0,5.0,5.0,5.0,5.0,5.0,5.0,5.0,5.0,5.0,5.0,5.0,5.0,5.0,5.0,5.0,5.0,5.0,5.0,5.0,5.0,5.0,5.0,5.0,5.0,5.0,5.0,5.0,1.0,1,3.0,2.0,5.0,5.0,5.0,5.0,5.0,5.0,5.0,5.0,5.0,5.0,4.0,2.0,4.0,2.0,2.0,0
208,1,kakaka,0,22,0,0,1,0,0,1,3,1,1.0,1,3.0,3.0,3.0,3.0,2.0,2.0,14,5.5,5.0,12.0,4.0,4.0,5.0,3.0,6.0,5.0,2.0,4.0,2.0,4.0,6.0,1.0,6.0,5.0,5.0,5.0,4.0,5.0,2.0,6.0,4.0,5.0,4.0,4.0,5.0,7.0,4.0,5.0,4.0,4.0,4.0,4.0,4.0,1.0,1,0.0,2.0,2.0,2.0,2.0,7.0,3.0,7.0,3.0,5.0,6.0,4.0,4.0,3.0,1.0,3.0,1.0,0
209,1,kakakaka,0,20,0,1,0,0,0,2,3,1,1.0,1,2.0,2.0,3.0,2.0,3.0,4.0,15,7.3,5.0,7.0,4.0,2.0,4.0,3.0,3.0,1.0,2.0,5.0,6.0,4.0,4.0,2.0,3.0,5.0,5.0,5.0,4.0,6.0,1.0,7.0,5.0,4.0,7.0,4.0,5.0,5.0,4.0,6.0,5.0,3.0,6.0,3.0,3.0,3.0,10,4.0,2.0,5.0,4.0,5.0,4.0,3.0,6.0,4.0,2.0,4.0,6.0,4.0,4.0,2.0,2.0,3.0,0
210,0,KE0911,2,26,1,0,1,0,0,2,4,1,3.0,2,1.0,3.0,3.0,1.0,3.0,1.0,2,5.1,2.0,6.0,3.0,2.0,3.0,5.0,3.0,3.0,1.0,4.0,3.0,4.0,4.0,4.0,4.0,6.0,5.0,4.0,4.0,3.0,2.0,4.0,5.0,4.0,6.0,4.0,5.0,5.0,4.0,5.0,6.0,6.0,5.0,6.0,5.0,1.0,0,1.0,0.0,2.0,1.0,4.0,4.0,4.0,4.0,4.0,4.0,3.0,4.0,5.0,4.0,2.0,2.0,4.0,1
211,0,KE2201,2,28,0,1,1,1,0,2,3,3,5.0,1,2.0,3.0,3.0,2.0,4.0,2.0,6,4.8,3.0,1.0,2.0,3.0,5.0,5.0,5.0,5.0,5.0,5.0,5.0,5.0,5.0,5.0,5.0,5.0,5.0,5.0,5.0,5.0,5.0,5.0,5.0,5.0,5.0,5.0,5.0,5.0,5.0,5.0,5.0,5.0,5.0,5.0,5.0,1.0,1,2.0,1.0,5.0,5.0,5.0,3.0,5.0,5.0,5.0,5.0,5.0,5.0,3.0,3.0,3.0,3.0,2.0,1
212,0,KF0603,2,28,0,1,0,0,0,3,3,2,1.0,3,2.0,2.0,2.0,1.0,4.0,2.0,5,3.5,2.0,1.0,2.0,5.0,3.0,2.0,3.0,2.0,2.0,4.0,4.0,2.0,4.0,6.0,2.0,3.0,3.0,5.0,5.0,3.0,4.0,2.0,1.0,6.0,3.0,4.0,5.0,5.0,4.0,5.0,4.0,3.0,2.0,3.0,3.0,1.0,2,1.0,0.0,3.0,1.0,4.0,2.0,4.0,4.0,5.0,3.0,7.0,3.0,4.0,3.0,4.0,3.0,3.0,1
213,0,KH2211,2,24,0,0,1,1,0,1,3,3,5.0,1,4.0,2.0,1.0,0.0,3.0,3.0,4,1.5,1.0,4.0,2.0,4.0,3.0,4.0,4.0,3.0,2.0,4.0,2.0,2.0,3.0,4.0,4.0,4.0,4.0,6.0,2.0,4.0,4.0,2.0,4.0,4.0,4.0,2.0,5.0,3.0,5.0,6.0,4.0,4.0,3.0,4.0,4.0,1.0,3,1.0,2.0,4.0,3.0,3.0,4.0,3.0,2.0,4.0,3.0,4.0,4.0,5.0,4.0,3.0,3.0,3.0,1
214,0,KH2801,2,28,1,1,0,1,0,2,3,3,4.0,2,2.0,2.0,3.0,1.0,5.0,2.0,20,4.0,4.0,5.0,4.0,3.0,5.0,5.0,4.0,4.0,4.0,6.0,5.0,4.0,6.0,3.0,3.0,2.0,2.0,5.0,4.0,3.0,4.0,5.0,3.0,5.0,5.0,5.0,5.0,5.0,5.0,6.0,4.0,5.0,4.0,5.0,5.0,1.0,2,3.0,2.0,5.0,5.0,5.0,5.0,6.0,2.0,6.0,5.0,2.0,5.0,4.0,4.0,3.0,4.0,2.0,0
215,1,kkk,0,21,0,0,0,1,0,3,3,1,1.0,2,4.0,2.0,1.0,4.0,1.0,0.0,12,6.7,1.0,0.0,2.0,2.0,5.0,3.0,3.0,1.0,4.0,2.0,2.0,4.0,3.0,5.0,3.0,6.0,4.0,4.0,6.0,3.0,5.0,5.0,1.0,5.0,5.0,6.0,5.0,5.0,5.0,6.0,6.0,3.0,5.0,5.0,5.0,3.0,6,5.0,4.0,4.0,3.0,3.0,1.0,3.0,4.0,2.0,3.0,2.0,2.0,4.0,4.0,2.0,4.0,2.0,0
216,1,kkkk,0,21,1,0,0,1,0,2,1,1,1.0,1,1.0,2.0,3.0,2.0,3.0,2.0,4,1.9,2.0,2.0,4.0,3.0,3.0,5.0,3.0,3.0,5.0,4.0,6.0,7.0,5.0,5.0,6.0,4.0,3.0,4.0,4.0,4.0,4.0,4.0,2.0,5.0,5.0,4.0,5.0,3.0,5.0,7.0,7.0,5.0,5.0,5.0,5.0,2.0,2,2.0,0.0,3.0,2.0,3.0,3.0,1.0,6.0,3.0,3.0,2.0,4.0,3.0,4.0,3.0,3.0,4.0,0
217,1,kkkkk,0,20,1,1,0,0,0,1,3,4,2.0,2,1.0,1.0,1.0,3.0,2.0,0.0,1,1.2,1.0,5.0,3.0,3.0,3.0,3.0,3.0,3.0,3.0,3.0,3.0,3.0,3.0,3.0,3.0,3.0,3.0,3.0,3.0,3.0,3.0,3.0,3.0,3.0,3.0,3.0,5.0,3.0,3.0,3.0,3.0,3.0,3.0,3.0,3.0,7.0,0,4.0,3.0,3.0,3.0,3.0,6.0,3.0,3.0,3.0,3.0,3.0,3.0,1.0,2.0,3.0,3.0,2.0,0
218,1,kkkkkk,0,22,1,0,1,0,0,1,3,2,1.0,1,1.0,3.0,3.0,3.0,3.0,4.0,3,4.2,4.0,3.0,3.0,5.0,3.0,3.0,5.0,4.0,6.0,5.0,5.0,5.0,4.0,4.0,7.0,4.0,4.0,4.0,5.0,5.0,2.0,5.0,2.0,4.0,3.0,4.0,5.0,5.0,7.0,3.0,3.0,3.0,5.0,4.0,5.0,7.0,13,2.0,3.0,7.0,5.0,4.0,3.0,5.0,5.0,1.0,5.0,3.0,4.0,4.0,3.0,4.0,2.0,3.0,0
219,0,KO0809,2,29,1,1,0,1,0,2,3,3,1.0,1,2.0,3.0,2.0,3.0,5.0,4.0,6,2.8,2.0,7.0,3.0,3.0,3.0,4.0,3.0,3.0,5.0,4.0,5.0,3.0,3.0,6.0,3.0,3.0,4.0,5.0,4.0,3.0,5.0,5.0,2.0,3.0,3.0,3.0,5.0,6.0,5.0,6.0,5.0,5.0,3.0,5.0,6.0,1.0,0,3.0,2.0,4.0,3.0,5.0,4.0,3.0,4.0,3.0,3.0,6.0,2.0,2.0,2.0,4.0,4.0,5.0,1
220,1,KP2997,2,22,0,1,0,0,0,2,3,1,1.0,1,1.0,2.0,1.0,1.0,3.0,3.0,4,2.0,3.0,3.0,3.0,3.0,3.0,2.0,2.0,2.0,2.0,4.0,2.0,2.0,2.0,4.0,4.0,5.0,5.0,5.0,7.0,5.0,3.0,5.0,4.0,5.0,4.0,5.0,5.0,4.0,5.0,5.0,4.0,3.0,3.0,4.0,4.0,4.0,2,1.0,0.0,2.0,2.0,2.0,3.0,2.0,2.0,2.0,6.0,5.0,2.0,3.0,3.0,2.0,3.0,4.0,0
221,0,kpi100,2,30,0,1,0,1,0,2,1,2,2.0,4,4.0,3.0,2.0,0.0,5.0,2.0,14,5.9,2.0,3.0,3.0,5.0,1.0,3.0,2.0,2.0,2.0,1.0,3.0,5.0,2.0,5.0,5.0,5.0,3.0,3.0,5.0,4.0,6.0,4.0,5.0,5.0,2.0,4.0,7.0,3.0,3.0,4.0,3.0,4.0,5.0,4.0,3.0,1.0,0,0.0,1.0,4.0,2.0,3.0,2.0,6.0,3.0,5.0,4.0,6.0,4.0,3.0,3.0,2.0,3.0,2.0,1
222,0,KS1712,0,26,0,1,0,0,0,2,3,2,1.0,3,2.0,3.0,3.0,1.0,5.0,1.0,20,3.7,2.0,3.0,2.0,4.0,5.0,5.0,4.0,4.0,4.0,4.0,4.0,4.0,3.0,2.0,6.0,5.0,5.0,5.0,4.0,6.0,3.0,7.0,4.0,2.0,5.0,4.0,5.0,4.0,4.0,2.0,3.0,4.0,4.0,6.0,3.0,1.0,0,0.0,1.0,2.0,3.0,3.0,4.0,3.0,7.0,3.0,1.0,7.0,2.0,4.0,2.0,3.0,3.0,2.0,1
223,1,KS1811,1,19,1,1,1,0,0,2,2,2,2.0,1,1.0,2.0,1.0,0.0,5.0,0.0,10,1.0,1.0,10.0,4.0,3.0,5.0,3.0,2.0,2.0,2.0,5.0,5.0,6.0,2.0,3.0,5.0,3.0,2.0,5.0,3.0,5.0,3.0,3.0,5.0,5.0,5.0,3.0,5.0,5.0,5.0,5.0,5.0,5.0,5.0,5.0,5.0,1.0,0,0.0,0.0,1.0,1.0,1.0,3.0,6.0,3.0,5.0,3.0,5.0,5.0,4.0,4.0,2.0,2.0,2.0,0
224,0,KU1609,2,26,0,0,1,0,0,2,1,3,6.0,2,3.0,1.0,1.0,2.0,5.0,5.0,16,2.3,1.0,2.0,1.0,2.0,6.0,5.0,4.0,3.0,6.0,5.0,5.0,2.0,6.0,3.0,5.0,6.0,4.0,6.0,2.0,5.0,1.0,7.0,3.0,4.0,6.0,5.0,5.0,4.0,4.0,5.0,4.0,3.0,4.0,3.0,4.0,1.0,13,2.0,5.0,3.0,4.0,5.0,4.0,7.0,2.0,5.0,4.0,3.0,4.0,3.0,3.0,2.0,2.0,3.0,1
225,0,KY1405,2,31,1,1,1,0,0,2,1,3,2.0,2,2.0,2.0,2.0,3.0,2.0,5.0,21,4.3,3.0,6.0,3.0,3.0,6.0,4.0,3.0,4.0,4.0,6.0,5.0,5.0,5.0,3.0,5.0,7.0,4.0,4.0,2.0,7.0,4.0,6.0,5.0,2.0,6.0,6.0,5.0,6.0,6.0,5.0,7.0,5.0,5.0,5.0,7.0,1.0,2,4.0,5.0,4.0,4.0,6.0,4.0,3.0,6.0,4.0,2.0,6.0,4.0,4.0,4.0,5.0,5.0,4.0,1
226,0,KY2204,0,32,1,0,0,0,0,1,1,5,1.0,1,1.0,,4.0,4.0,2.0,5.0,24,22.9,5.0,2.0,5.0,4.0,6.0,5.0,5.0,4.0,4.0,5.0,5.0,3.0,4.0,5.0,6.0,4.0,4.0,5.0,3.0,6.0,2.0,5.0,7.0,5.0,7.0,7.0,5.0,5.0,7.0,5.0,5.0,5.0,5.0,6.0,5.0,1.0,1,5.0,5.0,6.0,6.0,7.0,5.0,3.0,4.0,3.0,3.0,4.0,3.0,4.0,4.0,2.0,3.0,2.0,1
227,0,LA0907,2,26,0,1,0,0,0,2,4,3,6.0,2,2.0,2.0,2.0,2.0,2.0,3.0,5,2.2,1.0,3.0,2.0,2.0,3.0,3.0,3.0,3.0,3.0,3.0,3.0,3.0,3.0,3.0,3.0,3.0,3.0,3.0,3.0,3.0,3.0,3.0,3.0,3.0,3.0,3.0,5.0,3.0,3.0,3.0,3.0,3.0,3.0,3.0,3.0,1.0,2,1.0,2.0,3.0,3.0,3.0,4.0,3.0,3.0,3.0,3.0,3.0,3.0,4.0,4.0,5.0,4.0,4.0,1
228,0,LD0704,2,29,0,1,0,0,0,1,3,3,4.0,3,1.0,1.0,1.0,1.0,3.0,3.0,3,0.25,1.0,3.0,2.0,2.0,3.0,3.0,3.0,3.0,3.0,4.0,4.0,5.0,5.0,5.0,5.0,5.0,3.0,5.0,4.0,5.0,3.0,5.0,4.0,5.0,3.0,5.0,5.0,3.0,4.0,3.0,5.0,6.0,4.0,5.0,3.0,1.0,1,2.0,1.0,3.0,3.0,6.0,2.0,6.0,3.0,5.0,4.0,3.0,6.0,4.0,5.0,3.0,4.0,3.0,0
229,0,LE0904,1,25,1,1,0,0,0,1,2,3,2.0,2,2.0,2.0,2.0,0.0,3.0,3.0,8,3.0,2.0,0.0,3.0,4.0,3.0,3.0,2.0,3.0,3.0,4.0,5.0,2.0,3.0,3.0,4.0,3.0,6.0,5.0,3.0,6.0,3.0,5.0,3.0,4.0,5.0,5.0,5.0,5.0,6.0,7.0,6.0,3.0,2.0,3.0,3.0,1.0,0,1.0,1.0,3.0,3.0,4.0,4.0,4.0,4.0,4.0,1.0,5.0,2.0,4.0,4.0,2.0,3.0,3.0,1
230,0,LE1804,2,24,1,0,0,0,0,2,2,3,4.0,3,1.0,3.0,4.0,2.0,3.0,5.0,7,2.4,3.0,1.0,3.0,4.0,2.0,3.0,2.0,3.0,3.0,3.0,3.0,3.0,3.0,6.0,2.0,4.0,4.0,4.0,4.0,5.0,5.0,4.0,1.0,2.0,4.0,3.0,5.0,4.0,5.0,5.0,5.0,4.0,3.0,4.0,2.0,1.0,3,2.0,4.0,2.0,4.0,3.0,3.0,3.0,4.0,3.0,3.0,4.0,2.0,4.0,3.0,2.0,2.0,2.0,1
231,0,LI0104,1,23,1,0,0,0,0,2,1,3,6.0,1,1.0,2.0,1.0,0.0,5.0,2.0,3,2.1,1.0,0.0,2.0,3.0,4.0,4.0,2.0,2.0,2.0,4.0,1.0,5.0,4.0,3.0,5.0,6.0,5.0,5.0,2.0,7.0,2.0,3.0,6.0,1.0,6.0,6.0,5.0,4.0,6.0,6.0,3.0,7.0,6.0,4.0,6.0,2.0,0,0.0,1.0,3.0,1.0,1.0,3.0,4.0,3.0,4.0,5.0,3.0,4.0,3.0,4.0,2.0,3.0,3.0,1
232,0,link01,2,23,1,1,0,0,0,1,4,1,2.0,2,2.0,,5.0,4.0,3.0,5.0,34,17.9,5.0,19.0,5.0,4.0,3.0,3.0,4.0,2.0,2.0,4.0,3.0,4.0,3.0,4.0,4.0,4.0,4.0,3.0,4.0,5.0,4.0,5.0,5.0,5.0,4.0,4.0,5.0,7.0,5.0,4.0,4.0,4.0,2.0,4.0,4.0,1.0,18,5.0,5.0,5.0,5.0,5.0,2.0,3.0,4.0,4.0,3.0,6.0,5.0,4.0,4.0,5.0,4.0,5.0,1
233,0,list01,1,24,1,0,0,0,0,2,3,6,2.0,1,1.0,3.0,3.0,0.0,1.0,3.0,14,10.9,3.0,15.0,2.0,1.0,2.0,2.0,4.0,2.0,3.0,3.0,4.0,4.0,5.0,4.0,5.0,4.0,5.0,4.0,7.0,3.0,5.0,3.0,3.0,6.0,3.0,1.0,7.0,4.0,4.0,5.0,4.0,3.0,1.0,1.0,3.0,1.0,5,1.0,2.0,4.0,5.0,3.0,4.0,4.0,5.0,4.0,3.0,4.0,5.0,3.0,3.0,3.0,3.0,3.0,1
234,1,lkjh,0,20,1,0,0,1,0,2,3,1,2.0,2,1.0,1.0,1.0,3.0,2.0,4.0,4,4.6,1.0,0.0,1.0,3.0,2.0,2.0,4.0,2.0,2.0,4.0,3.0,3.0,3.0,6.0,5.0,5.0,4.0,5.0,4.0,2.0,5.0,2.0,5.0,4.0,5.0,4.0,5.0,5.0,5.0,7.0,4.0,6.0,5.0,4.0,5.0,4.0,2,1.0,5.0,4.0,4.0,5.0,1.0,4.0,6.0,3.0,4.0,4.0,4.0,3.0,3.0,2.0,1.0,2.0,0
235,1,lkjhgf,0,19,1,0,0,0,0,1,1,2,1.0,1,1.0,1.0,3.0,3.0,3.0,4.0,5,2.8,2.0,3.0,2.0,3.0,4.0,3.0,3.0,5.0,5.0,4.0,4.0,6.0,4.0,3.0,2.0,5.0,4.0,4.0,4.0,6.0,5.0,5.0,5.0,5.0,4.0,5.0,1.0,5.0,5.0,5.0,1.0,6.0,2.0,5.0,5.0,1.0,0,3.0,2.0,5.0,3.0,5.0,2.0,1.0,7.0,2.0,3.0,1.0,5.0,4.0,4.0,4.0,3.0,1.0,0
236,1,LL2408,0,21,1,1,0,0,0,2,3,2,2.0,1,1.0,2.0,2.0,1.0,2.0,2.0,3,1.0,2.0,2.0,3.0,2.0,6.0,3.0,2.0,1.0,2.0,2.0,2.0,6.0,2.0,4.0,3.0,6.0,5.0,5.0,5.0,6.0,6.0,6.0,4.0,6.0,3.0,5.0,5.0,4.0,5.0,5.0,6.0,6.0,6.0,6.0,6.0,5.0,0,0.0,0.0,1.0,1.0,3.0,1.0,5.0,5.0,5.0,2.0,3.0,3.0,3.0,2.0,4.0,4.0,4.0,0
237,0,LN1306,1,35,0,0,0,1,0,2,4,1,3.0,2,4.0,,5.0,0.0,4.0,3.0,31,18.1,5.0,34.0,5.0,3.0,4.0,6.0,3.0,6.0,6.0,6.0,5.0,2.0,4.0,4.0,4.0,3.0,3.0,3.0,4.0,5.0,3.0,5.0,5.0,5.0,5.0,4.0,5.0,5.0,5.0,5.0,6.0,4.0,4.0,3.0,4.0,2.0,2,2.0,2.0,3.0,2.0,2.0,5.0,2.0,6.0,3.0,5.0,5.0,6.0,4.0,4.0,2.0,1.0,1.0,1
238,0,LO0209,2,30,0,1,0,1,0,1,2,3,2.0,1,4.0,2.0,1.0,1.0,4.0,3.0,5,2.6,2.0,1.0,2.0,3.0,5.0,3.0,1.0,3.0,3.0,3.0,3.0,4.0,3.0,5.0,4.0,3.0,5.0,3.0,5.0,5.0,4.0,3.0,3.0,6.0,3.0,5.0,5.0,4.0,3.0,5.0,5.0,5.0,4.0,5.0,4.0,1.0,4,2.0,2.0,4.0,3.0,6.0,4.0,5.0,5.0,4.0,3.0,4.0,4.0,4.0,2.0,4.0,4.0,3.0,1
239,0,LO0811,2,24,0,1,0,0,0,2,4,3,3.0,3,2.0,4.0,4.0,1.0,5.0,5.0,36,8.0,3.0,6.0,4.0,3.0,7.0,6.0,6.0,6.0,7.0,6.0,7.0,3.0,6.0,3.0,7.0,5.0,6.0,7.0,2.0,7.0,1.0,7.0,6.0,1.0,7.0,6.0,5.0,5.0,6.0,6.0,5.0,4.0,3.0,4.0,3.0,1.0,4,3.0,3.0,5.0,3.0,4.0,5.0,5.0,4.0,6.0,4.0,5.0,3.0,4.0,3.0,2.0,4.0,4.0,1
240,1,LT2710,2,22,1,0,0,0,0,1,1,2,4.0,1,1.0,2.0,4.0,3.0,4.0,5.0,10,3.0,5.0,10.0,4.0,4.0,5.0,4.0,5.0,3.0,2.0,5.0,3.0,7.0,6.0,6.0,6.0,1.0,1.0,7.0,1.0,1.0,6.0,2.0,5.0,5.0,6.0,6.0,5.0,5.0,5.0,6.0,7.0,6.0,5.0,5.0,7.0,7.0,5,2.0,5.0,4.0,4.0,3.0,3.0,7.0,1.0,7.0,6.0,5.0,5.0,5.0,3.0,2.0,2.0,3.0,0
241,0,LT2904,2,32,0,0,1,0,0,2,3,3,1.0,4,3.0,2.0,1.0,0.0,5.0,2.0,2,2.4,2.0,5.0,2.0,2.0,3.0,3.0,4.0,2.0,3.0,4.0,2.0,2.0,3.0,5.0,4.0,3.0,4.0,5.0,6.0,3.0,5.0,4.0,4.0,5.0,4.0,4.0,5.0,3.0,3.0,6.0,3.0,5.0,5.0,5.0,5.0,1.0,3,1.0,0.0,3.0,2.0,3.0,4.0,3.0,3.0,3.0,3.0,5.0,3.0,4.0,3.0,3.0,2.0,3.0,1
242,0,LU0403,2,31,0,1,1,0,0,2,3,3,3.0,2,2.0,4.0,4.0,2.0,4.0,0.0,43,6.6,3.0,48.0,4.0,3.0,4.0,4.0,1.0,4.0,5.0,4.0,3.0,5.0,3.0,4.0,5.0,7.0,3.0,4.0,5.0,4.0,1.0,5.0,5.0,3.0,7.0,4.0,5.0,4.0,5.0,5.0,2.0,2.0,3.0,4.0,5.0,2.0,7,4.0,2.0,5.0,5.0,4.0,2.0,3.0,4.0,4.0,1.0,5.0,2.0,3.0,2.0,5.0,4.0,3.0,1
243,1,luot123,0,20,1,1,0,0,0,2,3,2,1.0,3,1.0,1.0,1.0,0.0,3.0,2.0,5,1.6,1.0,2.0,1.0,4.0,4.0,4.0,4.0,4.0,4.0,4.0,4.0,4.0,4.0,4.0,4.0,4.0,4.0,4.0,4.0,4.0,4.0,4.0,4.0,4.0,4.0,4.0,5.0,4.0,4.0,4.0,4.0,4.0,4.0,4.0,4.0,2.0,4,0.0,0.0,4.0,4.0,4.0,1.0,4.0,4.0,4.0,4.0,4.0,4.0,3.0,4.0,3.0,3.0,2.0,0
244,1,luotq,0,18,1,0,0,1,0,1,1,4,1.0,1,1.0,3.0,2.0,3.0,3.0,4.0,2,1.7,2.0,7.0,3.0,5.0,3.0,7.0,4.0,3.0,5.0,4.0,3.0,5.0,3.0,2.0,3.0,6.0,4.0,6.0,4.0,6.0,3.0,5.0,5.0,4.0,1.0,3.0,5.0,5.0,4.0,2.0,5.0,5.0,5.0,2.0,4.0,3.0,7,5.0,3.0,4.0,4.0,4.0,6.0,2.0,5.0,4.0,4.0,2.0,3.0,3.0,3.0,2.0,4.0,3.0,0
245,1,luotqua,0,18,1,0,0,0,0,2,3,1,2.0,1,1.0,1.0,2.0,0.0,3.0,2.0,16,1.7,1.0,1.0,2.0,1.0,5.0,5.0,5.0,5.0,5.0,5.0,5.0,5.0,5.0,5.0,5.0,5.0,5.0,5.0,5.0,5.0,5.0,5.0,5.0,5.0,5.0,5.0,5.0,5.0,5.0,5.0,5.0,5.0,5.0,5.0,5.0,1.0,0,1.0,0.0,5.0,5.0,5.0,3.0,5.0,5.0,5.0,5.0,5.0,5.0,4.0,5.0,4.0,2.0,1.0,0
246,0,LW2708,0,31,1,0,1,0,0,2,3,3,1.0,1,1.0,4.0,4.0,3.0,3.0,3.0,11,13.1,4.0,10.0,3.0,2.0,4.0,2.0,4.0,4.0,3.0,4.0,4.0,5.0,6.0,3.0,3.0,6.0,4.0,4.0,4.0,5.0,3.0,5.0,3.0,5.0,3.0,4.0,5.0,3.0,4.0,4.0,5.0,5.0,4.0,6.0,5.0,2.0,1,1.0,2.0,4.0,3.0,4.0,4.0,4.0,5.0,4.0,2.0,7.0,2.0,4.0,2.0,5.0,4.0,4.0,1
247,0,LX1002,0,26,1,0,1,1,0,2,2,2,2.0,1,3.0,2.0,2.0,1.0,5.0,2.0,2,2.7,2.0,2.0,1.0,1.0,4.0,3.0,3.0,1.0,2.0,3.0,1.0,5.0,2.0,3.0,6.0,5.0,5.0,7.0,4.0,4.0,1.0,5.0,4.0,4.0,6.0,6.0,5.0,2.0,4.0,3.0,4.0,4.0,5.0,5.0,4.0,1.0,2,0.0,0.0,3.0,1.0,2.0,3.0,6.0,2.0,5.0,4.0,3.0,4.0,3.0,3.0,5.0,4.0,2.0,1
248,0,LY1308,1,24,1,1,1,0,0,2,4,1,4.0,3,1.0,3.0,3.0,4.0,4.0,4.0,11,10.4,3.0,8.0,3.0,3.0,6.0,4.0,4.0,2.0,5.0,4.0,6.0,3.0,4.0,6.0,4.0,3.0,1.0,5.0,4.0,5.0,3.0,3.0,1.0,6.0,2.0,2.0,5.0,4.0,6.0,5.0,4.0,5.0,5.0,6.0,6.0,1.0,7,3.0,5.0,5.0,4.0,6.0,4.0,2.0,5.0,3.0,2.0,5.0,4.0,1.0,2.0,4.0,3.0,3.0,1
249,0,LY2106,2,32,0,1,0,0,0,2,3,3,3.0,1,2.0,3.0,3.0,2.0,5.0,4.0,12,3.7,3.0,6.0,3.0,3.0,4.0,5.0,3.0,4.0,4.0,5.0,6.0,3.0,4.0,4.0,5.0,5.0,5.0,4.0,5.0,4.0,4.0,5.0,4.0,4.0,3.0,5.0,5.0,7.0,5.0,6.0,6.0,3.0,4.0,4.0,4.0,1.0,14,3.0,4.0,4.0,5.0,4.0,5.0,6.0,4.0,4.0,3.0,4.0,3.0,3.0,3.0,4.0,3.0,4.0,1
250,0,MA2203,2,23,1,0,0,0,0,2,3,3,2.0,1,1.0,2.0,2.0,1.0,3.0,3.0,10,7.2,2.0,4.0,2.0,2.0,5.0,5.0,5.0,6.0,4.0,6.0,5.0,1.0,6.0,3.0,3.0,7.0,6.0,5.0,4.0,5.0,1.0,5.0,5.0,2.0,5.0,6.0,5.0,7.0,7.0,7.0,6.0,6.0,6.0,5.0,6.0,1.0,6,2.0,2.0,3.0,4.0,4.0,5.0,4.0,5.0,3.0,3.0,3.0,4.0,3.0,3.0,3.0,3.0,3.0,1
251,0,MA2805,2,30,1,0,0,0,0,2,3,3,3.0,1,1.0,,4.0,3.0,5.0,4.0,19,12.4,4.0,17.0,5.0,3.0,4.0,2.0,2.0,1.0,3.0,2.0,2.0,6.0,3.0,5.0,2.0,2.0,3.0,3.0,6.0,4.0,4.0,3.0,3.0,4.0,4.0,2.0,5.0,3.0,4.0,3.0,4.0,2.0,3.0,5.0,5.0,1.0,2,1.0,4.0,5.0,3.0,4.0,3.0,6.0,2.0,5.0,4.0,5.0,6.0,3.0,4.0,2.0,2.0,2.0,1
252,0,mail03,2,35,0,1,0,1,0,2,3,1,4.0,1,2.0,2.0,3.0,0.0,3.0,3.0,6,1.9,3.0,5.0,3.0,2.0,4.0,6.0,5.0,6.0,7.0,4.0,5.0,3.0,4.0,2.0,6.0,7.0,4.0,7.0,3.0,7.0,2.0,4.0,4.0,4.0,7.0,4.0,5.0,5.0,4.0,5.0,5.0,3.0,6.0,5.0,4.0,1.0,3,2.0,1.0,4.0,4.0,4.0,5.0,4.0,7.0,4.0,4.0,5.0,6.0,5.0,5.0,3.0,4.0,3.0,1
253,0,ME3101,2,25,1,1,1,0,0,2,2,3,1.0,2,2.0,3.0,3.0,3.0,5.0,3.0,16,6.4,2.0,5.0,2.0,2.0,2.0,1.0,2.0,2.0,2.0,5.0,3.0,6.0,1.0,4.0,5.0,5.0,3.0,4.0,4.0,5.0,4.0,5.0,4.0,5.0,5.0,4.0,5.0,5.0,3.0,4.0,3.0,3.0,4.0,3.0,5.0,1.0,1,3.0,4.0,4.0,5.0,4.0,2.0,5.0,5.0,4.0,5.0,4.0,5.0,4.0,3.0,2.0,2.0,2.0,1
254,1,met,0,19,1,0,0,0,0,1,1,1,2.0,2,5.0,3.0,3.0,3.0,3.0,2.0,10,11.0,5.0,19.0,5.0,2.0,4.0,4.0,2.0,4.0,4.0,6.0,3.0,4.0,4.0,3.0,7.0,5.0,6.0,5.0,4.0,5.0,3.0,5.0,4.0,2.0,5.0,4.0,3.0,4.0,5.0,6.0,3.0,4.0,5.0,3.0,2.0,2.0,0,0.0,1.0,3.0,3.0,3.0,1.0,4.0,7.0,3.0,3.0,3.0,4.0,3.0,4.0,3.0,3.0,3.0,0
255,1,met123,0,22,1,0,0,1,0,2,3,1,2.0,2,1.0,3.0,5.0,3.0,1.0,0.0,9,11.4,5.0,5.0,5.0,2.0,5.0,3.0,3.0,4.0,1.0,3.0,5.0,3.0,4.0,2.0,3.0,5.0,4.0,7.0,4.0,5.0,4.0,3.0,3.0,5.0,6.0,5.0,5.0,7.0,5.0,4.0,4.0,2.0,3.0,3.0,3.0,1.0,4,1.0,3.0,3.0,3.0,7.0,5.0,3.0,5.0,3.0,6.0,3.0,6.0,3.0,3.0,2.0,3.0,3.0,0
256,1,metq,0,21,1,0,1,1,0,1,3,2,2.0,1,3.0,4.0,4.0,3.0,4.0,5.0,15,6.1,5.0,17.0,4.0,3.0,6.0,4.0,4.0,4.0,4.0,4.0,3.0,6.0,5.0,4.0,3.0,4.0,3.0,4.0,4.0,5.0,4.0,4.0,6.0,7.0,5.0,3.0,5.0,6.0,4.0,6.0,6.0,5.0,2.0,3.0,4.0,6.0,0,3.0,5.0,5.0,4.0,4.0,1.0,2.0,7.0,1.0,5.0,2.0,4.0,3.0,3.0,5.0,3.0,3.0,0
257,1,metqua,0,21,1,1,1,0,0,2,3,2,2.0,1,1.0,1.0,2.0,4.0,4.0,0.0,4,2.7,2.0,2.0,2.0,4.0,5.0,5.0,5.0,5.0,5.0,5.0,5.0,5.0,5.0,5.0,5.0,5.0,5.0,5.0,5.0,5.0,5.0,5.0,5.0,5.0,5.0,5.0,5.0,5.0,5.0,5.0,5.0,5.0,5.0,5.0,5.0,1.0,2,5.0,5.0,5.0,5.0,5.0,5.0,5.0,5.0,5.0,5.0,5.0,5.0,4.0,3.0,3.0,5.0,3.0,0
258,0,MG0906,0,25,0,1,0,1,0,2,1,2,3.0,1,2.0,1.0,1.0,2.0,4.0,3.0,3,0.7,1.0,2.0,1.0,3.0,2.0,3.0,3.0,3.0,1.0,3.0,4.0,5.0,3.0,3.0,7.0,4.0,5.0,6.0,5.0,5.0,3.0,5.0,5.0,3.0,5.0,6.0,5.0,2.0,2.0,2.0,3.0,1.0,2.0,1.0,1.0,1.0,2,3.0,3.0,4.0,4.0,3.0,1.0,2.0,4.0,3.0,4.0,5.0,3.0,3.0,4.0,3.0,2.0,3.0,1
259,0,MG1803,2,31,0,0,1,1,0,2,4,5,1.0,1,3.0,4.0,4.0,0.0,2.0,1.0,12,5.2,3.0,0.0,3.0,2.0,3.0,4.0,3.0,3.0,4.0,5.0,3.0,3.0,2.0,3.0,5.0,4.0,3.0,4.0,4.0,5.0,1.0,5.0,7.0,4.0,5.0,5.0,5.0,7.0,6.0,3.0,4.0,4.0,5.0,5.0,5.0,1.0,0,2.0,1.0,4.0,3.0,3.0,4.0,2.0,5.0,2.0,2.0,4.0,3.0,3.0,3.0,2.0,4.0,4.0,1
260,0,MG2512,0,29,0,1,0,0,0,2,4,4,4.0,1,2.0,2.0,2.0,2.0,5.0,3.0,5,3.6,2.0,7.0,2.0,4.0,5.0,2.0,3.0,4.0,5.0,5.0,5.0,1.0,5.0,3.0,7.0,6.0,5.0,6.0,2.0,7.0,3.0,5.0,5.0,4.0,5.0,6.0,5.0,4.0,3.0,6.0,5.0,3.0,3.0,3.0,3.0,1.0,1,3.0,1.0,3.0,3.0,3.0,5.0,4.0,4.0,2.0,3.0,5.0,5.0,5.0,5.0,3.0,3.0,4.0,1
261,0,MI1312,2,24,0,0,1,0,0,1,3,3,3.0,1,3.0,2.0,2.0,0.0,4.0,3.0,25,5.1,2.0,5.0,2.0,3.0,2.0,1.0,1.0,2.0,4.0,3.0,2.0,6.0,3.0,3.0,5.0,3.0,2.0,5.0,4.0,5.0,3.0,5.0,4.0,3.0,5.0,5.0,5.0,4.0,4.0,5.0,4.0,4.0,4.0,3.0,3.0,1.0,0,1.0,1.0,3.0,3.0,3.0,2.0,3.0,5.0,4.0,5.0,5.0,2.0,3.0,3.0,2.0,3.0,4.0,1
262,0,MI1705,2,28,1,0,1,0,0,1,3,3,3.0,1,3.0,1.0,1.0,1.0,5.0,2.0,2,1.9,1.0,5.0,1.0,4.0,3.0,3.0,3.0,4.0,2.0,3.0,2.0,5.0,4.0,4.0,3.0,3.0,4.0,4.0,4.0,2.0,3.0,4.0,2.0,6.0,4.0,4.0,5.0,4.0,4.0,4.0,5.0,5.0,4.0,3.0,4.0,1.0,1,1.0,1.0,4.0,1.0,4.0,2.0,2.0,6.0,2.0,4.0,6.0,4.0,4.0,3.0,3.0,4.0,3.0,1
263,0,MI2208,2,24,0,1,0,0,0,2,3,1,4.0,4,2.0,3.0,4.0,2.0,4.0,0.0,4,3.1,4.0,3.0,3.0,2.0,4.0,2.0,4.0,4.0,2.0,4.0,2.0,4.0,3.0,3.0,4.0,3.0,4.0,5.0,6.0,2.0,1.0,4.0,3.0,5.0,4.0,3.0,5.0,4.0,4.0,3.0,4.0,4.0,3.0,3.0,4.0,1.0,2,4.0,5.0,5.0,4.0,6.0,3.0,5.0,2.0,6.0,5.0,5.0,3.0,2.0,2.0,2.0,3.0,2.0,1
264,0,MI2708,2,24,1,0,0,0,0,2,3,3,1.0,3,1.0,1.0,2.0,3.0,5.0,4.0,3,1.0,1.0,6.0,1.0,4.0,6.0,5.0,4.0,4.0,5.0,4.0,5.0,3.0,4.0,3.0,6.0,6.0,5.0,7.0,2.0,7.0,2.0,6.0,4.0,2.0,5.0,6.0,5.0,4.0,4.0,6.0,4.0,4.0,5.0,5.0,5.0,2.0,6,5.0,4.0,4.0,4.0,4.0,4.0,1.0,5.0,3.0,2.0,5.0,2.0,4.0,4.0,3.0,3.0,3.0,1
265,1,MJ2201,2,19,1,0,0,0,0,2,3,2,1.0,2,1.0,1.0,2.0,1.0,5.0,2.0,5,1.8,1.0,2.0,2.0,4.0,1.0,2.0,1.0,3.0,1.0,3.0,1.0,2.0,2.0,4.0,1.0,5.0,3.0,5.0,5.0,5.0,4.0,5.0,6.0,5.0,6.0,3.0,5.0,3.0,4.0,6.0,2.0,2.0,4.0,2.0,2.0,1.0,0,1.0,0.0,3.0,1.0,3.0,2.0,3.0,4.0,3.0,4.0,5.0,4.0,4.0,3.0,2.0,2.0,2.0,0
266,0,MK0108,1,30,0,0,1,0,0,2,3,3,4.0,3,3.0,2.0,2.0,0.0,5.0,4.0,11,2.9,2.0,2.0,2.0,2.0,5.0,3.0,3.0,4.0,3.0,4.0,3.0,7.0,2.0,4.0,4.0,2.0,3.0,4.0,4.0,4.0,2.0,3.0,4.0,4.0,4.0,4.0,5.0,5.0,6.0,6.0,5.0,5.0,4.0,4.0,4.0,1.0,0,1.0,4.0,3.0,3.0,2.0,4.0,4.0,4.0,4.0,1.0,7.0,3.0,3.0,2.0,4.0,4.0,4.0,1
267,1,mmmmm,0,19,1,0,0,1,0,1,3,4,2.0,2,1.0,2.0,1.0,2.0,2.0,2.0,7,1.4,1.0,1.0,1.0,2.0,5.0,4.0,3.0,4.0,3.0,4.0,3.0,6.0,6.0,4.0,4.0,5.0,5.0,3.0,4.0,6.0,2.0,6.0,5.0,1.0,4.0,4.0,7.0,3.0,2.0,4.0,3.0,3.0,3.0,5.0,6.0,6.0,0,1.0,3.0,2.0,4.0,4.0,4.0,4.0,7.0,3.0,7.0,4.0,6.0,3.0,4.0,1.0,3.0,4.0,0
268,1,mnbv,0,19,1,1,0,0,0,1,1,2,1.0,2,1.0,3.0,4.0,2.0,3.0,2.0,17,2.9,4.0,21.0,4.0,4.0,4.0,5.0,5.0,5.0,4.0,5.0,5.0,6.0,4.0,4.0,3.0,5.0,5.0,4.0,3.0,4.0,3.0,4.0,3.0,5.0,5.0,5.0,2.0,5.0,5.0,3.0,4.0,2.0,2.0,3.0,1.0,4.0,4,3.0,2.0,3.0,4.0,4.0,7.0,2.0,5.0,2.0,4.0,1.0,5.0,1.0,4.0,2.0,2.0,2.0,0
269,1,mnbvc,0,19,1,0,0,0,0,2,3,2,2.0,1,1.0,2.0,1.0,0.0,3.0,2.0,6,2.7,2.0,3.0,2.0,5.0,5.0,2.0,5.0,1.0,2.0,4.0,4.0,4.0,3.0,4.0,4.0,3.0,3.0,3.0,4.0,2.0,6.0,4.0,3.0,6.0,4.0,5.0,5.0,6.0,4.0,4.0,3.0,3.0,5.0,5.0,4.0,2.0,5,1.0,0.0,2.0,3.0,3.0,3.0,4.0,5.0,3.0,7.0,2.0,5.0,5.0,3.0,4.0,5.0,3.0,0
270,1,mnbvcxz,0,22,0,1,1,1,0,1,3,1,1.0,1,2.0,3.0,2.0,0.0,2.0,1.0,12,9.7,3.0,5.0,3.0,3.0,4.0,4.0,2.0,2.0,2.0,4.0,4.0,7.0,5.0,6.0,5.0,2.0,6.0,5.0,2.0,3.0,2.0,5.0,4.0,5.0,5.0,7.0,5.0,6.0,5.0,3.0,6.0,2.0,7.0,4.0,4.0,3.0,1,0.0,0.0,2.0,3.0,1.0,3.0,3.0,3.0,2.0,4.0,3.0,3.0,4.0,4.0,3.0,2.0,3.0,0
271,0,MO0107,1,23,1,1,0,1,0,2,3,3,4.0,1,1.0,4.0,5.0,4.0,2.0,0.0,24,6.3,5.0,5.0,4.0,3.0,6.0,6.0,4.0,6.0,6.0,5.0,5.0,2.0,6.0,3.0,6.0,6.0,4.0,5.0,3.0,6.0,2.0,5.0,5.0,5.0,7.0,4.0,5.0,5.0,6.0,4.0,5.0,3.0,3.0,4.0,3.0,1.0,14,5.0,5.0,6.0,5.0,6.0,5.0,5.0,3.0,5.0,5.0,6.0,4.0,5.0,2.0,3.0,3.0,3.0,1
272,0,MQ0000,2,26,1,1,0,1,0,1,3,3,4.0,2,1.0,4.0,3.0,3.0,2.0,3.0,12,5.7,3.0,3.0,4.0,2.0,4.0,4.0,4.0,5.0,3.0,5.0,5.0,3.0,6.0,2.0,5.0,6.0,6.0,6.0,3.0,6.0,1.0,5.0,6.0,3.0,7.0,7.0,5.0,4.0,6.0,5.0,6.0,2.0,2.0,4.0,6.0,2.0,4,3.0,3.0,3.0,4.0,4.0,4.0,3.0,6.0,3.0,2.0,6.0,4.0,3.0,2.0,3.0,4.0,3.0,1
273,0,MT2102,2,31,1,1,0,0,0,2,3,3,4.0,2,1.0,1.0,3.0,1.0,2.0,3.0,6,5.0,3.0,6.0,3.0,4.0,5.0,5.0,5.0,4.0,4.0,4.0,4.0,4.0,4.0,5.0,4.0,4.0,5.0,4.0,4.0,4.0,4.0,4.0,4.0,4.0,4.0,4.0,5.0,4.0,4.0,4.0,5.0,5.0,5.0,5.0,5.0,1.0,3,4.0,1.0,5.0,5.0,4.0,4.0,4.0,5.0,4.0,4.0,5.0,5.0,3.0,3.0,3.0,3.0,3.0,0
274,0,MVT2791,2,29,0,1,1,0,0,2,3,3,3.0,2,2.0,4.0,2.0,4.0,5.0,3.0,40,5.0,2.0,20.0,5.0,2.0,5.0,4.0,5.0,5.0,5.0,6.0,5.0,4.0,6.0,4.0,4.0,2.0,2.0,4.0,5.0,4.0,4.0,3.0,3.0,5.0,5.0,4.0,5.0,6.0,5.0,6.0,6.0,5.0,5.0,5.0,5.0,1.0,3,3.0,2.0,4.0,5.0,5.0,5.0,5.0,3.0,5.0,4.0,4.0,5.0,4.0,4.0,2.0,1.0,1.0,0
275,0,MY1411,0,24,1,0,0,0,0,2,2,2,2.0,3,1.0,4.0,4.0,2.0,5.0,1.0,39,8.3,3.0,10.0,4.0,4.0,3.0,1.0,3.0,2.0,2.0,4.0,2.0,3.0,3.0,5.0,,4.0,3.0,2.0,5.0,5.0,4.0,3.0,3.0,4.0,4.0,5.0,5.0,5.0,6.0,5.0,5.0,5.0,1.0,3.0,5.0,1.0,3,1.0,1.0,4.0,4.0,3.0,4.0,3.0,5.0,2.0,4.0,3.0,3.0,3.0,2.0,4.0,3.0,3.0,1
276,1,MĐ2405,2,23,0,1,0,0,0,1,3,8,2.0,2,2.0,1.0,1.0,1.0,4.0,2.0,5,1.0,2.0,4.0,2.0,3.0,4.0,3.0,2.0,2.0,2.0,1.0,3.0,5.0,2.0,5.0,5.0,6.0,2.0,3.0,5.0,6.0,4.0,6.0,6.0,5.0,2.0,2.0,5.0,2.0,3.0,3.0,4.0,5.0,3.0,2.0,3.0,1.0,0,0.0,0.0,2.0,2.0,1.0,2.0,1.0,6.0,2.0,4.0,4.0,2.0,3.0,4.0,2.0,2.0,2.0,0
277,0,NA1308,2,25,1,0,0,0,0,2,3,3,,1,5.0,2.0,2.0,1.0,3.0,2.0,5,6.2,1.0,2.0,2.0,3.0,5.0,3.0,3.0,4.0,4.0,6.0,5.0,3.0,4.0,3.0,4.0,3.0,5.0,4.0,4.0,6.0,3.0,5.0,5.0,5.0,6.0,3.0,2.0,4.0,6.0,5.0,4.0,5.0,5.0,5.0,6.0,1.0,2,2.0,0.0,3.0,2.0,3.0,4.0,4.0,4.0,6.0,5.0,6.0,5.0,3.0,3.0,3.0,3.0,3.0,1
278,0,NA1903,2,26,0,1,0,0,0,1,4,3,3.0,2,2.0,1.0,1.0,2.0,4.0,3.0,13,2.9,1.0,5.0,1.0,4.0,3.0,5.0,3.0,1.0,3.0,4.0,5.0,2.0,5.0,4.0,3.0,2.0,5.0,4.0,3.0,2.0,6.0,4.0,4.0,7.0,2.0,3.0,5.0,6.0,6.0,5.0,5.0,2.0,2.0,4.0,2.0,1.0,3,3.0,4.0,4.0,5.0,5.0,4.0,4.0,4.0,4.0,5.0,5.0,4.0,2.0,3.0,2.0,3.0,2.0,1
279,0,NA2611,1,27,1,0,0,1,0,2,3,3,2.0,2,1.0,,4.0,4.0,3.0,4.0,10,6.4,4.0,10.0,4.0,2.0,4.0,4.0,3.0,5.0,5.0,5.0,6.0,3.0,4.0,3.0,4.0,4.0,4.0,6.0,4.0,4.0,1.0,5.0,4.0,4.0,6.0,5.0,5.0,6.0,6.0,7.0,6.0,3.0,3.0,5.0,2.0,1.0,1,2.0,4.0,4.0,4.0,4.0,5.0,4.0,4.0,3.0,5.0,3.0,5.0,4.0,3.0,1.0,3.0,1.0,1
280,0,NAMNAM,2,25,1,1,1,0,0,2,1,3,2.0,1,2.0,4.0,4.0,2.0,5.0,4.0,5,10.3,3.0,14.0,3.0,2.0,5.0,3.0,3.0,4.0,5.0,4.0,3.0,3.0,4.0,2.0,4.0,7.0,6.0,6.0,3.0,6.0,2.0,5.0,7.0,2.0,5.0,5.0,5.0,2.0,2.0,2.0,2.0,5.0,5.0,6.0,5.0,1.0,2,3.0,3.0,4.0,4.0,4.0,4.0,6.0,5.0,5.0,5.0,2.0,5.0,4.0,3.0,3.0,3.0,2.0,1
281,0,NAMWASTON,2,22,1,1,0,0,0,1,3,3,3.0,2,1.0,3.0,2.0,2.0,4.0,3.0,20,3.0,2.0,12.0,4.0,4.0,4.0,4.0,4.0,4.0,4.0,4.0,4.0,5.0,3.0,3.0,4.0,3.0,3.0,3.0,5.0,2.0,5.0,4.0,3.0,6.0,3.0,2.0,5.0,6.0,7.0,6.0,4.0,5.0,5.0,5.0,5.0,1.0,3,3.0,2.0,3.0,4.0,4.0,5.0,3.0,6.0,4.0,3.0,6.0,4.0,3.0,3.0,3.0,3.0,2.0,0
282,1,NC0408,0,20,1,1,0,0,0,1,3,1,1.0,1,1.0,1.0,1.0,1.0,5.0,3.0,4,1.0,2.0,3.0,2.0,2.0,4.0,3.0,3.0,2.0,2.0,5.0,5.0,6.0,2.0,4.0,4.0,4.0,4.0,5.0,4.0,6.0,4.0,3.0,4.0,4.0,6.0,2.0,5.0,5.0,5.0,4.0,4.0,5.0,3.0,2.0,4.0,1.0,0,0.0,2.0,3.0,2.0,2.0,2.0,4.0,6.0,4.0,4.0,5.0,5.0,3.0,2.0,2.0,2.0,2.0,0
283,0,NCT001,1,28,1,0,0,1,0,2,1,8,4.0,3,1.0,4.0,4.0,4.0,1.0,0.0,10,7.4,3.0,1.0,4.0,3.0,3.0,3.0,1.0,4.0,3.0,3.0,2.0,5.0,2.0,3.0,5.0,5.0,4.0,6.0,4.0,5.0,1.0,5.0,4.0,3.0,5.0,3.0,5.0,4.0,3.0,4.0,4.0,4.0,4.0,5.0,4.0,1.0,1,5.0,5.0,3.0,4.0,4.0,4.0,3.0,4.0,4.0,5.0,6.0,3.0,1.0,2.0,2.0,2.0,3.0,1
284,0,NE1101,2,25,1,1,0,1,0,1,2,3,3.0,3,1.0,3.0,4.0,1.0,5.0,4.0,2,11.4,3.0,9.0,3.0,5.0,4.0,3.0,5.0,3.0,3.0,5.0,4.0,3.0,4.0,3.0,4.0,5.0,5.0,4.0,2.0,4.0,4.0,4.0,5.0,1.0,4.0,5.0,5.0,5.0,5.0,6.0,5.0,5.0,6.0,4.0,4.0,1.0,5,1.0,2.0,1.0,3.0,2.0,5.0,5.0,5.0,3.0,2.0,5.0,3.0,4.0,4.0,3.0,4.0,4.0,1
285,0,NE2901,2,30,0,1,0,1,0,2,3,3,4.0,1,2.0,3.0,3.0,1.0,3.0,5.0,28,4.6,2.0,2.0,3.0,1.0,3.0,3.0,4.0,4.0,3.0,5.0,3.0,3.0,5.0,3.0,3.0,6.0,4.0,4.0,5.0,2.0,3.0,5.0,4.0,4.0,3.0,5.0,5.0,4.0,3.0,5.0,4.0,6.0,4.0,5.0,3.0,1.0,1,3.0,5.0,4.0,4.0,5.0,2.0,4.0,4.0,4.0,2.0,6.0,2.0,4.0,5.0,4.0,2.0,3.0,1
286,1,ngudi,0,21,1,1,0,0,0,2,3,1,1.0,1,1.0,2.0,3.0,3.0,4.0,3.0,12,5.8,2.0,3.0,1.0,4.0,4.0,4.0,4.0,4.0,4.0,4.0,4.0,4.0,4.0,4.0,4.0,4.0,4.0,4.0,4.0,4.0,4.0,4.0,4.0,4.0,4.0,4.0,4.0,4.0,4.0,4.0,4.0,4.0,4.0,4.0,4.0,1.0,2,1.0,1.0,4.0,4.0,4.0,7.0,4.0,4.0,4.0,4.0,4.0,4.0,3.0,4.0,4.0,5.0,1.0,0
287,1,ngunghe,0,18,1,1,1,0,0,2,4,1,,2,3.0,4.0,5.0,4.0,2.0,0.0,2,5.7,5.0,12.0,5.0,3.0,4.0,4.0,4.0,4.0,4.0,4.0,4.0,4.0,4.0,4.0,4.0,4.0,4.0,4.0,4.0,4.0,4.0,4.0,4.0,4.0,4.0,4.0,2.0,4.0,4.0,4.0,4.0,4.0,4.0,4.0,4.0,2.0,9,4.0,5.0,4.0,4.0,4.0,7.0,4.0,4.0,4.0,4.0,4.0,4.0,4.0,3.0,2.0,4.0,2.0,0
288,1,nguu,0,19,1,0,0,0,0,2,3,4,2.0,1,1.0,1.0,4.0,4.0,4.0,0.0,7,7.3,2.0,1.0,3.0,2.0,4.0,4.0,4.0,4.0,4.0,4.0,4.0,4.0,4.0,4.0,4.0,4.0,4.0,4.0,4.0,4.0,4.0,4.0,4.0,4.0,4.0,4.0,5.0,4.0,4.0,4.0,4.0,4.0,4.0,4.0,4.0,7.0,5,5.0,4.0,4.0,4.0,4.0,3.0,4.0,4.0,4.0,4.0,4.0,4.0,5.0,3.0,4.0,4.0,2.0,0
289,0,NH0706,2,28,0,0,0,1,0,2,3,3,3.0,2,4.0,4.0,5.0,2.0,4.0,3.0,7,3.7,4.0,3.0,4.0,2.0,2.0,4.0,3.0,3.0,2.0,3.0,3.0,5.0,3.0,7.0,3.0,5.0,5.0,2.0,4.0,4.0,4.0,2.0,4.0,5.0,2.0,3.0,5.0,3.0,4.0,4.0,3.0,5.0,5.0,5.0,2.0,1.0,1,3.0,1.0,5.0,4.0,3.0,3.0,5.0,5.0,3.0,5.0,5.0,2.0,2.0,2.0,4.0,4.0,3.0,1
290,1,NH271,0,23,1,1,1,0,0,2,3,4,4.0,1,3.0,3.0,3.0,2.0,4.0,4.0,3,3.0,4.0,3.0,2.0,2.0,4.0,5.0,6.0,4.0,4.0,4.0,5.0,4.0,5.0,4.0,3.0,4.0,3.0,3.0,3.0,3.0,3.0,5.0,4.0,6.0,6.0,6.0,7.0,5.0,6.0,5.0,6.0,6.0,6.0,4.0,6.0,6.0,3,1.0,2.0,3.0,5.0,5.0,5.0,5.0,4.0,4.0,3.0,5.0,5.0,3.0,4.0,4.0,4.0,3.0,0
291,0,nhan77,1,26,0,1,0,0,0,1,3,3,,1,2.0,3.0,3.0,2.0,5.0,2.0,3,8.5,4.0,15.0,3.0,4.0,5.0,5.0,5.0,5.0,5.0,5.0,5.0,5.0,5.0,5.0,5.0,5.0,5.0,5.0,5.0,5.0,5.0,5.0,5.0,5.0,5.0,5.0,5.0,5.0,5.0,5.0,5.0,5.0,5.0,5.0,5.0,1.0,1,2.0,1.0,5.0,5.0,5.0,3.0,5.0,5.0,5.0,5.0,5.0,5.0,3.0,4.0,3.0,4.0,2.0,1
292,1,nhanh,0,20,1,0,1,1,0,1,3,2,1.0,1,3.0,3.0,3.0,2.0,5.0,5.0,3,7.4,4.0,14.0,3.0,5.0,5.0,5.0,6.0,4.0,1.0,7.0,7.0,6.0,5.0,2.0,5.0,4.0,1.0,6.0,5.0,4.0,3.0,5.0,6.0,2.0,3.0,4.0,6.0,5.0,5.0,5.0,5.0,4.0,4.0,4.0,4.0,4.0,1,4.0,4.0,4.0,4.0,6.0,1.0,4.0,7.0,2.0,4.0,2.0,4.0,3.0,4.0,3.0,2.0,1.0,0
293,1,nhanh1,0,21,1,1,1,0,0,2,3,1,2.0,1,1.0,4.0,2.0,1.0,5.0,5.0,0,10.8,3.0,5.0,4.0,2.0,4.0,6.0,5.0,4.0,5.0,5.0,3.0,4.0,3.0,2.0,2.0,3.0,5.0,3.0,3.0,2.0,5.0,5.0,6.0,4.0,5.0,5.0,4.0,4.0,7.0,5.0,5.0,5.0,6.0,4.0,5.0,1.0,3,1.0,0.0,2.0,4.0,3.0,2.0,4.0,5.0,2.0,7.0,2.0,4.0,4.0,4.0,4.0,4.0,3.0,0
294,1,nhanhdi,0,22,0,0,1,0,0,1,3,4,1.0,1,3.0,1.0,3.0,0.0,4.0,1.0,6,2.1,2.0,3.0,3.0,3.0,4.0,4.0,4.0,4.0,4.0,4.0,4.0,4.0,4.0,4.0,4.0,4.0,4.0,4.0,4.0,4.0,4.0,4.0,4.0,4.0,4.0,4.0,5.0,4.0,4.0,4.0,4.0,4.0,4.0,4.0,4.0,1.0,1,0.0,0.0,4.0,4.0,4.0,6.0,4.0,4.0,4.0,4.0,4.0,4.0,4.0,5.0,2.0,1.0,3.0,0
295,1,nhanhh,0,19,1,0,0,0,0,1,3,4,2.0,1,1.0,2.0,3.0,0.0,5.0,1.0,6,6.6,3.0,7.0,4.0,1.0,2.0,5.0,3.0,2.0,3.0,4.0,3.0,3.0,4.0,5.0,7.0,4.0,4.0,4.0,3.0,5.0,1.0,3.0,7.0,4.0,3.0,5.0,7.0,5.0,5.0,6.0,6.0,5.0,3.0,6.0,3.0,5.0,6,0.0,1.0,1.0,2.0,3.0,5.0,1.0,6.0,4.0,4.0,2.0,5.0,3.0,1.0,4.0,3.0,4.0,0
296,1,nhanhlen,0,21,0,0,1,0,0,2,1,2,2.0,1,3.0,3.0,3.0,4.0,2.0,5.0,20,4.9,3.0,4.0,3.0,3.0,6.0,4.0,4.0,3.0,3.0,4.0,6.0,4.0,4.0,4.0,4.0,3.0,3.0,3.0,4.0,5.0,3.0,4.0,4.0,4.0,5.0,5.0,3.0,3.0,5.0,5.0,7.0,3.0,3.0,6.0,2.0,2.0,1,5.0,4.0,6.0,4.0,4.0,7.0,3.0,6.0,1.0,5.0,3.0,6.0,3.0,4.0,2.0,4.0,2.0,0
297,1,NM1901,1,24,1,0,0,0,0,2,3,2,1.0,1,1.0,1.0,2.0,1.0,4.0,2.0,5,30.0,2.0,3.0,4.0,2.0,2.0,2.0,2.0,2.0,2.0,5.0,2.0,7.0,2.0,6.0,2.0,5.0,3.0,3.0,6.0,4.0,6.0,3.0,3.0,5.0,3.0,2.0,5.0,5.0,5.0,7.0,7.0,5.0,3.0,6.0,6.0,1.0,1,1.0,1.0,3.0,1.0,1.0,3.0,6.0,4.0,5.0,5.0,3.0,6.0,5.0,4.0,4.0,4.0,4.0,0
298,1,NN1905,2,22,1,1,0,0,0,2,3,2,2.0,1,2.0,2.0,2.0,2.0,2.0,3.0,16,9.0,2.0,3.0,3.0,2.0,4.0,4.0,5.0,6.0,3.0,4.0,6.0,5.0,5.0,4.0,5.0,5.0,4.0,4.0,4.0,6.0,6.0,6.0,6.0,6.0,6.0,4.0,5.0,4.0,5.0,6.0,5.0,4.0,4.0,5.0,4.0,3.0,12,2.0,2.0,5.0,4.0,5.0,5.0,5.0,5.0,5.0,5.0,6.0,6.0,3.0,4.0,4.0,4.0,4.0,0
299,0,NN2004,2,26,0,1,1,0,0,1,3,3,2.0,1,2.0,4.0,3.0,3.0,2.0,3.0,27,4.4,3.0,2.0,3.0,4.0,4.0,2.0,3.0,2.0,4.0,5.0,3.0,5.0,3.0,4.0,5.0,5.0,5.0,3.0,3.0,5.0,1.0,5.0,4.0,4.0,6.0,5.0,5.0,6.0,6.0,5.0,5.0,5.0,7.0,4.0,6.0,1.0,1,3.0,2.0,5.0,3.0,4.0,3.0,4.0,5.0,3.0,3.0,5.0,4.0,5.0,5.0,4.0,5.0,3.0,1
300,0,NN3007,2,33,0,1,0,0,0,2,4,3,5.0,3,2.0,2.0,3.0,3.0,5.0,4.0,10,4.0,4.0,3.0,4.0,3.0,5.0,4.0,3.0,3.0,3.0,5.0,5.0,5.0,5.0,5.0,2.0,1.0,1.0,3.0,5.0,5.0,5.0,3.0,3.0,6.0,5.0,3.0,5.0,5.0,5.0,6.0,6.0,4.0,4.0,3.0,5.0,1.0,2,3.0,3.0,3.0,5.0,6.0,6.0,6.0,1.0,6.0,2.0,6.0,5.0,3.0,2.0,2.0,2.0,1.0,0
301,0,NO0312,2,24,0,1,1,0,0,1,2,3,1.0,1,2.0,2.0,1.0,2.0,2.0,2.0,14,8.7,2.0,3.0,3.0,5.0,6.0,6.0,5.0,4.0,4.0,4.0,4.0,5.0,5.0,1.0,7.0,4.0,5.0,4.0,3.0,5.0,1.0,5.0,5.0,4.0,6.0,6.0,5.0,4.0,4.0,4.0,4.0,7.0,4.0,5.0,6.0,1.0,0,2.0,2.0,4.0,3.0,5.0,4.0,1.0,5.0,1.0,4.0,4.0,4.0,2.0,2.0,3.0,2.0,2.0,1
302,0,NO0708,2,32,0,1,0,0,0,2,2,3,2.0,1,2.0,,4.0,4.0,5.0,5.0,15,6.2,5.0,13.0,5.0,2.0,4.0,4.0,3.0,3.0,3.0,5.0,5.0,4.0,5.0,1.0,5.0,5.0,5.0,6.0,3.0,7.0,2.0,5.0,6.0,5.0,5.0,6.0,5.0,6.0,4.0,4.0,5.0,4.0,5.0,5.0,4.0,1.0,4,5.0,5.0,5.0,5.0,6.0,5.0,3.0,5.0,2.0,4.0,3.0,3.0,2.0,3.0,4.0,2.0,3.0,1
303,0,note01,1,32,1,1,0,1,0,2,3,5,1.0,3,2.0,2.0,2.0,0.0,5.0,2.0,17,5.8,2.0,2.0,3.0,2.0,4.0,4.0,5.0,4.0,5.0,5.0,3.0,2.0,4.0,4.0,5.0,5.0,4.0,2.0,3.0,3.0,2.0,4.0,6.0,4.0,4.0,4.0,5.0,5.0,4.0,5.0,4.0,4.0,3.0,2.0,2.0,1.0,0,0.0,0.0,3.0,1.0,3.0,5.0,3.0,5.0,3.0,5.0,4.0,3.0,3.0,4.0,2.0,3.0,4.0,1
304,0,NR1201,2,26,1,0,0,0,0,2,3,3,5.0,1,1.0,2.0,2.0,1.0,5.0,2.0,4,2.2,2.0,1.0,2.0,4.0,3.0,2.0,5.0,3.0,4.0,4.0,4.0,5.0,3.0,6.0,4.0,2.0,2.0,4.0,3.0,3.0,2.0,5.0,3.0,4.0,4.0,3.0,5.0,6.0,5.0,5.0,5.0,3.0,5.0,3.0,5.0,1.0,4,2.0,1.0,1.0,2.0,6.0,2.0,4.0,6.0,4.0,4.0,6.0,2.0,3.0,3.0,3.0,4.0,3.0,1
305,0,NS1904,2,24,0,0,1,1,0,1,3,1,2.0,1,4.0,2.0,1.0,1.0,5.0,3.0,16,4.3,1.0,5.0,2.0,4.0,2.0,4.0,2.0,2.0,4.0,5.0,6.0,4.0,3.0,5.0,5.0,4.0,5.0,5.0,3.0,5.0,4.0,5.0,7.0,5.0,3.0,4.0,5.0,4.0,5.0,5.0,5.0,6.0,5.0,5.0,5.0,1.0,3,2.0,1.0,3.0,5.0,3.0,5.0,5.0,5.0,3.0,2.0,5.0,2.0,2.0,3.0,5.0,3.0,4.0,1
306,0,NU0410,1,29,0,0,1,0,0,2,3,8,2.0,3,3.0,3.0,4.0,1.0,3.0,5.0,17,4.7,2.0,1.0,3.0,3.0,4.0,3.0,3.0,4.0,1.0,4.0,4.0,5.0,4.0,3.0,5.0,5.0,4.0,6.0,4.0,5.0,3.0,3.0,6.0,6.0,4.0,5.0,5.0,5.0,4.0,4.0,5.0,3.0,3.0,2.0,3.0,1.0,9,3.0,4.0,4.0,5.0,4.0,3.0,6.0,2.0,5.0,4.0,4.0,4.0,2.0,2.0,3.0,2.0,3.0,1
307,0,NW0402,2,27,0,0,1,0,0,3,3,2,1.0,2,3.0,3.0,3.0,1.0,5.0,4.0,10,6.6,4.0,11.0,3.0,3.0,4.0,3.0,5.0,2.0,4.0,4.0,4.0,3.0,3.0,3.0,5.0,5.0,5.0,6.0,3.0,6.0,3.0,7.0,6.0,5.0,6.0,6.0,5.0,5.0,4.0,6.0,6.0,3.0,6.0,4.0,5.0,1.0,3,4.0,1.0,4.0,3.0,3.0,4.0,3.0,4.0,4.0,3.0,3.0,3.0,3.0,3.0,3.0,4.0,3.0,1
308,0,NX1803,1,28,1,0,0,0,0,2,3,3,2.0,1,1.0,4.0,3.0,4.0,2.0,0.0,15,6.5,3.0,7.0,3.0,2.0,3.0,2.0,4.0,3.0,3.0,4.0,3.0,4.0,4.0,5.0,2.0,4.0,3.0,2.0,5.0,3.0,2.0,5.0,3.0,4.0,4.0,2.0,5.0,6.0,5.0,4.0,5.0,5.0,3.0,3.0,3.0,1.0,5,3.0,5.0,3.0,6.0,6.0,3.0,4.0,2.0,5.0,4.0,4.0,3.0,3.0,4.0,3.0,4.0,1.0,1
309,0,OF1811,0,30,0,1,0,0,0,2,3,1,1.0,2,2.0,3.0,2.0,4.0,2.0,0.0,3,9.2,2.0,0.0,3.0,2.0,5.0,4.0,5.0,3.0,5.0,5.0,6.0,4.0,4.0,2.0,4.0,7.0,3.0,5.0,3.0,6.0,2.0,5.0,7.0,4.0,5.0,3.0,5.0,5.0,4.0,5.0,5.0,3.0,4.0,5.0,3.0,1.0,15,5.0,5.0,5.0,5.0,7.0,6.0,5.0,5.0,3.0,4.0,4.0,3.0,3.0,4.0,3.0,2.0,4.0,1
310,1,ok,0,20,0,1,0,1,0,1,3,2,2.0,1,2.0,2.0,3.0,3.0,5.0,4.0,5,4.1,2.0,2.0,4.0,5.0,5.0,3.0,5.0,2.0,3.0,3.0,6.0,6.0,5.0,5.0,5.0,5.0,5.0,5.0,3.0,5.0,6.0,4.0,3.0,3.0,4.0,5.0,5.0,6.0,4.0,4.0,4.0,4.0,3.0,2.0,4.0,2.0,6,4.0,3.0,3.0,5.0,3.0,7.0,3.0,3.0,3.0,2.0,4.0,6.0,3.0,3.0,4.0,5.0,4.0,0
311,1,ok123,0,19,1,1,0,1,0,2,3,2,2.0,4,1.0,2.0,3.0,3.0,4.0,3.0,2,5.2,3.0,3.0,2.0,2.0,5.0,4.0,2.0,2.0,4.0,4.0,2.0,5.0,6.0,2.0,4.0,5.0,3.0,4.0,4.0,7.0,1.0,3.0,5.0,2.0,6.0,4.0,2.0,4.0,6.0,6.0,6.0,3.0,4.0,2.0,2.0,2.0,0,3.0,4.0,3.0,1.0,6.0,4.0,3.0,5.0,3.0,5.0,2.0,7.0,4.0,4.0,3.0,2.0,3.0,0
312,0,okie01,1,26,1,0,0,1,0,2,3,3,3.0,2,1.0,4.0,3.0,2.0,5.0,5.0,15,5.9,4.0,0.0,3.0,5.0,4.0,4.0,3.0,4.0,3.0,4.0,4.0,5.0,3.0,1.0,7.0,7.0,6.0,6.0,2.0,6.0,1.0,7.0,5.0,2.0,6.0,7.0,5.0,4.0,5.0,4.0,4.0,4.0,4.0,4.0,3.0,1.0,5,4.0,3.0,4.0,5.0,4.0,4.0,6.0,2.0,5.0,4.0,3.0,4.0,3.0,3.0,4.0,4.0,2.0,1
313,1,okiii,0,20,0,1,0,1,0,1,3,2,1.0,1,2.0,2.0,2.0,1.0,2.0,2.0,19,7.5,2.0,15.0,3.0,4.0,5.0,5.0,4.0,3.0,4.0,4.0,7.0,5.0,3.0,5.0,6.0,6.0,5.0,4.0,3.0,5.0,7.0,2.0,6.0,3.0,6.0,2.0,2.0,6.0,4.0,5.0,4.0,7.0,3.0,3.0,4.0,3.0,2,2.0,3.0,3.0,6.0,4.0,3.0,4.0,7.0,3.0,5.0,3.0,4.0,3.0,3.0,3.0,3.0,1.0,0
314,1,okkk,0,21,1,1,0,1,0,2,3,2,2.0,2,1.0,1.0,3.0,4.0,3.0,5.0,16,4.0,3.0,2.0,2.0,2.0,2.0,5.0,2.0,2.0,4.0,3.0,5.0,5.0,5.0,2.0,6.0,7.0,4.0,6.0,4.0,5.0,3.0,5.0,6.0,2.0,7.0,5.0,5.0,4.0,4.0,5.0,6.0,5.0,5.0,3.0,5.0,2.0,3,4.0,4.0,5.0,4.0,5.0,7.0,4.0,5.0,1.0,4.0,4.0,5.0,3.0,3.0,5.0,4.0,3.0,0
315,1,oknha,0,18,1,0,0,0,0,2,3,1,,1,1.0,3.0,4.0,0.0,3.0,1.0,31,6.9,3.0,8.0,3.0,4.0,3.0,2.0,3.0,5.0,2.0,4.0,1.0,5.0,3.0,7.0,5.0,5.0,3.0,5.0,3.0,6.0,1.0,5.0,5.0,1.0,5.0,5.0,5.0,4.0,5.0,6.0,5.0,6.0,4.0,6.0,5.0,6.0,2,2.0,0.0,1.0,1.0,4.0,7.0,2.0,5.0,3.0,5.0,3.0,3.0,5.0,5.0,2.0,2.0,1.0,0
316,1,oooo,0,21,1,0,0,0,0,2,2,1,1.0,1,1.0,1.0,1.0,1.0,3.0,2.0,4,1.3,1.0,6.0,1.0,5.0,4.0,4.0,4.0,4.0,4.0,4.0,4.0,4.0,4.0,4.0,4.0,4.0,4.0,4.0,4.0,4.0,4.0,4.0,4.0,4.0,4.0,4.0,1.0,4.0,4.0,4.0,4.0,4.0,4.0,4.0,4.0,2.0,0,0.0,2.0,4.0,4.0,4.0,6.0,4.0,4.0,4.0,4.0,4.0,4.0,4.0,3.0,3.0,2.0,4.0,0
317,1,ooooo,0,18,0,1,0,1,0,2,1,2,2.0,1,4.0,4.0,4.0,2.0,5.0,4.0,9,2.2,5.0,7.0,5.0,2.0,3.0,5.0,2.0,3.0,5.0,6.0,3.0,5.0,5.0,3.0,3.0,3.0,4.0,4.0,5.0,5.0,4.0,5.0,3.0,5.0,3.0,5.0,5.0,7.0,3.0,5.0,6.0,3.0,4.0,3.0,5.0,1.0,4,3.0,5.0,6.0,3.0,5.0,7.0,4.0,6.0,1.0,6.0,3.0,6.0,3.0,3.0,2.0,2.0,1.0,0
318,0,OW0106,2,26,1,1,0,0,0,3,3,3,,1,2.0,3.0,4.0,2.0,4.0,4.0,4,4.6,3.0,2.0,3.0,3.0,6.0,4.0,5.0,4.0,4.0,5.0,5.0,4.0,3.0,4.0,5.0,7.0,3.0,4.0,3.0,5.0,3.0,6.0,6.0,4.0,6.0,7.0,5.0,7.0,7.0,5.0,6.0,2.0,3.0,2.0,2.0,1.0,1,1.0,1.0,4.0,5.0,3.0,5.0,5.0,2.0,5.0,3.0,3.0,5.0,2.0,2.0,3.0,2.0,3.0,1
319,0,PA2305,2,30,1,0,0,1,0,1,3,3,2.0,1,1.0,,5.0,4.0,4.0,5.0,16,19.3,4.0,14.0,5.0,3.0,6.0,7.0,5.0,5.0,5.0,4.0,4.0,3.0,6.0,2.0,7.0,7.0,5.0,6.0,2.0,5.0,2.0,6.0,7.0,2.0,5.0,6.0,5.0,4.0,5.0,6.0,5.0,3.0,3.0,3.0,4.0,1.0,1,5.0,5.0,4.0,4.0,4.0,5.0,5.0,2.0,6.0,5.0,1.0,4.0,3.0,4.0,3.0,3.0,2.0,1
320,0,PE0404,2,26,1,0,1,1,0,2,3,3,2.0,3,3.0,2.0,1.0,0.0,5.0,1.0,10,2.5,1.0,3.0,2.0,2.0,1.0,1.0,1.0,1.0,2.0,2.0,3.0,4.0,3.0,5.0,7.0,4.0,3.0,5.0,5.0,3.0,3.0,3.0,4.0,4.0,2.0,3.0,5.0,3.0,3.0,4.0,4.0,2.0,3.0,4.0,4.0,1.0,1,1.0,1.0,2.0,1.0,2.0,1.0,3.0,5.0,5.0,4.0,4.0,2.0,4.0,5.0,1.0,2.0,1.0,1
321,1,PG0811,1,19,1,0,0,0,0,1,3,1,2.0,2,1.0,1.0,1.0,3.0,1.0,3.0,1,2.9,1.0,1.0,1.0,3.0,4.0,3.0,4.0,3.0,2.0,2.0,4.0,5.0,2.0,3.0,6.0,7.0,4.0,4.0,5.0,5.0,3.0,5.0,5.0,5.0,6.0,4.0,5.0,4.0,3.0,5.0,3.0,4.0,5.0,4.0,5.0,1.0,0,4.0,3.0,3.0,5.0,4.0,2.0,1.0,6.0,1.0,5.0,3.0,4.0,2.0,2.0,4.0,3.0,4.0,0
322,1,PG227,2,20,1,1,0,0,0,2,3,1,1.0,1,1.0,2.0,2.0,2.0,5.0,2.0,8,2.0,3.0,5.0,2.0,2.0,6.0,5.0,3.0,3.0,3.0,5.0,4.0,3.0,3.0,4.0,5.0,5.0,5.0,5.0,3.0,4.0,2.0,7.0,7.0,4.0,4.0,5.0,5.0,5.0,5.0,4.0,5.0,4.0,3.0,3.0,3.0,1.0,3,2.0,1.0,3.0,4.0,4.0,4.0,2.0,4.0,5.0,2.0,4.0,2.0,3.0,2.0,2.0,2.0,2.0,0
323,1,PH0412,2,20,1,1,0,0,0,1,3,2,2.0,2,2.0,2.0,2.0,2.0,5.0,4.0,10,2.0,2.0,4.0,3.0,1.0,7.0,7.0,4.0,5.0,4.0,7.0,7.0,7.0,7.0,4.0,4.0,5.0,3.0,2.0,7.0,7.0,4.0,7.0,5.0,4.0,5.0,4.0,5.0,7.0,5.0,7.0,7.0,7.0,6.0,7.0,7.0,1.0,2,3.0,3.0,4.0,5.0,6.0,5.0,4.0,7.0,5.0,7.0,1.0,7.0,4.0,3.0,5.0,5.0,5.0,0
324,0,PH0609,1,25,1,0,0,0,0,2,4,3,1.0,2,1.0,1.0,1.0,1.0,5.0,3.0,1,1.3,1.0,0.0,1.0,5.0,3.0,3.0,3.0,4.0,4.0,5.0,5.0,4.0,6.0,6.0,3.0,4.0,3.0,2.0,6.0,6.0,5.0,4.0,4.0,7.0,3.0,4.0,5.0,4.0,5.0,5.0,5.0,2.0,4.0,3.0,3.0,1.0,1,1.0,2.0,1.0,3.0,4.0,4.0,4.0,4.0,2.0,6.0,4.0,5.0,4.0,3.0,5.0,5.0,4.0,1
325,0,PI1108,2,29,0,1,0,1,0,2,3,3,2.0,2,2.0,4.0,4.0,3.0,3.0,4.0,11,11.9,4.0,5.0,4.0,2.0,4.0,2.0,3.0,3.0,3.0,3.0,3.0,4.0,3.0,3.0,6.0,6.0,4.0,4.0,1.0,6.0,2.0,3.0,5.0,3.0,4.0,7.0,5.0,5.0,3.0,4.0,3.0,3.0,2.0,3.0,3.0,1.0,1,2.0,3.0,2.0,3.0,4.0,2.0,5.0,2.0,6.0,3.0,5.0,3.0,4.0,4.0,3.0,2.0,1.0,1
326,0,PI2010,2,29,1,0,1,0,0,1,3,3,3.0,2,3.0,3.0,2.0,2.0,2.0,3.0,3,4.7,3.0,2.0,2.0,2.0,5.0,3.0,2.0,2.0,3.0,4.0,4.0,4.0,2.0,6.0,3.0,3.0,2.0,4.0,7.0,4.0,2.0,3.0,3.0,6.0,3.0,3.0,5.0,4.0,3.0,3.0,4.0,6.0,4.0,4.0,4.0,1.0,2,2.0,4.0,4.0,3.0,3.0,2.0,3.0,3.0,4.0,3.0,6.0,4.0,4.0,4.0,3.0,4.0,3.0,1
327,1,PL0507,2,26,1,1,0,0,0,2,3,4,3.0,1,1.0,1.0,1.0,2.0,4.0,2.0,23,20.0,1.0,5.0,3.0,1.0,3.0,3.0,4.0,3.0,2.0,2.0,3.0,3.0,2.0,3.0,3.0,3.0,2.0,2.0,6.0,4.0,4.0,4.0,5.0,5.0,4.0,4.0,5.0,4.0,4.0,4.0,4.0,4.0,4.0,3.0,5.0,1.0,3,0.0,0.0,1.0,1.0,1.0,1.0,3.0,2.0,6.0,2.0,4.0,3.0,2.0,3.0,1.0,1.0,1.0,0
328,0,PL2412,2,28,1,0,0,0,0,2,3,3,2.0,2,1.0,,4.0,3.0,2.0,3.0,10,7.4,5.0,2.0,5.0,2.0,3.0,3.0,3.0,4.0,3.0,3.0,2.0,4.0,2.0,2.0,4.0,6.0,5.0,5.0,2.0,6.0,1.0,6.0,6.0,3.0,5.0,5.0,5.0,6.0,3.0,4.0,4.0,5.0,5.0,5.0,5.0,1.0,0,3.0,2.0,3.0,5.0,3.0,4.0,4.0,6.0,4.0,3.0,6.0,2.0,4.0,2.0,3.0,3.0,2.0,1
329,0,plan02,1,24,0,1,0,0,0,2,3,3,3.0,1,2.0,2.0,1.0,1.0,2.0,2.0,4,1.3,2.0,3.0,2.0,3.0,3.0,3.0,2.0,3.0,3.0,4.0,5.0,5.0,2.0,4.0,4.0,5.0,4.0,4.0,3.0,3.0,5.0,3.0,3.0,6.0,4.0,4.0,5.0,4.0,3.0,3.0,3.0,2.0,2.0,1.0,3.0,1.0,2,1.0,0.0,3.0,2.0,4.0,3.0,3.0,4.0,3.0,3.0,5.0,5.0,3.0,2.0,3.0,2.0,2.0,1
330,1,poiuy,0,18,0,0,0,1,0,1,3,2,2.0,1,4.0,2.0,2.0,0.0,3.0,3.0,18,2.2,3.0,10.0,2.0,3.0,6.0,4.0,3.0,3.0,4.0,6.0,3.0,4.0,5.0,7.0,3.0,5.0,3.0,3.0,5.0,5.0,5.0,3.0,4.0,5.0,6.0,3.0,5.0,4.0,5.0,5.0,5.0,7.0,3.0,2.0,4.0,4.0,4,0.0,0.0,3.0,2.0,5.0,1.0,1.0,5.0,2.0,4.0,2.0,7.0,2.0,4.0,3.0,2.0,1.0,0
331,1,poiuyt,0,20,1,1,1,0,0,2,2,1,1.0,2,1.0,4.0,3.0,0.0,4.0,2.0,38,3.9,3.0,3.0,4.0,1.0,4.0,6.0,2.0,4.0,3.0,4.0,2.0,4.0,4.0,5.0,4.0,3.0,6.0,5.0,4.0,5.0,2.0,5.0,5.0,3.0,5.0,4.0,5.0,7.0,6.0,5.0,4.0,4.0,4.0,6.0,5.0,1.0,1,0.0,1.0,4.0,4.0,2.0,6.0,2.0,4.0,3.0,4.0,3.0,2.0,3.0,3.0,4.0,3.0,3.0,0
332,0,PP2809,0,27,1,0,1,0,0,1,1,3,3.0,1,3.0,,5.0,3.0,5.0,2.0,17,8.5,5.0,4.0,5.0,3.0,4.0,5.0,3.0,5.0,4.0,5.0,5.0,3.0,5.0,4.0,6.0,4.0,3.0,5.0,3.0,5.0,2.0,7.0,5.0,5.0,5.0,4.0,5.0,6.0,6.0,5.0,7.0,1.0,1.0,3.0,5.0,1.0,5,1.0,1.0,2.0,2.0,4.0,4.0,4.0,5.0,4.0,4.0,5.0,2.0,3.0,3.0,3.0,2.0,3.0,1
333,1,ppppp,0,19,1,0,0,0,0,1,3,1,1.0,2,1.0,2.0,1.0,3.0,2.0,4.0,2,4.5,1.0,3.0,1.0,2.0,5.0,4.0,2.0,3.0,2.0,5.0,6.0,3.0,6.0,5.0,1.0,3.0,7.0,4.0,4.0,7.0,3.0,4.0,7.0,3.0,5.0,7.0,5.0,2.0,5.0,5.0,4.0,5.0,2.0,5.0,6.0,6.0,4,5.0,1.0,2.0,3.0,5.0,4.0,4.0,7.0,2.0,2.0,4.0,6.0,3.0,4.0,4.0,3.0,3.0,0
334,0,PQ0501,1,28,0,1,0,0,0,2,2,3,4.0,1,2.0,4.0,4.0,3.0,5.0,4.0,25,4.2,4.0,6.0,4.0,3.0,5.0,5.0,5.0,5.0,5.0,5.0,5.0,5.0,5.0,5.0,5.0,5.0,5.0,5.0,5.0,5.0,5.0,5.0,5.0,5.0,5.0,5.0,5.0,5.0,5.0,5.0,5.0,5.0,5.0,5.0,5.0,2.0,0,2.0,3.0,5.0,5.0,5.0,2.0,5.0,5.0,5.0,5.0,5.0,5.0,4.0,3.0,3.0,2.0,1.0,1
335,0,PQ2201,0,26,1,1,1,0,0,1,3,1,2.0,1,2.0,4.0,4.0,3.0,3.0,5.0,4,5.2,5.0,4.0,4.0,5.0,4.0,4.0,2.0,4.0,3.0,3.0,4.0,5.0,2.0,4.0,4.0,4.0,3.0,3.0,4.0,5.0,3.0,7.0,5.0,5.0,4.0,4.0,5.0,5.0,4.0,6.0,4.0,3.0,3.0,4.0,3.0,1.0,1,3.0,2.0,1.0,4.0,4.0,4.0,6.0,4.0,3.0,5.0,4.0,4.0,3.0,2.0,4.0,3.0,4.0,1
336,0,QA1910,1,26,0,1,0,0,0,2,4,3,3.0,3,2.0,3.0,2.0,1.0,5.0,3.0,17,2.4,3.0,8.0,3.0,5.0,3.0,2.0,2.0,4.0,3.0,3.0,4.0,4.0,4.0,5.0,2.0,3.0,1.0,2.0,4.0,4.0,3.0,5.0,6.0,3.0,4.0,4.0,5.0,5.0,6.0,5.0,4.0,6.0,5.0,5.0,5.0,1.0,0,1.0,2.0,5.0,2.0,4.0,4.0,3.0,3.0,4.0,2.0,4.0,5.0,1.0,2.0,3.0,4.0,3.0,1
337,0,QB2209,2,27,0,0,1,1,0,1,1,4,1.0,4,3.0,,5.0,4.0,3.0,3.0,11,3.3,5.0,6.0,5.0,4.0,4.0,4.0,4.0,4.0,4.0,4.0,4.0,4.0,4.0,4.0,4.0,4.0,4.0,4.0,4.0,4.0,4.0,4.0,4.0,4.0,4.0,4.0,5.0,4.0,4.0,4.0,4.0,4.0,4.0,4.0,4.0,1.0,1,1.0,0.0,4.0,4.0,4.0,3.0,4.0,4.0,4.0,4.0,4.0,4.0,3.0,3.0,4.0,5.0,4.0,1
338,0,QD0301,2,29,1,1,1,0,0,2,4,3,1.0,3,3.0,,5.0,1.0,3.0,3.0,17,13.8,5.0,14.0,5.0,3.0,4.0,6.0,3.0,4.0,3.0,5.0,5.0,3.0,3.0,1.0,6.0,7.0,7.0,7.0,4.0,7.0,2.0,5.0,7.0,3.0,7.0,6.0,5.0,4.0,4.0,4.0,3.0,4.0,4.0,5.0,5.0,1.0,2,2.0,2.0,4.0,5.0,6.0,4.0,3.0,5.0,3.0,2.0,3.0,4.0,2.0,2.0,3.0,3.0,5.0,1
339,0,QQ2801,2,29,1,0,0,0,0,2,3,2,3.0,3,1.0,,4.0,3.0,2.0,5.0,15,13.6,4.0,5.0,5.0,2.0,2.0,3.0,2.0,3.0,2.0,3.0,4.0,6.0,3.0,2.0,5.0,5.0,5.0,6.0,3.0,5.0,2.0,7.0,6.0,3.0,5.0,6.0,5.0,6.0,5.0,5.0,5.0,6.0,4.0,5.0,5.0,1.0,2,2.0,3.0,3.0,4.0,3.0,3.0,4.0,2.0,5.0,4.0,4.0,3.0,2.0,3.0,2.0,2.0,3.0,1
340,1,qqqq,0,19,1,0,1,0,0,2,3,1,1.0,1,1.0,2.0,2.0,4.0,4.0,5.0,11,2.6,4.0,10.0,4.0,4.0,4.0,4.0,4.0,4.0,4.0,4.0,4.0,4.0,4.0,4.0,4.0,4.0,4.0,4.0,4.0,4.0,4.0,4.0,4.0,4.0,4.0,4.0,7.0,4.0,4.0,4.0,4.0,4.0,4.0,4.0,4.0,3.0,3,5.0,5.0,4.0,4.0,4.0,1.0,4.0,4.0,4.0,4.0,4.0,4.0,2.0,2.0,5.0,2.0,1.0,0
341,1,qqqqq,0,19,1,0,0,0,0,2,3,1,2.0,2,1.0,1.0,2.0,0.0,4.0,1.0,13,1.9,1.0,1.0,2.0,1.0,4.0,4.0,4.0,4.0,4.0,4.0,4.0,4.0,4.0,4.0,4.0,4.0,4.0,4.0,4.0,4.0,4.0,4.0,4.0,4.0,4.0,4.0,1.0,4.0,4.0,4.0,4.0,4.0,4.0,4.0,4.0,6.0,1,0.0,1.0,4.0,4.0,4.0,3.0,4.0,4.0,4.0,4.0,4.0,4.0,3.0,4.0,3.0,3.0,1.0,0
342,1,qqqqqq,0,22,1,0,0,0,0,1,3,1,3.0,2,1.0,3.0,2.0,0.0,5.0,2.0,5,3.4,3.0,6.0,4.0,3.0,6.0,5.0,4.0,3.0,3.0,4.0,4.0,6.0,4.0,5.0,3.0,2.0,3.0,3.0,4.0,5.0,4.0,6.0,3.0,6.0,3.0,3.0,5.0,4.0,5.0,5.0,6.0,3.0,4.0,4.0,4.0,1.0,1,0.0,0.0,1.0,4.0,3.0,2.0,4.0,5.0,3.0,4.0,2.0,5.0,2.0,2.0,3.0,2.0,2.0,0
343,0,QS1211,0,24,1,1,0,1,0,2,3,3,2.0,2,1.0,3.0,2.0,4.0,3.0,0.0,2,4.7,3.0,10.0,3.0,2.0,4.0,3.0,4.0,2.0,3.0,5.0,5.0,3.0,3.0,3.0,2.0,5.0,5.0,4.0,5.0,5.0,2.0,5.0,4.0,4.0,4.0,4.0,5.0,3.0,4.0,4.0,4.0,4.0,4.0,4.0,6.0,2.0,6,5.0,5.0,5.0,6.0,5.0,4.0,5.0,4.0,6.0,2.0,5.0,3.0,3.0,3.0,3.0,5.0,3.0,1
344,0,QU0810,2,27,1,0,0,0,0,2,3,3,2.0,3,1.0,,5.0,1.0,3.0,3.0,31,26.6,5.0,16.0,5.0,4.0,3.0,4.0,2.0,2.0,2.0,4.0,2.0,3.0,4.0,4.0,3.0,1.0,4.0,4.0,4.0,5.0,5.0,2.0,4.0,5.0,3.0,4.0,5.0,5.0,5.0,5.0,4.0,6.0,4.0,6.0,6.0,1.0,0,2.0,1.0,5.0,3.0,5.0,2.0,4.0,4.0,4.0,3.0,5.0,3.0,3.0,3.0,3.0,4.0,2.0,1
345,1,quaa,0,19,1,1,0,0,0,1,1,1,2.0,3,1.0,1.0,2.0,2.0,3.0,5.0,4,9.2,1.0,2.0,1.0,4.0,3.0,3.0,3.0,3.0,3.0,3.0,3.0,3.0,3.0,4.0,2.0,5.0,3.0,4.0,3.0,5.0,4.0,5.0,4.0,4.0,5.0,5.0,5.0,5.0,5.0,5.0,4.0,2.0,2.0,3.0,3.0,1.0,5,1.0,3.0,4.0,2.0,5.0,7.0,5.0,5.0,3.0,6.0,1.0,6.0,3.0,1.0,4.0,4.0,2.0,0
346,1,quaaa,0,20,1,0,0,0,0,1,3,2,2.0,2,1.0,4.0,4.0,4.0,2.0,4.0,15,3.2,5.0,16.0,5.0,4.0,4.0,2.0,2.0,3.0,1.0,3.0,6.0,5.0,5.0,5.0,6.0,7.0,3.0,6.0,3.0,7.0,2.0,4.0,5.0,1.0,5.0,4.0,2.0,4.0,4.0,3.0,3.0,2.0,4.0,4.0,4.0,1.0,11,4.0,4.0,3.0,3.0,5.0,4.0,4.0,5.0,5.0,4.0,4.0,4.0,4.0,2.0,2.0,4.0,3.0,0
347,1,quachot,0,20,1,1,1,0,0,1,3,1,3.0,2,1.0,1.0,2.0,3.0,4.0,5.0,23,7.1,2.0,9.0,3.0,4.0,5.0,5.0,5.0,5.0,5.0,5.0,5.0,5.0,5.0,5.0,5.0,5.0,5.0,5.0,5.0,5.0,5.0,5.0,5.0,5.0,5.0,5.0,5.0,5.0,5.0,5.0,5.0,5.0,5.0,5.0,5.0,1.0,13,5.0,1.0,5.0,5.0,5.0,1.0,5.0,5.0,5.0,5.0,5.0,5.0,3.0,3.0,2.0,2.0,2.0,0
348,1,QV2306,1,20,1,0,0,0,0,2,3,1,2.0,1,1.0,4.0,5.0,3.0,3.0,4.0,21,5.5,5.0,6.0,5.0,4.0,4.0,5.0,2.0,6.0,3.0,2.0,3.0,6.0,4.0,5.0,3.0,2.0,4.0,4.0,4.0,4.0,3.0,4.0,3.0,6.0,3.0,4.0,5.0,7.0,6.0,7.0,6.0,6.0,4.0,5.0,7.0,1.0,0,3.0,4.0,5.0,4.0,5.0,4.0,5.0,5.0,3.0,3.0,6.0,2.0,3.0,2.0,2.0,3.0,4.0,0
349,1,qwe,0,21,1,1,1,0,0,2,1,2,2.0,2,2.0,1.0,2.0,2.0,3.0,4.0,2,7.4,1.0,3.0,2.0,2.0,4.0,4.0,4.0,4.0,4.0,4.0,4.0,4.0,4.0,4.0,4.0,4.0,4.0,4.0,4.0,4.0,4.0,4.0,4.0,4.0,4.0,4.0,1.0,4.0,4.0,4.0,4.0,4.0,4.0,4.0,4.0,6.0,0,3.0,2.0,4.0,4.0,4.0,1.0,4.0,4.0,4.0,4.0,4.0,4.0,2.0,3.0,4.0,5.0,3.0,0
350,1,qwer,0,20,1,0,0,1,0,1,3,4,1.0,1,1.0,1.0,3.0,1.0,5.0,2.0,9,2.9,1.0,13.0,3.0,2.0,4.0,4.0,4.0,4.0,4.0,4.0,4.0,4.0,4.0,4.0,4.0,4.0,4.0,4.0,4.0,4.0,4.0,4.0,4.0,4.0,4.0,4.0,7.0,4.0,4.0,4.0,4.0,4.0,4.0,4.0,4.0,1.0,2,1.0,1.0,4.0,4.0,4.0,7.0,4.0,4.0,4.0,4.0,4.0,4.0,4.0,2.0,2.0,1.0,1.0,0
351,1,qwert,0,20,1,0,0,0,0,1,1,1,1.0,1,1.0,2.0,2.0,1.0,2.0,3.0,13,3.9,3.0,7.0,2.0,2.0,3.0,4.0,5.0,4.0,5.0,6.0,5.0,4.0,3.0,4.0,6.0,5.0,6.0,2.0,5.0,7.0,2.0,3.0,3.0,4.0,4.0,5.0,5.0,3.0,3.0,2.0,3.0,4.0,4.0,5.0,4.0,4.0,3,2.0,1.0,5.0,5.0,5.0,7.0,2.0,5.0,2.0,3.0,6.0,5.0,3.0,3.0,2.0,3.0,2.0,0
352,1,qwerty,0,21,1,1,1,0,0,2,2,1,1.0,3,1.0,2.0,3.0,4.0,2.0,3.0,15,5.3,2.0,3.0,4.0,3.0,3.0,7.0,2.0,4.0,3.0,4.0,3.0,4.0,1.0,4.0,3.0,5.0,3.0,3.0,4.0,4.0,6.0,5.0,4.0,3.0,6.0,3.0,5.0,5.0,5.0,4.0,5.0,4.0,3.0,3.0,4.0,5.0,1,5.0,5.0,4.0,4.0,6.0,1.0,2.0,5.0,4.0,6.0,3.0,5.0,5.0,4.0,2.0,4.0,3.0,0
353,0,RA1912,2,26,1,1,1,0,0,2,3,3,1.0,2,1.0,3.0,2.0,3.0,3.0,3.0,7,6.4,3.0,4.0,3.0,4.0,3.0,3.0,3.0,2.0,2.0,4.0,3.0,5.0,2.0,3.0,4.0,6.0,5.0,7.0,4.0,7.0,2.0,5.0,7.0,4.0,5.0,6.0,5.0,6.0,6.0,6.0,6.0,5.0,5.0,4.0,3.0,1.0,2,3.0,4.0,5.0,5.0,4.0,3.0,2.0,7.0,1.0,2.0,7.0,2.0,3.0,3.0,1.0,2.0,1.0,1
354,0,RA2502,2,23,1,1,1,0,0,1,3,3,6.0,3,1.0,2.0,2.0,2.0,5.0,4.0,6,1.9,2.0,8.0,2.0,2.0,4.0,3.0,4.0,3.0,3.0,3.0,5.0,6.0,4.0,3.0,4.0,5.0,5.0,3.0,4.0,5.0,3.0,4.0,4.0,5.0,4.0,4.0,5.0,5.0,5.0,4.0,4.0,4.0,4.0,4.0,6.0,2.0,2,2.0,3.0,3.0,5.0,5.0,4.0,4.0,2.0,4.0,3.0,6.0,3.0,4.0,3.0,4.0,3.0,4.0,1
355,0,RA2510,2,27,0,1,1,0,0,1,3,3,4.0,1,3.0,2.0,2.0,1.0,3.0,2.0,4,2.8,2.0,1.0,2.0,2.0,5.0,1.0,5.0,4.0,3.0,4.0,3.0,4.0,4.0,4.0,3.0,4.0,6.0,4.0,7.0,4.0,3.0,3.0,3.0,5.0,4.0,5.0,5.0,4.0,4.0,6.0,3.0,5.0,4.0,4.0,3.0,1.0,1,1.0,1.0,2.0,3.0,3.0,5.0,3.0,5.0,3.0,4.0,4.0,4.0,3.0,4.0,4.0,4.0,2.0,1
356,0,RE0211,2,26,1,0,0,0,0,1,3,3,1.0,2,1.0,,5.0,3.0,4.0,2.0,25,15.3,5.0,2.0,5.0,4.0,4.0,4.0,4.0,4.0,4.0,4.0,4.0,4.0,4.0,4.0,3.0,4.0,4.0,4.0,4.0,4.0,4.0,4.0,4.0,4.0,4.0,4.0,5.0,4.0,4.0,4.0,4.0,4.0,4.0,4.0,4.0,1.0,4,2.0,2.0,4.0,4.0,4.0,2.0,4.0,4.0,4.0,4.0,4.0,4.0,3.0,4.0,2.0,1.0,2.0,1
357,0,RE2701,2,25,1,0,0,0,0,1,4,3,2.0,1,1.0,3.0,2.0,4.0,3.0,0.0,3,4.8,2.0,13.0,3.0,4.0,5.0,3.0,3.0,4.0,4.0,5.0,4.0,4.0,5.0,3.0,4.0,4.0,3.0,4.0,3.0,4.0,3.0,4.0,5.0,5.0,5.0,4.0,5.0,5.0,5.0,5.0,5.0,2.0,4.0,2.0,4.0,1.0,0,4.0,5.0,6.0,6.0,7.0,3.0,4.0,3.0,4.0,3.0,5.0,4.0,3.0,4.0,3.0,2.0,1.0,1
358,0,RE2811,2,30,0,1,0,0,0,1,3,3,2.0,4,2.0,3.0,3.0,3.0,3.0,4.0,12,5.4,4.0,8.0,4.0,3.0,5.0,5.0,4.0,5.0,4.0,7.0,6.0,2.0,5.0,4.0,5.0,6.0,5.0,4.0,4.0,5.0,4.0,5.0,2.0,4.0,7.0,4.0,5.0,5.0,5.0,4.0,4.0,5.0,5.0,4.0,6.0,1.0,3,1.0,3.0,6.0,3.0,5.0,5.0,3.0,4.0,4.0,3.0,3.0,4.0,3.0,3.0,2.0,3.0,2.0,1
359,0,RI2511,2,24,1,0,0,1,0,2,1,3,2.0,1,1.0,3.0,1.0,2.0,3.0,2.0,2,5.5,2.0,0.0,2.0,4.0,2.0,2.0,3.0,4.0,2.0,4.0,5.0,4.0,2.0,4.0,5.0,5.0,3.0,6.0,3.0,4.0,3.0,6.0,5.0,4.0,3.0,6.0,5.0,5.0,5.0,5.0,5.0,4.0,3.0,2.0,4.0,2.0,2,3.0,3.0,3.0,3.0,4.0,2.0,3.0,5.0,3.0,5.0,2.0,5.0,3.0,3.0,2.0,1.0,1.0,1
360,0,RI2812,2,26,0,1,0,0,0,1,3,2,6.0,1,2.0,3.0,2.0,2.0,2.0,4.0,13,7.2,4.0,1.0,3.0,3.0,4.0,4.0,3.0,6.0,5.0,4.0,,4.0,6.0,2.0,4.0,6.0,6.0,6.0,4.0,7.0,3.0,5.0,7.0,5.0,6.0,6.0,5.0,4.0,5.0,5.0,4.0,4.0,4.0,5.0,4.0,1.0,4,3.0,2.0,5.0,5.0,5.0,5.0,4.0,6.0,4.0,3.0,3.0,5.0,4.0,4.0,2.0,1.0,1.0,1
361,0,RM2308,1,32,0,1,0,0,0,2,2,4,1.0,2,2.0,1.0,1.0,1.0,2.0,2.0,1,4.1,1.0,1.0,1.0,2.0,5.0,3.0,5.0,5.0,4.0,4.0,2.0,4.0,5.0,2.0,5.0,6.0,4.0,4.0,3.0,5.0,2.0,4.0,5.0,6.0,6.0,3.0,5.0,4.0,5.0,3.0,3.0,4.0,4.0,5.0,5.0,5.0,0,1.0,0.0,4.0,3.0,2.0,4.0,4.0,3.0,5.0,4.0,5.0,4.0,3.0,3.0,2.0,1.0,1.0,1
362,0,RO0610,0,28,0,0,1,0,0,2,4,4,5.0,1,3.0,1.0,1.0,1.0,3.0,5.0,5,4.9,1.0,1.0,1.0,3.0,3.0,3.0,1.0,1.0,3.0,4.0,4.0,4.0,4.0,5.0,5.0,5.0,5.0,5.0,3.0,5.0,2.0,6.0,6.0,4.0,4.0,6.0,5.0,5.0,5.0,2.0,2.0,3.0,2.0,4.0,3.0,1.0,0,2.0,2.0,3.0,4.0,6.0,3.0,3.0,4.0,4.0,6.0,2.0,4.0,4.0,3.0,2.0,3.0,1.0,1
363,1,roii,0,22,0,1,1,0,0,2,3,1,1.0,2,2.0,2.0,3.0,3.0,4.0,3.0,7,2.4,4.0,0.0,4.0,4.0,4.0,4.0,4.0,4.0,4.0,4.0,4.0,4.0,4.0,4.0,4.0,4.0,4.0,4.0,4.0,4.0,4.0,4.0,4.0,4.0,4.0,4.0,5.0,4.0,4.0,4.0,4.0,4.0,4.0,4.0,4.0,1.0,2,2.0,2.0,4.0,4.0,4.0,1.0,4.0,4.0,4.0,4.0,4.0,4.0,4.0,3.0,3.0,5.0,4.0,0
364,1,roiii,0,21,1,0,0,1,0,2,3,1,3.0,1,1.0,4.0,5.0,1.0,4.0,1.0,34,9.8,5.0,9.0,5.0,3.0,4.0,5.0,3.0,4.0,4.0,6.0,7.0,5.0,4.0,5.0,5.0,5.0,4.0,3.0,3.0,4.0,2.0,6.0,2.0,1.0,5.0,6.0,5.0,5.0,5.0,5.0,5.0,4.0,3.0,4.0,4.0,2.0,0,0.0,1.0,4.0,3.0,3.0,2.0,3.0,5.0,6.0,5.0,4.0,2.0,3.0,3.0,3.0,2.0,1.0,0
365,0,RU1602,2,28,0,1,1,0,0,2,3,3,2.0,4,2.0,2.0,3.0,1.0,2.0,5.0,1,1.8,3.0,6.0,2.0,5.0,3.0,4.0,4.0,2.0,3.0,2.0,5.0,5.0,4.0,3.0,5.0,7.0,4.0,4.0,3.0,6.0,3.0,4.0,7.0,4.0,4.0,5.0,5.0,4.0,4.0,5.0,4.0,3.0,4.0,3.0,4.0,1.0,1,2.0,3.0,4.0,3.0,4.0,4.0,4.0,4.0,3.0,3.0,6.0,3.0,3.0,5.0,4.0,2.0,2.0,1
366,0,RV1502,0,32,0,0,1,0,0,1,4,4,3.0,2,3.0,2.0,2.0,2.0,5.0,5.0,5,2.7,2.0,3.0,2.0,2.0,5.0,2.0,3.0,4.0,3.0,3.0,2.0,4.0,3.0,4.0,4.0,6.0,5.0,4.0,4.0,7.0,2.0,5.0,5.0,4.0,5.0,4.0,5.0,2.0,3.0,3.0,3.0,2.0,3.0,5.0,4.0,2.0,0,4.0,5.0,6.0,4.0,5.0,3.0,4.0,4.0,5.0,3.0,7.0,2.0,3.0,2.0,2.0,3.0,1.0,1
367,0,RX1606,0,31,1,0,0,0,0,1,2,1,4.0,2,1.0,2.0,3.0,3.0,4.0,5.0,1,2.4,2.0,2.0,2.0,1.0,5.0,5.0,6.0,6.0,5.0,6.0,5.0,3.0,6.0,2.0,5.0,5.0,5.0,5.0,4.0,6.0,4.0,5.0,5.0,4.0,6.0,5.0,5.0,6.0,5.0,6.0,4.0,5.0,4.0,4.0,4.0,1.0,0,3.0,2.0,5.0,5.0,5.0,5.0,5.0,6.0,5.0,5.0,2.0,7.0,3.0,3.0,3.0,3.0,3.0,1
368,0,RY1710,2,28,0,0,0,1,0,1,2,3,4.0,3,4.0,4.0,4.0,2.0,5.0,5.0,13,13.5,3.0,1.0,4.0,4.0,3.0,3.0,2.0,3.0,2.0,4.0,4.0,5.0,4.0,5.0,3.0,3.0,4.0,5.0,6.0,3.0,5.0,3.0,4.0,6.0,2.0,1.0,5.0,5.0,5.0,4.0,5.0,4.0,3.0,2.0,5.0,1.0,3,2.0,3.0,3.0,4.0,5.0,2.0,5.0,5.0,4.0,2.0,3.0,3.0,2.0,3.0,2.0,3.0,4.0,1
369,0,RZ0612,2,27,1,0,1,0,0,2,3,7,2.0,3,1.0,3.0,2.0,1.0,5.0,4.0,29,7.3,3.0,5.0,3.0,2.0,5.0,4.0,3.0,4.0,4.0,6.0,4.0,2.0,5.0,5.0,3.0,5.0,3.0,2.0,7.0,5.0,4.0,3.0,3.0,6.0,3.0,5.0,5.0,4.0,5.0,6.0,5.0,6.0,5.0,3.0,5.0,1.0,10,2.0,4.0,5.0,2.0,2.0,4.0,4.0,5.0,4.0,5.0,3.0,5.0,2.0,4.0,4.0,4.0,2.0,1
370,1,rồi,0,21,1,0,0,1,0,1,3,2,1.0,3,1.0,3.0,1.0,2.0,5.0,2.0,33,3.3,2.0,4.0,3.0,2.0,4.0,4.0,4.0,4.0,4.0,4.0,4.0,4.0,4.0,4.0,4.0,4.0,4.0,4.0,4.0,4.0,4.0,4.0,4.0,4.0,4.0,4.0,5.0,4.0,4.0,4.0,4.0,4.0,4.0,4.0,4.0,1.0,11,4.0,5.0,4.0,4.0,4.0,5.0,4.0,4.0,4.0,4.0,4.0,4.0,4.0,4.0,4.0,3.0,3.0,0
371,0,SA2111,2,30,0,1,0,0,0,1,3,3,3.0,2,2.0,2.0,1.0,3.0,4.0,4.0,10,4.8,1.0,0.0,2.0,1.0,3.0,5.0,2.0,5.0,4.0,5.0,5.0,3.0,5.0,3.0,6.0,6.0,5.0,5.0,3.0,3.0,1.0,7.0,6.0,5.0,4.0,6.0,5.0,5.0,5.0,4.0,6.0,3.0,5.0,4.0,5.0,1.0,1,3.0,3.0,3.0,3.0,3.0,5.0,2.0,6.0,2.0,5.0,4.0,5.0,4.0,3.0,3.0,3.0,4.0,1
372,0,SA2410,2,23,0,1,1,0,0,2,4,8,4.0,1,2.0,3.0,4.0,4.0,2.0,4.0,15,5.6,3.0,8.0,3.0,2.0,4.0,4.0,6.0,3.0,6.0,5.0,5.0,4.0,5.0,3.0,2.0,4.0,4.0,6.0,3.0,6.0,3.0,5.0,4.0,4.0,4.0,5.0,5.0,5.0,5.0,5.0,5.0,4.0,6.0,3.0,5.0,1.0,10,5.0,4.0,5.0,5.0,5.0,5.0,4.0,4.0,4.0,7.0,4.0,4.0,3.0,3.0,3.0,3.0,3.0,1
373,0,send99,1,27,1,0,0,0,0,1,4,5,1.0,2,1.0,1.0,1.0,0.0,3.0,1.0,9,1.2,1.0,2.0,1.0,3.0,4.0,3.0,4.0,3.0,5.0,4.0,4.0,3.0,4.0,3.0,4.0,4.0,7.0,6.0,2.0,5.0,4.0,5.0,5.0,6.0,5.0,6.0,5.0,3.0,2.0,2.0,2.0,2.0,3.0,4.0,2.0,1.0,1,0.0,0.0,1.0,1.0,1.0,3.0,4.0,6.0,4.0,3.0,4.0,4.0,3.0,2.0,4.0,5.0,3.0,1
374,0,SI1411,2,23,1,0,0,0,0,1,3,3,2.0,2,1.0,3.0,4.0,2.0,2.0,3.0,33,5.7,3.0,17.0,4.0,3.0,6.0,3.0,6.0,4.0,4.0,6.0,4.0,3.0,6.0,4.0,6.0,4.0,4.0,4.0,4.0,4.0,5.0,6.0,3.0,4.0,4.0,5.0,5.0,5.0,5.0,3.0,5.0,4.0,3.0,2.0,3.0,1.0,3,1.0,1.0,3.0,2.0,2.0,4.0,4.0,6.0,3.0,1.0,7.0,1.0,4.0,3.0,3.0,3.0,2.0,1
375,1,skip,0,22,1,0,1,0,0,1,3,1,1.0,2,1.0,1.0,1.0,4.0,5.0,0.0,8,2.5,1.0,3.0,3.0,2.0,3.0,4.0,4.0,2.0,2.0,2.0,5.0,4.0,2.0,5.0,4.0,6.0,6.0,4.0,4.0,3.0,2.0,7.0,6.0,4.0,3.0,5.0,5.0,6.0,5.0,4.0,3.0,4.0,4.0,1.0,5.0,4.0,7,5.0,4.0,5.0,3.0,4.0,6.0,2.0,5.0,5.0,2.0,3.0,5.0,2.0,3.0,4.0,5.0,4.0,0
376,1,skipit,0,20,1,0,0,1,0,1,3,2,2.0,1,1.0,4.0,4.0,2.0,3.0,2.0,31,14.8,5.0,21.0,5.0,1.0,3.0,6.0,5.0,3.0,3.0,5.0,4.0,4.0,5.0,3.0,5.0,5.0,6.0,5.0,3.0,4.0,3.0,3.0,3.0,3.0,6.0,3.0,1.0,6.0,6.0,7.0,6.0,5.0,5.0,5.0,4.0,5.0,1,1.0,0.0,2.0,2.0,3.0,7.0,2.0,4.0,4.0,7.0,3.0,5.0,3.0,3.0,3.0,3.0,1.0,0
377,0,SO1504,2,32,1,0,0,0,0,1,4,3,4.0,1,1.0,,5.0,2.0,5.0,4.0,10,12.3,5.0,3.0,5.0,4.0,4.0,4.0,4.0,4.0,4.0,4.0,4.0,4.0,4.0,4.0,4.0,4.0,4.0,4.0,4.0,4.0,4.0,4.0,4.0,4.0,4.0,4.0,5.0,4.0,4.0,4.0,4.0,4.0,4.0,4.0,4.0,1.0,1,2.0,1.0,4.0,4.0,4.0,2.0,4.0,4.0,4.0,4.0,4.0,4.0,3.0,4.0,2.0,2.0,2.0,1
378,0,SU1202,1,24,1,1,1,0,0,2,3,3,2.0,4,1.0,1.0,1.0,1.0,4.0,2.0,4,1.3,1.0,1.0,1.0,2.0,3.0,3.0,3.0,3.0,2.0,3.0,2.0,5.0,3.0,4.0,1.0,5.0,4.0,4.0,3.0,4.0,4.0,3.0,4.0,5.0,6.0,4.0,5.0,3.0,3.0,3.0,3.0,1.0,2.0,2.0,4.0,2.0,2,1.0,2.0,4.0,4.0,3.0,4.0,6.0,3.0,3.0,4.0,4.0,4.0,2.0,3.0,2.0,1.0,2.0,1
379,1,SV1603,1,20,1,1,0,0,0,2,3,1,2.0,1,1.0,4.0,5.0,3.0,4.0,4.0,18,10.8,5.0,10.0,5.0,2.0,4.0,6.0,4.0,4.0,4.0,7.0,4.0,7.0,6.0,2.0,7.0,7.0,7.0,6.0,2.0,6.0,4.0,5.0,6.0,3.0,5.0,6.0,5.0,4.0,4.0,4.0,4.0,3.0,3.0,3.0,3.0,1.0,0,3.0,3.0,3.0,3.0,5.0,4.0,4.0,6.0,3.0,5.0,2.0,4.0,4.0,3.0,3.0,2.0,2.0,0
380,0,SX2408,2,29,0,0,1,1,0,2,4,3,,2,4.0,3.0,3.0,3.0,5.0,4.0,2,7.9,2.0,3.0,2.0,4.0,7.0,5.0,6.0,7.0,5.0,7.0,7.0,3.0,5.0,1.0,7.0,6.0,6.0,7.0,1.0,7.0,1.0,6.0,7.0,4.0,6.0,4.0,5.0,7.0,6.0,6.0,6.0,6.0,4.0,4.0,6.0,1.0,6,4.0,5.0,3.0,5.0,5.0,7.0,6.0,4.0,3.0,6.0,1.0,5.0,3.0,2.0,3.0,4.0,3.0,1
381,1,SX2711,1,21,0,1,0,1,0,1,1,2,2.0,2,2.0,2.0,1.0,4.0,2.0,5.0,16,5.1,2.0,1.0,2.0,3.0,2.0,3.0,3.0,1.0,1.0,3.0,3.0,5.0,1.0,4.0,3.0,2.0,4.0,4.0,7.0,3.0,6.0,3.0,2.0,5.0,1.0,4.0,5.0,6.0,4.0,7.0,4.0,4.0,6.0,5.0,5.0,1.0,5,4.0,3.0,4.0,5.0,6.0,1.0,3.0,7.0,2.0,5.0,3.0,4.0,5.0,4.0,4.0,3.0,3.0,0
382,0,SY0102,1,25,0,1,0,0,0,2,3,3,3.0,2,2.0,2.0,1.0,0.0,2.0,1.0,15,9.9,2.0,0.0,3.0,3.0,3.0,4.0,3.0,3.0,2.0,4.0,2.0,3.0,2.0,3.0,5.0,3.0,7.0,6.0,3.0,5.0,2.0,4.0,4.0,4.0,7.0,4.0,5.0,5.0,5.0,6.0,5.0,5.0,5.0,4.0,5.0,1.0,1,0.0,0.0,1.0,2.0,1.0,3.0,3.0,4.0,2.0,3.0,6.0,3.0,3.0,3.0,4.0,2.0,2.0,1
383,0,SY0105,1,28,0,1,1,0,0,1,2,1,3.0,1,2.0,4.0,4.0,1.0,2.0,2.0,10,6.8,4.0,1.0,4.0,2.0,3.0,4.0,5.0,3.0,2.0,4.0,3.0,2.0,3.0,4.0,5.0,5.0,3.0,4.0,3.0,6.0,4.0,4.0,5.0,5.0,4.0,5.0,5.0,4.0,5.0,5.0,6.0,6.0,3.0,5.0,5.0,1.0,8,1.0,1.0,3.0,3.0,4.0,3.0,2.0,7.0,2.0,2.0,6.0,2.0,4.0,4.0,3.0,4.0,2.0,1
384,0,SY2004,2,32,1,0,0,1,0,1,2,3,2.0,1,1.0,,5.0,4.0,5.0,5.0,16,10.7,5.0,1.0,4.0,2.0,3.0,5.0,4.0,4.0,4.0,4.0,4.0,6.0,5.0,5.0,4.0,5.0,3.0,4.0,2.0,6.0,3.0,5.0,6.0,5.0,4.0,3.0,5.0,4.0,5.0,5.0,6.0,2.0,2.0,1.0,2.0,1.0,8,5.0,5.0,5.0,4.0,4.0,5.0,6.0,3.0,4.0,6.0,3.0,4.0,3.0,3.0,3.0,4.0,3.0,1
385,0,SY2103,1,31,1,1,0,0,0,2,3,7,1.0,2,1.0,,5.0,4.0,2.0,0.0,39,14.8,3.0,14.0,4.0,3.0,4.0,3.0,3.0,3.0,3.0,2.0,3.0,4.0,4.0,5.0,3.0,4.0,2.0,4.0,5.0,3.0,5.0,3.0,3.0,5.0,5.0,5.0,5.0,5.0,6.0,5.0,7.0,4.0,4.0,4.0,4.0,1.0,16,5.0,5.0,6.0,6.0,7.0,4.0,1.0,5.0,3.0,3.0,5.0,5.0,3.0,2.0,3.0,1.0,2.0,1
386,0,TA0109,1,27,0,1,0,1,0,2,3,3,2.0,1,2.0,2.0,2.0,0.0,4.0,2.0,1,2.8,2.0,0.0,1.0,2.0,4.0,2.0,3.0,4.0,3.0,5.0,3.0,2.0,4.0,3.0,4.0,5.0,5.0,5.0,5.0,4.0,5.0,5.0,7.0,5.0,4.0,6.0,5.0,4.0,4.0,3.0,4.0,3.0,4.0,2.0,3.0,1.0,0,0.0,0.0,3.0,2.0,1.0,2.0,6.0,2.0,5.0,4.0,3.0,4.0,3.0,3.0,2.0,2.0,1.0,1
387,0,TA0911,1,23,1,0,0,0,0,2,3,3,3.0,3,1.0,,5.0,4.0,3.0,4.0,22,15.4,5.0,13.0,5.0,4.0,2.0,2.0,1.0,2.0,1.0,2.0,3.0,5.0,2.0,5.0,4.0,5.0,3.0,4.0,5.0,6.0,2.0,4.0,3.0,4.0,3.0,5.0,5.0,2.0,3.0,3.0,2.0,4.0,2.0,3.0,5.0,1.0,1,1.0,5.0,2.0,2.0,4.0,1.0,3.0,4.0,4.0,4.0,5.0,3.0,3.0,3.0,1.0,1.0,2.0,1
388,0,TE1206,2,35,0,0,0,1,0,2,3,3,5.0,2,4.0,,4.0,4.0,5.0,4.0,0,12.3,4.0,2.0,5.0,3.0,5.0,5.0,4.0,4.0,5.0,4.0,3.0,2.0,3.0,4.0,3.0,5.0,5.0,4.0,4.0,6.0,3.0,4.0,5.0,6.0,6.0,4.0,5.0,4.0,5.0,5.0,5.0,5.0,4.0,4.0,5.0,1.0,2,2.0,4.0,4.0,4.0,4.0,4.0,4.0,3.0,5.0,3.0,7.0,2.0,4.0,4.0,3.0,2.0,2.0,1
389,0,TE3005,2,31,1,1,0,1,0,2,4,3,3.0,3,1.0,4.0,5.0,4.0,5.0,0.0,11,5.8,3.0,25.0,4.0,1.0,5.0,5.0,5.0,6.0,4.0,5.0,6.0,2.0,5.0,3.0,5.0,6.0,5.0,5.0,4.0,6.0,2.0,6.0,6.0,2.0,5.0,5.0,5.0,6.0,6.0,5.0,6.0,2.0,2.0,2.0,2.0,1.0,10,4.0,3.0,6.0,6.0,5.0,6.0,2.0,6.0,3.0,6.0,4.0,5.0,3.0,4.0,3.0,2.0,3.0,1
390,0,test02,1,27,0,0,1,0,0,2,3,3,6.0,1,3.0,3.0,3.0,2.0,4.0,2.0,36,5.7,3.0,0.0,3.0,4.0,2.0,2.0,3.0,2.0,1.0,3.0,2.0,4.0,3.0,2.0,5.0,4.0,4.0,6.0,2.0,4.0,3.0,5.0,5.0,3.0,7.0,6.0,5.0,4.0,5.0,5.0,4.0,4.0,4.0,4.0,5.0,1.0,3,2.0,1.0,2.0,4.0,3.0,2.0,3.0,6.0,3.0,4.0,7.0,5.0,3.0,3.0,1.0,3.0,3.0,1
391,0,TH0208,1,27,0,1,0,0,0,2,3,3,4.0,3,2.0,4.0,2.0,0.0,4.0,3.0,32,9.4,3.0,8.0,4.0,1.0,3.0,3.0,2.0,2.0,3.0,2.0,3.0,5.0,4.0,4.0,3.0,3.0,3.0,5.0,3.0,4.0,4.0,4.0,4.0,6.0,3.0,4.0,5.0,4.0,5.0,3.0,4.0,3.0,3.0,3.0,3.0,1.0,3,1.0,1.0,1.0,3.0,3.0,2.0,7.0,2.0,5.0,3.0,4.0,4.0,4.0,3.0,2.0,1.0,3.0,1
392,0,TH1406,2,34,0,1,0,0,0,1,2,8,3.0,2,2.0,1.0,1.0,1.0,1.0,2.0,3,0.5,1.0,3.0,2.0,3.0,3.0,2.0,1.0,1.0,2.0,5.0,5.0,4.0,3.0,3.0,3.0,2.0,1.0,2.0,5.0,7.0,4.0,2.0,3.0,7.0,2.0,2.0,6.0,5.0,4.0,6.0,6.0,7.0,6.0,5.0,4.0,1.0,1,1.0,2.0,1.0,1.0,1.0,2.0,5.0,6.0,1.0,1.0,2.0,2.0,5.0,5.0,1.0,1.0,1.0,0
393,1,thoi,0,20,1,1,1,0,0,2,1,2,1.0,1,1.0,2.0,3.0,1.0,3.0,2.0,5,2.6,4.0,1.0,3.0,4.0,3.0,5.0,4.0,5.0,5.0,4.0,6.0,3.0,6.0,5.0,4.0,4.0,4.0,4.0,4.0,4.0,5.0,3.0,3.0,5.0,2.0,5.0,5.0,3.0,4.0,2.0,4.0,3.0,3.0,4.0,3.0,6.0,1,2.0,0.0,4.0,5.0,3.0,1.0,5.0,4.0,3.0,2.0,5.0,2.0,5.0,5.0,3.0,3.0,4.0,0
394,1,thoi123,0,22,1,0,0,1,0,1,3,2,1.0,1,1.0,4.0,5.0,4.0,3.0,5.0,26,2.5,5.0,3.0,5.0,2.0,3.0,3.0,3.0,3.0,3.0,3.0,3.0,3.0,3.0,3.0,3.0,3.0,3.0,3.0,3.0,3.0,3.0,3.0,3.0,3.0,3.0,3.0,3.0,3.0,3.0,3.0,3.0,3.0,3.0,3.0,3.0,4.0,10,3.0,3.0,3.0,3.0,3.0,6.0,3.0,3.0,3.0,3.0,3.0,3.0,2.0,3.0,2.0,3.0,1.0,0
395,1,thoii,0,21,1,0,0,0,0,2,3,1,2.0,1,1.0,3.0,5.0,0.0,3.0,2.0,24,28.6,5.0,8.0,5.0,3.0,4.0,4.0,4.0,4.0,4.0,4.0,4.0,4.0,4.0,4.0,4.0,4.0,4.0,4.0,4.0,4.0,4.0,4.0,4.0,4.0,4.0,4.0,5.0,4.0,4.0,4.0,4.0,4.0,4.0,4.0,4.0,7.0,2,2.0,1.0,4.0,4.0,4.0,4.0,4.0,4.0,4.0,4.0,4.0,4.0,4.0,3.0,3.0,1.0,1.0,0
396,1,thoiii,0,21,1,0,0,1,0,2,2,1,2.0,1,1.0,1.0,3.0,2.0,5.0,5.0,6,1.8,2.0,7.0,1.0,4.0,5.0,5.0,4.0,4.0,2.0,3.0,4.0,4.0,1.0,3.0,4.0,5.0,6.0,4.0,1.0,5.0,5.0,5.0,5.0,5.0,6.0,6.0,5.0,4.0,4.0,4.0,4.0,3.0,1.0,2.0,4.0,7.0,3,4.0,2.0,5.0,3.0,4.0,4.0,3.0,6.0,3.0,4.0,1.0,3.0,5.0,5.0,1.0,5.0,2.0,0
397,1,thoiroi,0,19,1,0,0,0,0,2,3,2,2.0,2,1.0,2.0,1.0,2.0,2.0,3.0,5,2.0,4.0,2.0,3.0,5.0,5.0,5.0,5.0,5.0,5.0,5.0,5.0,5.0,5.0,5.0,5.0,5.0,5.0,5.0,5.0,5.0,5.0,5.0,5.0,5.0,5.0,5.0,3.0,5.0,5.0,5.0,5.0,5.0,5.0,5.0,5.0,2.0,2,0.0,2.0,5.0,5.0,5.0,5.0,5.0,5.0,5.0,5.0,5.0,5.0,4.0,4.0,4.0,5.0,1.0,0
398,0,TI1112,1,35,0,0,1,1,0,2,1,3,3.0,2,3.0,4.0,4.0,1.0,4.0,4.0,33,7.9,4.0,5.0,4.0,4.0,4.0,3.0,4.0,4.0,5.0,5.0,3.0,3.0,5.0,4.0,6.0,6.0,5.0,5.0,3.0,5.0,3.0,6.0,7.0,3.0,7.0,6.0,5.0,4.0,6.0,6.0,3.0,4.0,3.0,4.0,4.0,1.0,0,2.0,2.0,4.0,3.0,4.0,4.0,6.0,2.0,4.0,4.0,5.0,4.0,4.0,3.0,2.0,2.0,3.0,1
399,0,TI1505,2,25,0,1,0,0,0,1,3,3,1.0,3,2.0,4.0,4.0,2.0,2.0,5.0,48,6.2,4.0,5.0,4.0,4.0,3.0,5.0,4.0,3.0,3.0,6.0,4.0,3.0,5.0,4.0,4.0,2.0,2.0,5.0,6.0,5.0,3.0,5.0,5.0,4.0,4.0,5.0,5.0,5.0,6.0,6.0,5.0,4.0,6.0,5.0,6.0,1.0,2,2.0,4.0,5.0,3.0,5.0,5.0,4.0,1.0,5.0,4.0,5.0,3.0,3.0,3.0,4.0,4.0,4.0,1
400,0,TI1801,2,33,0,1,1,0,0,2,2,3,6.0,3,2.0,3.0,3.0,1.0,2.0,4.0,14,15.0,2.0,0.0,3.0,4.0,5.0,3.0,4.0,3.0,4.0,4.0,4.0,5.0,4.0,4.0,7.0,3.0,5.0,6.0,5.0,5.0,3.0,4.0,5.0,5.0,4.0,5.0,5.0,7.0,6.0,7.0,7.0,2.0,5.0,1.0,3.0,1.0,2,1.0,1.0,3.0,4.0,4.0,4.0,3.0,4.0,4.0,3.0,5.0,3.0,4.0,4.0,4.0,4.0,2.0,1
401,1,TK1905,1,19,1,1,0,0,0,2,3,1,,1,1.0,1.0,2.0,3.0,5.0,3.0,5,9.0,3.0,6.0,3.0,1.0,4.0,3.0,1.0,1.0,1.0,4.0,3.0,4.0,4.0,3.0,3.0,2.0,1.0,2.0,6.0,7.0,6.0,4.0,4.0,6.0,6.0,5.0,5.0,5.0,5.0,2.0,4.0,5.0,5.0,4.0,5.0,1.0,8,2.0,4.0,3.0,4.0,1.0,2.0,3.0,5.0,5.0,3.0,4.0,3.0,5.0,4.0,4.0,4.0,1.0,0
402,1,TN0404,2,22,1,1,0,0,0,2,1,2,2.0,1,1.0,2.0,2.0,1.0,4.0,4.0,12,1.0,2.0,4.0,3.0,2.0,2.0,2.0,2.0,2.0,2.0,3.0,4.0,4.0,4.0,4.0,5.0,5.0,3.0,3.0,5.0,4.0,5.0,5.0,5.0,6.0,3.0,4.0,5.0,6.0,5.0,3.0,3.0,5.0,4.0,4.0,5.0,1.0,2,2.0,2.0,2.0,2.0,2.0,3.0,4.0,4.0,4.0,5.0,3.0,4.0,3.0,3.0,2.0,2.0,2.0,0
403,0,TO0506,2,29,0,1,0,0,0,2,3,3,3.0,1,2.0,,5.0,4.0,4.0,4.0,33,22.5,5.0,5.0,5.0,3.0,4.0,4.0,3.0,4.0,3.0,6.0,5.0,3.0,5.0,4.0,4.0,3.0,2.0,3.0,4.0,5.0,5.0,3.0,3.0,4.0,2.0,4.0,5.0,4.0,5.0,6.0,5.0,3.0,2.0,3.0,4.0,2.0,9,3.0,3.0,4.0,4.0,3.0,4.0,4.0,3.0,6.0,3.0,3.0,3.0,4.0,4.0,5.0,2.0,4.0,1
404,0,TO2106,0,24,1,0,0,0,0,1,3,8,2.0,2,5.0,1.0,1.0,0.0,5.0,1.0,8,0.7,1.0,4.0,1.0,3.0,2.0,2.0,2.0,3.0,4.0,5.0,2.0,4.0,3.0,5.0,3.0,3.0,4.0,3.0,6.0,4.0,4.0,4.0,5.0,7.0,3.0,2.0,5.0,5.0,5.0,4.0,4.0,3.0,3.0,2.0,4.0,2.0,3,0.0,0.0,1.0,1.0,3.0,3.0,4.0,7.0,3.0,4.0,5.0,4.0,5.0,4.0,3.0,3.0,3.0,1
405,1,TP0507,2,21,1,0,1,0,0,2,3,1,1.0,3,1.0,1.0,1.0,0.0,5.0,2.0,1,2.9,1.0,3.0,2.0,3.0,4.0,4.0,3.0,4.0,5.0,4.0,4.0,5.0,2.0,4.0,3.0,5.0,4.0,5.0,4.0,7.0,3.0,6.0,5.0,4.0,5.0,4.0,5.0,5.0,7.0,6.0,6.0,4.0,5.0,5.0,4.0,1.0,1,0.0,1.0,2.0,2.0,1.0,4.0,4.0,6.0,3.0,3.0,2.0,4.0,2.0,3.0,2.0,2.0,3.0,0
406,1,TP1306,0,19,1,1,0,0,0,1,1,2,1.0,1,2.0,2.0,2.0,3.0,5.0,2.0,10,2.0,2.0,7.0,3.0,3.0,4.0,5.0,3.0,3.0,5.0,4.0,6.0,3.0,6.0,4.0,7.0,7.0,4.0,2.0,7.0,7.0,5.0,6.0,6.0,7.0,7.0,5.0,4.0,5.0,7.0,5.0,4.0,6.0,6.0,5.0,5.0,6.0,2,3.0,1.0,5.0,5.0,4.0,5.0,5.0,5.0,5.0,3.0,7.0,7.0,3.0,4.0,2.0,3.0,5.0,0
407,0,TP2701,2,28,1,1,0,0,0,2,3,3,3.0,2,1.0,2.0,2.0,1.0,4.0,2.0,20,3.0,2.0,15.0,4.0,2.0,5.0,5.0,5.0,4.0,5.0,6.0,6.0,3.0,6.0,3.0,3.0,2.0,2.0,4.0,4.0,5.0,4.0,5.0,3.0,5.0,5.0,6.0,5.0,6.0,6.0,7.0,5.0,6.0,5.0,5.0,5.0,1.0,2,3.0,1.0,5.0,5.0,6.0,6.0,5.0,2.0,6.0,3.0,5.0,5.0,4.0,2.0,3.0,2.0,2.0,0
408,1,TQ1003,2,22,1,1,1,0,0,2,4,1,1.0,2,1.0,2.0,4.0,2.0,2.0,3.0,15,5.4,3.0,4.0,2.0,3.0,3.0,3.0,5.0,2.0,5.0,5.0,4.0,5.0,6.0,5.0,1.0,3.0,5.0,4.0,5.0,3.0,4.0,3.0,2.0,5.0,3.0,2.0,5.0,6.0,5.0,6.0,5.0,6.0,5.0,4.0,4.0,1.0,6,3.0,5.0,4.0,4.0,3.0,4.0,2.0,7.0,1.0,3.0,3.0,5.0,3.0,3.0,3.0,4.0,3.0,0
409,1,TS0507,2,22,1,0,0,1,0,2,3,2,1.0,1,1.0,1.0,1.0,0.0,2.0,2.0,6,1.6,1.0,7.0,1.0,2.0,2.0,3.0,2.0,3.0,4.0,4.0,3.0,4.0,2.0,2.0,3.0,6.0,4.0,3.0,3.0,4.0,2.0,6.0,4.0,5.0,5.0,5.0,5.0,3.0,4.0,4.0,2.0,3.0,3.0,3.0,3.0,1.0,0,1.0,0.0,3.0,2.0,5.0,3.0,5.0,4.0,4.0,2.0,4.0,4.0,2.0,2.0,2.0,3.0,1.0,0
410,1,TS1912,2,22,0,1,1,0,0,1,1,1,1.0,2,1.0,2.0,1.0,1.0,2.0,3.0,1,1.0,4.0,2.0,2.0,1.0,6.0,4.0,4.0,3.0,3.0,3.0,2.0,6.0,2.0,6.0,3.0,3.0,2.0,2.0,6.0,3.0,6.0,3.0,4.0,6.0,6.0,6.0,5.0,5.0,4.0,5.0,5.0,4.0,6.0,5.0,5.0,1.0,0,0.0,0.0,1.0,1.0,1.0,2.0,5.0,4.0,6.0,3.0,6.0,2.0,4.0,3.0,1.0,1.0,1.0,0
411,0,TT1113,2,31,1,1,0,0,0,2,2,3,2.0,1,2.0,2.0,1.0,0.0,5.0,2.0,5,4.2,2.0,8.0,1.0,3.0,1.0,2.0,3.0,2.0,2.0,3.0,3.0,5.0,3.0,3.0,4.0,2.0,3.0,4.0,3.0,3.0,3.0,5.0,4.0,3.0,3.0,5.0,5.0,5.0,4.0,4.0,3.0,4.0,4.0,4.0,4.0,2.0,4,0.0,0.0,2.0,1.0,2.0,1.0,4.0,2.0,6.0,3.0,5.0,5.0,3.0,4.0,3.0,3.0,2.0,1
412,1,TT1211,2,21,1,1,0,0,0,2,3,2,1.0,1,2.0,1.0,3.0,1.0,5.0,2.0,20,24.0,5.0,5.0,4.0,3.0,5.0,4.0,3.0,1.0,1.0,6.0,4.0,5.0,4.0,5.0,5.0,4.0,1.0,4.0,5.0,6.0,3.0,5.0,6.0,6.0,5.0,4.0,5.0,6.0,6.0,6.0,6.0,6.0,6.0,5.0,6.0,1.0,2,2.0,1.0,5.0,3.0,5.0,3.0,4.0,3.0,5.0,5.0,4.0,4.0,4.0,3.0,2.0,3.0,3.0,0
413,0,TT1404,2,28,1,1,0,1,0,2,3,3,4.0,1,4.0,2.0,2.0,2.0,5.0,4.0,10,2.0,4.0,2.0,4.0,1.0,4.0,4.0,5.0,5.0,5.0,6.0,5.0,5.0,5.0,5.0,5.0,3.0,3.0,5.0,5.0,5.0,5.0,3.0,5.0,5.0,5.0,3.0,5.0,5.0,5.0,6.0,5.0,4.0,4.0,4.0,4.0,1.0,3,2.0,1.0,4.0,5.0,5.0,5.0,3.0,5.0,6.0,6.0,1.0,6.0,4.0,4.0,4.0,4.0,2.0,0
414,0,TU2910,2,27,0,1,0,0,0,2,3,3,4.0,1,2.0,,5.0,3.0,5.0,5.0,26,8.1,5.0,33.0,5.0,4.0,4.0,5.0,4.0,3.0,2.0,3.0,3.0,3.0,2.0,3.0,6.0,3.0,5.0,4.0,4.0,4.0,5.0,5.0,4.0,5.0,5.0,4.0,5.0,6.0,3.0,4.0,5.0,5.0,2.0,3.0,1.0,1.0,1,2.0,3.0,3.0,3.0,4.0,2.0,4.0,5.0,5.0,2.0,5.0,3.0,3.0,2.0,5.0,3.0,3.0,1
415,0,TV0912,1,25,1,0,0,0,0,1,3,3,3.0,2,1.0,1.0,1.0,4.0,3.0,5.0,4,32.0,2.0,4.0,1.0,3.0,6.0,4.0,3.0,4.0,3.0,4.0,5.0,5.0,3.0,3.0,3.0,4.0,5.0,4.0,5.0,5.0,5.0,4.0,3.0,3.0,5.0,3.0,5.0,4.0,4.0,4.0,5.0,5.0,3.0,4.0,4.0,2.0,7,3.0,3.0,5.0,4.0,2.0,3.0,4.0,6.0,2.0,5.0,2.0,5.0,3.0,2.0,2.0,1.0,2.0,1
416,1,TV3003,1,21,1,1,0,0,0,2,3,1,4.0,1,2.0,3.0,2.0,2.0,1.0,3.0,10,10.0,2.0,2.0,2.0,2.0,4.0,5.0,5.0,4.0,3.0,5.0,3.0,2.0,1.0,2.0,2.0,3.0,5.0,2.0,3.0,4.0,2.0,2.0,1.0,2.0,4.0,5.0,4.0,3.0,2.0,3.0,2.0,3.0,2.0,4.0,5.0,4.0,3,1.0,2.0,3.0,2.0,2.0,3.0,3.0,4.0,2.0,3.0,4.0,3.0,3.0,2.0,3.0,4.0,2.0,0
417,1,TY2508,1,21,0,1,1,0,0,1,3,4,2.0,3,2.0,2.0,3.0,1.0,3.0,2.0,24,3.9,3.0,3.0,3.0,2.0,2.0,1.0,1.0,1.0,1.0,3.0,5.0,3.0,2.0,4.0,5.0,4.0,3.0,7.0,5.0,6.0,3.0,6.0,5.0,4.0,3.0,4.0,5.0,5.0,6.0,6.0,4.0,4.0,5.0,6.0,4.0,1.0,1,2.0,2.0,1.0,4.0,4.0,3.0,1.0,6.0,1.0,5.0,2.0,5.0,3.0,4.0,2.0,2.0,2.0,0
418,1,TZ1505,0,18,1,0,0,1,0,2,3,1,1.0,1,1.0,3.0,3.0,2.0,4.0,2.0,6,2.6,4.0,7.0,4.0,3.0,2.0,3.0,2.0,3.0,3.0,5.0,6.0,3.0,5.0,2.0,6.0,6.0,6.0,7.0,3.0,7.0,1.0,6.0,5.0,1.0,7.0,5.0,5.0,5.0,6.0,6.0,6.0,5.0,6.0,5.0,4.0,1.0,1,0.0,0.0,3.0,3.0,3.0,3.0,2.0,5.0,1.0,5.0,2.0,3.0,2.0,3.0,4.0,3.0,4.0,0
419,0,UB1507,2,26,1,0,0,0,0,1,1,2,3.0,1,1.0,1.0,1.0,4.0,4.0,4.0,0,2.9,1.0,1.0,1.0,5.0,3.0,3.0,3.0,3.0,3.0,3.0,3.0,3.0,3.0,3.0,3.0,3.0,3.0,3.0,3.0,3.0,3.0,3.0,3.0,3.0,3.0,3.0,5.0,3.0,3.0,3.0,3.0,3.0,3.0,3.0,3.0,6.0,3,3.0,4.0,3.0,3.0,3.0,4.0,3.0,3.0,3.0,3.0,3.0,3.0,4.0,3.0,4.0,3.0,4.0,1
420,1,UC0306,2,21,0,1,0,0,0,1,3,4,2.0,2,2.0,2.0,3.0,1.0,2.0,2.0,33,6.9,3.0,5.0,2.0,3.0,3.0,1.0,2.0,2.0,3.0,3.0,3.0,3.0,3.0,5.0,2.0,2.0,4.0,4.0,5.0,4.0,3.0,3.0,1.0,6.0,4.0,3.0,5.0,4.0,4.0,3.0,3.0,4.0,1.0,3.0,3.0,1.0,0,1.0,2.0,3.0,3.0,3.0,3.0,5.0,6.0,4.0,4.0,4.0,5.0,3.0,2.0,2.0,2.0,2.0,0
421,1,uh,0,19,1,1,1,0,0,2,2,1,2.0,1,2.0,2.0,4.0,3.0,3.0,5.0,16,5.4,2.0,3.0,4.0,1.0,5.0,5.0,5.0,5.0,5.0,5.0,5.0,5.0,5.0,5.0,5.0,5.0,5.0,5.0,5.0,5.0,5.0,5.0,5.0,5.0,5.0,5.0,5.0,5.0,5.0,5.0,5.0,5.0,5.0,5.0,5.0,6.0,2,3.0,3.0,5.0,5.0,5.0,7.0,5.0,5.0,5.0,5.0,5.0,5.0,5.0,4.0,4.0,4.0,2.0,0
422,1,uhhh,0,21,1,0,0,1,0,1,3,1,2.0,3,1.0,3.0,4.0,3.0,4.0,3.0,3,17.0,3.0,2.0,5.0,3.0,4.0,4.0,4.0,4.0,4.0,4.0,4.0,4.0,4.0,4.0,4.0,4.0,4.0,4.0,4.0,4.0,4.0,4.0,4.0,4.0,4.0,4.0,2.0,4.0,4.0,4.0,4.0,4.0,4.0,4.0,4.0,1.0,1,3.0,5.0,4.0,4.0,4.0,5.0,4.0,4.0,4.0,4.0,4.0,4.0,4.0,4.0,1.0,1.0,1.0,0
423,1,uhm,0,19,1,0,0,1,0,1,3,2,1.0,3,1.0,3.0,2.0,4.0,5.0,0.0,1,5.6,2.0,5.0,3.0,4.0,4.0,4.0,4.0,4.0,4.0,4.0,4.0,4.0,4.0,4.0,4.0,4.0,4.0,4.0,4.0,4.0,4.0,4.0,4.0,4.0,4.0,4.0,7.0,4.0,4.0,4.0,4.0,4.0,4.0,4.0,4.0,4.0,11,4.0,5.0,4.0,4.0,4.0,5.0,4.0,4.0,4.0,4.0,4.0,4.0,4.0,5.0,3.0,4.0,3.0,0
424,1,uhmm,0,19,1,0,0,0,0,1,4,1,1.0,1,1.0,2.0,2.0,0.0,3.0,3.0,3,0.9,2.0,3.0,1.0,4.0,4.0,3.0,5.0,7.0,4.0,5.0,5.0,6.0,3.0,5.0,4.0,5.0,4.0,4.0,2.0,3.0,1.0,3.0,6.0,4.0,4.0,4.0,5.0,5.0,4.0,3.0,4.0,3.0,3.0,6.0,3.0,2.0,2,1.0,0.0,2.0,1.0,4.0,5.0,4.0,5.0,3.0,5.0,3.0,6.0,2.0,2.0,5.0,1.0,4.0,0
425,1,uhmnha,0,18,1,1,0,1,0,2,2,2,,1,4.0,3.0,5.0,0.0,5.0,4.0,3,4.0,4.0,4.0,5.0,5.0,2.0,4.0,6.0,5.0,3.0,4.0,4.0,5.0,5.0,4.0,3.0,3.0,5.0,6.0,4.0,5.0,2.0,4.0,6.0,4.0,7.0,6.0,7.0,4.0,4.0,3.0,6.0,2.0,1.0,4.0,3.0,1.0,0,3.0,2.0,4.0,6.0,7.0,1.0,3.0,3.0,3.0,5.0,1.0,5.0,3.0,3.0,1.0,4.0,3.0,0
426,1,uk,0,20,1,1,0,1,0,1,1,1,,1,1.0,2.0,3.0,0.0,3.0,2.0,5,2.9,2.0,0.0,3.0,3.0,5.0,4.0,5.0,6.0,3.0,5.0,4.0,3.0,2.0,4.0,6.0,5.0,3.0,5.0,4.0,4.0,3.0,6.0,6.0,5.0,5.0,2.0,5.0,6.0,5.0,6.0,3.0,5.0,3.0,5.0,4.0,1.0,4,0.0,2.0,2.0,4.0,1.0,4.0,5.0,2.0,5.0,5.0,2.0,3.0,5.0,3.0,4.0,2.0,3.0,0
427,1,uk123,0,19,1,0,0,0,0,2,3,1,2.0,1,1.0,3.0,3.0,1.0,1.0,5.0,11,6.1,2.0,2.0,2.0,3.0,5.0,1.0,6.0,3.0,2.0,3.0,4.0,4.0,3.0,4.0,2.0,5.0,2.0,5.0,4.0,5.0,3.0,4.0,5.0,3.0,3.0,1.0,7.0,5.0,5.0,5.0,5.0,6.0,2.0,4.0,2.0,1.0,13,4.0,2.0,5.0,3.0,7.0,7.0,3.0,5.0,1.0,5.0,5.0,5.0,3.0,3.0,3.0,1.0,4.0,0
428,1,ukkk,0,19,1,1,0,1,0,1,3,2,2.0,2,1.0,2.0,3.0,0.0,4.0,3.0,6,4.1,1.0,6.0,3.0,3.0,4.0,4.0,4.0,4.0,4.0,4.0,4.0,4.0,4.0,4.0,4.0,4.0,4.0,4.0,4.0,4.0,4.0,4.0,4.0,4.0,4.0,4.0,1.0,4.0,4.0,4.0,4.0,4.0,4.0,4.0,4.0,6.0,0,0.0,0.0,4.0,4.0,4.0,3.0,4.0,4.0,4.0,4.0,4.0,4.0,3.0,4.0,3.0,3.0,1.0,0
429,1,ukkkk,0,22,1,1,0,1,0,2,1,2,1.0,1,4.0,1.0,3.0,1.0,4.0,3.0,13,0.3,3.0,1.0,1.0,4.0,4.0,4.0,4.0,4.0,4.0,4.0,4.0,4.0,4.0,4.0,4.0,4.0,4.0,4.0,4.0,4.0,4.0,4.0,4.0,4.0,4.0,4.0,6.0,4.0,4.0,4.0,4.0,4.0,4.0,4.0,4.0,1.0,1,5.0,3.0,4.0,4.0,4.0,6.0,4.0,4.0,4.0,4.0,4.0,4.0,3.0,4.0,4.0,4.0,4.0,0
430,1,ukkkku,0,19,1,1,0,0,0,1,3,4,1.0,1,1.0,1.0,1.0,1.0,5.0,2.0,7,2.5,1.0,4.0,1.0,3.0,1.0,4.0,2.0,4.0,5.0,3.0,4.0,4.0,5.0,4.0,5.0,5.0,5.0,5.0,2.0,6.0,4.0,5.0,6.0,3.0,5.0,4.0,5.0,3.0,6.0,6.0,4.0,2.0,3.0,2.0,4.0,6.0,1,0.0,2.0,5.0,3.0,2.0,1.0,4.0,6.0,2.0,6.0,3.0,3.0,4.0,3.0,3.0,1.0,2.0,0
431,1,um,0,21,1,0,0,0,0,1,3,1,2.0,1,5.0,4.0,5.0,0.0,2.0,1.0,5,1.9,4.0,22.0,5.0,5.0,3.0,4.0,3.0,2.0,5.0,4.0,4.0,4.0,5.0,4.0,4.0,5.0,4.0,4.0,4.0,5.0,4.0,4.0,4.0,4.0,4.0,3.0,5.0,3.0,4.0,4.0,3.0,6.0,3.0,3.0,4.0,1.0,2,0.0,0.0,4.0,3.0,3.0,2.0,3.0,6.0,4.0,6.0,2.0,3.0,3.0,3.0,1.0,1.0,2.0,0
432,0,UM2210,2,24,1,1,0,0,0,2,3,3,3.0,2,1.0,4.0,3.0,1.0,4.0,2.0,10,3.9,4.0,8.0,4.0,1.0,4.0,3.0,3.0,3.0,3.0,3.0,3.0,3.0,3.0,5.0,2.0,5.0,2.0,3.0,6.0,5.0,4.0,3.0,3.0,5.0,3.0,3.0,5.0,5.0,3.0,4.0,5.0,3.0,1.0,3.0,3.0,1.0,0,1.0,3.0,2.0,2.0,3.0,3.0,3.0,4.0,3.0,4.0,7.0,3.0,4.0,4.0,3.0,4.0,3.0,1
433,1,ummmm,0,18,1,0,0,0,0,2,3,1,1.0,1,1.0,3.0,4.0,2.0,5.0,3.0,24,2.3,5.0,5.0,4.0,4.0,4.0,5.0,5.0,1.0,5.0,3.0,6.0,3.0,4.0,4.0,5.0,6.0,4.0,5.0,2.0,6.0,3.0,6.0,4.0,5.0,4.0,7.0,5.0,5.0,7.0,6.0,5.0,3.0,2.0,3.0,5.0,1.0,3,2.0,3.0,4.0,3.0,5.0,1.0,7.0,7.0,3.0,6.0,2.0,3.0,2.0,3.0,2.0,1.0,2.0,0
434,1,ummmmm,0,22,1,0,0,0,0,2,2,1,2.0,1,1.0,2.0,5.0,0.0,2.0,2.0,10,7.8,3.0,6.0,4.0,2.0,5.0,3.0,5.0,3.0,4.0,6.0,6.0,3.0,6.0,4.0,3.0,4.0,3.0,2.0,6.0,5.0,2.0,5.0,3.0,3.0,5.0,2.0,7.0,4.0,4.0,4.0,5.0,2.0,1.0,4.0,5.0,1.0,1,0.0,0.0,2.0,2.0,3.0,4.0,3.0,7.0,2.0,4.0,4.0,3.0,4.0,2.0,3.0,4.0,3.0,0
435,0,UN0402,2,30,0,1,0,0,0,1,3,3,2.0,2,2.0,2.0,2.0,3.0,3.0,5.0,21,2.6,1.0,0.0,2.0,4.0,5.0,4.0,4.0,2.0,4.0,3.0,4.0,2.0,4.0,4.0,5.0,7.0,6.0,6.0,3.0,6.0,4.0,5.0,7.0,3.0,4.0,6.0,5.0,3.0,4.0,4.0,5.0,5.0,5.0,5.0,4.0,1.0,7,3.0,5.0,3.0,4.0,5.0,4.0,4.0,4.0,4.0,2.0,4.0,1.0,3.0,3.0,3.0,4.0,3.0,1
436,0,UO2503,2,33,1,0,0,0,0,1,3,4,3.0,1,1.0,3.0,2.0,4.0,5.0,3.0,7,2.2,3.0,1.0,2.0,3.0,6.0,3.0,5.0,4.0,4.0,5.0,5.0,3.0,5.0,5.0,3.0,2.0,1.0,3.0,4.0,5.0,5.0,4.0,3.0,5.0,4.0,4.0,6.0,5.0,6.0,6.0,6.0,7.0,5.0,4.0,5.0,2.0,0,3.0,2.0,3.0,3.0,5.0,5.0,1.0,6.0,2.0,3.0,5.0,3.0,3.0,3.0,5.0,4.0,5.0,1
437,0,UX1309,2,27,1,1,0,0,0,1,3,3,3.0,2,2.0,4.0,4.0,2.0,2.0,3.0,6,3.5,3.0,4.0,4.0,5.0,5.0,4.0,5.0,2.0,4.0,4.0,4.0,7.0,4.0,5.0,6.0,4.0,4.0,5.0,3.0,5.0,1.0,6.0,5.0,3.0,4.0,5.0,5.0,5.0,5.0,6.0,4.0,3.0,3.0,4.0,3.0,1.0,12,1.0,2.0,4.0,3.0,5.0,2.0,5.0,2.0,5.0,4.0,3.0,5.0,4.0,4.0,5.0,3.0,4.0,1
438,0,UY0810,1,30,0,1,0,0,0,2,2,2,1.0,1,2.0,2.0,1.0,2.0,1.0,5.0,2,4.6,3.0,11.0,2.0,4.0,3.0,6.0,3.0,2.0,5.0,5.0,6.0,4.0,5.0,5.0,5.0,5.0,5.0,7.0,2.0,7.0,2.0,5.0,6.0,2.0,5.0,7.0,3.0,3.0,5.0,5.0,4.0,3.0,4.0,4.0,2.0,2.0,4,4.0,3.0,5.0,3.0,4.0,5.0,5.0,5.0,4.0,4.0,5.0,4.0,3.0,3.0,3.0,3.0,1.0,1
439,1,VA0301,1,21,1,1,0,1,0,1,3,1,1.0,1,1.0,3.0,2.0,1.0,2.0,1.0,4,3.3,4.0,6.0,3.0,4.0,3.0,3.0,3.0,2.0,2.0,5.0,2.0,2.0,4.0,5.0,1.0,3.0,4.0,4.0,3.0,3.0,6.0,4.0,3.0,5.0,4.0,2.0,5.0,6.0,5.0,3.0,3.0,5.0,7.0,5.0,5.0,1.0,0,1.0,1.0,2.0,4.0,4.0,3.0,2.0,7.0,3.0,6.0,1.0,5.0,3.0,3.0,2.0,2.0,2.0,0
440,0,VA2007,2,33,1,1,0,0,0,1,3,3,5.0,2,2.0,4.0,4.0,4.0,4.0,0.0,28,8.5,3.0,2.0,4.0,4.0,3.0,3.0,3.0,3.0,3.0,3.0,3.0,3.0,3.0,3.0,3.0,3.0,3.0,3.0,3.0,3.0,3.0,3.0,3.0,3.0,3.0,3.0,5.0,3.0,3.0,3.0,3.0,3.0,3.0,3.0,3.0,1.0,8,5.0,5.0,3.0,3.0,3.0,4.0,3.0,3.0,3.0,3.0,3.0,3.0,3.0,2.0,3.0,2.0,1.0,1
441,0,VA2403,2,28,1,1,0,0,0,2,3,3,4.0,2,2.0,3.0,4.0,1.0,5.0,2.0,17,7.6,3.0,1.0,3.0,3.0,3.0,4.0,4.0,4.0,3.0,3.0,4.0,4.0,5.0,4.0,4.0,5.0,3.0,6.0,4.0,6.0,2.0,3.0,7.0,4.0,6.0,6.0,5.0,4.0,4.0,5.0,5.0,3.0,1.0,2.0,3.0,1.0,5,3.0,1.0,3.0,3.0,5.0,4.0,3.0,5.0,3.0,4.0,4.0,4.0,4.0,4.0,1.0,3.0,3.0,1
442,1,vangg,0,18,1,0,1,0,0,1,3,2,1.0,2,1.0,4.0,5.0,1.0,2.0,5.0,4,3.9,5.0,1.0,5.0,4.0,2.0,2.0,3.0,5.0,3.0,4.0,6.0,6.0,4.0,4.0,4.0,4.0,5.0,3.0,4.0,5.0,5.0,3.0,5.0,2.0,4.0,4.0,1.0,4.0,3.0,5.0,4.0,5.0,4.0,5.0,5.0,2.0,8,1.0,3.0,3.0,3.0,3.0,4.0,1.0,5.0,6.0,4.0,3.0,5.0,2.0,2.0,2.0,1.0,3.0,0
443,1,veee,0,22,1,1,0,1,0,2,3,1,1.0,1,2.0,4.0,3.0,4.0,4.0,2.0,0,3.3,4.0,11.0,4.0,3.0,5.0,5.0,5.0,5.0,5.0,5.0,5.0,5.0,5.0,4.0,3.0,3.0,4.0,5.0,4.0,4.0,4.0,3.0,2.0,7.0,1.0,5.0,6.0,4.0,5.0,4.0,6.0,4.0,5.0,4.0,5.0,4.0,1,4.0,5.0,4.0,2.0,5.0,4.0,3.0,6.0,3.0,5.0,3.0,4.0,4.0,5.0,3.0,2.0,2.0,0
444,1,VH2305,0,22,1,1,0,0,0,2,3,1,1.0,1,1.0,2.0,2.0,1.0,4.0,2.0,10,1.0,2.0,10.0,3.0,3.0,2.0,2.0,2.0,1.0,1.0,5.0,3.0,3.0,5.0,3.0,3.0,6.0,2.0,4.0,7.0,6.0,2.0,6.0,6.0,4.0,3.0,4.0,5.0,5.0,6.0,6.0,5.0,6.0,4.0,2.0,4.0,1.0,0,0.0,0.0,1.0,1.0,1.0,1.0,3.0,6.0,4.0,5.0,3.0,4.0,4.0,4.0,1.0,1.0,1.0,0
445,0,VI0503,2,30,1,1,0,0,0,1,3,3,,1,2.0,2.0,2.0,1.0,3.0,2.0,16,3.2,2.0,1.0,1.0,3.0,3.0,3.0,3.0,2.0,3.0,3.0,4.0,5.0,3.0,6.0,3.0,5.0,1.0,2.0,4.0,4.0,4.0,4.0,3.0,6.0,5.0,4.0,5.0,5.0,5.0,6.0,6.0,3.0,2.0,2.0,3.0,1.0,6,2.0,3.0,3.0,3.0,3.0,3.0,4.0,4.0,4.0,6.0,1.0,5.0,4.0,3.0,3.0,3.0,2.0,1
446,0,VI2409,2,26,1,0,0,0,0,2,2,3,1.0,4,5.0,3.0,3.0,4.0,5.0,5.0,3,10.1,3.0,4.0,2.0,2.0,4.0,4.0,3.0,2.0,6.0,5.0,5.0,5.0,4.0,6.0,3.0,1.0,4.0,2.0,6.0,4.0,5.0,5.0,4.0,6.0,3.0,4.0,5.0,7.0,6.0,6.0,6.0,5.0,4.0,4.0,3.0,1.0,11,5.0,4.0,5.0,4.0,6.0,3.0,5.0,4.0,3.0,4.0,6.0,5.0,4.0,3.0,3.0,3.0,2.0,1
447,0,VL2809,0,26,0,1,0,1,0,2,1,1,3.0,1,2.0,3.0,3.0,2.0,5.0,3.0,8,15.5,3.0,3.0,3.0,4.0,2.0,4.0,3.0,2.0,2.0,4.0,4.0,4.0,2.0,5.0,6.0,2.0,3.0,5.0,4.0,4.0,3.0,4.0,3.0,4.0,5.0,3.0,5.0,4.0,3.0,4.0,4.0,3.0,3.0,4.0,5.0,1.0,2,1.0,1.0,2.0,2.0,1.0,2.0,6.0,1.0,4.0,4.0,3.0,3.0,4.0,4.0,2.0,3.0,4.0,1
448,0,VM2110,2,28,0,1,0,0,0,2,3,3,,2,2.0,3.0,3.0,3.0,3.0,3.0,28,4.8,2.0,2.0,3.0,4.0,5.0,3.0,4.0,5.0,5.0,5.0,5.0,3.0,5.0,4.0,4.0,2.0,,7.0,2.0,5.0,3.0,4.0,5.0,3.0,6.0,6.0,5.0,5.0,5.0,5.0,4.0,4.0,4.0,3.0,5.0,2.0,2,2.0,2.0,4.0,4.0,4.0,6.0,4.0,3.0,5.0,3.0,5.0,4.0,5.0,4.0,3.0,3.0,2.0,1
449,0,VN1105,2,25,1,1,0,1,0,2,3,3,1.0,4,1.0,2.0,3.0,4.0,2.0,0.0,2,5.4,2.0,9.0,2.0,3.0,4.0,3.0,5.0,4.0,4.0,6.0,5.0,5.0,5.0,5.0,4.0,5.0,4.0,4.0,5.0,4.0,1.0,5.0,3.0,5.0,6.0,4.0,5.0,4.0,4.0,5.0,3.0,5.0,5.0,5.0,5.0,1.0,5,5.0,5.0,4.0,4.0,5.0,5.0,3.0,3.0,4.0,4.0,5.0,3.0,3.0,3.0,4.0,5.0,2.0,1
450,0,VN192004,2,23,1,1,0,0,0,2,3,3,3.0,1,1.0,2.0,2.0,2.0,4.0,3.0,10,2.5,2.0,4.0,4.0,2.0,3.0,2.0,3.0,2.0,1.0,4.0,3.0,6.0,5.0,6.0,3.0,2.0,1.0,4.0,6.0,2.0,6.0,2.0,2.0,6.0,3.0,3.0,5.0,4.0,5.0,4.0,4.0,3.0,3.0,2.0,5.0,1.0,1,1.0,1.0,2.0,2.0,5.0,2.0,5.0,2.0,5.0,2.0,6.0,4.0,3.0,3.0,2.0,1.0,1.0,0
451,0,VO1512,2,27,1,1,0,0,0,1,3,3,4.0,2,2.0,3.0,2.0,2.0,4.0,3.0,8,2.6,2.0,1.0,3.0,5.0,3.0,1.0,3.0,4.0,2.0,4.0,3.0,4.0,3.0,4.0,2.0,5.0,5.0,3.0,5.0,5.0,3.0,4.0,5.0,5.0,5.0,2.0,5.0,5.0,3.0,5.0,2.0,4.0,3.0,4.0,5.0,1.0,2,3.0,3.0,3.0,4.0,3.0,2.0,5.0,4.0,5.0,4.0,4.0,5.0,3.0,3.0,2.0,2.0,2.0,1
452,0,VO2610,0,29,1,1,0,0,0,2,3,3,2.0,2,1.0,1.0,1.0,0.0,1.0,1.0,12,0.9,1.0,0.0,1.0,2.0,2.0,1.0,2.0,3.0,1.0,2.0,3.0,6.0,2.0,3.0,3.0,3.0,4.0,5.0,4.0,5.0,3.0,4.0,2.0,4.0,5.0,3.0,5.0,3.0,2.0,3.0,4.0,4.0,5.0,5.0,3.0,1.0,1,1.0,1.0,4.0,2.0,3.0,3.0,4.0,5.0,5.0,3.0,5.0,3.0,4.0,4.0,2.0,3.0,1.0,1
453,0,VO3003,2,28,0,1,0,1,0,2,3,3,5.0,1,2.0,1.0,1.0,2.0,1.0,1.0,0,2.1,1.0,0.0,1.0,1.0,6.0,4.0,3.0,4.0,2.0,5.0,2.0,3.0,4.0,4.0,5.0,4.0,6.0,6.0,2.0,5.0,1.0,4.0,5.0,3.0,5.0,7.0,5.0,5.0,4.0,5.0,3.0,4.0,5.0,4.0,5.0,1.0,3,2.0,1.0,3.0,3.0,4.0,4.0,1.0,6.0,1.0,4.0,3.0,4.0,3.0,4.0,5.0,3.0,3.0,1
454,1,VQ1504,0,22,1,1,0,0,0,2,3,2,1.0,1,1.0,1.0,1.0,1.0,2.0,1.0,3,1.0,3.0,3.0,2.0,4.0,5.0,5.0,6.0,5.0,5.0,6.0,5.0,3.0,5.0,3.0,5.0,6.0,6.0,7.0,4.0,7.0,2.0,7.0,7.0,3.0,5.0,5.0,5.0,5.0,6.0,7.0,6.0,5.0,5.0,5.0,6.0,1.0,2,3.0,1.0,5.0,6.0,7.0,5.0,1.0,7.0,4.0,1.0,7.0,1.0,2.0,1.0,3.0,3.0,4.0,0
455,0,VT2801,0,25,1,1,1,0,0,1,3,3,2.0,1,1.0,,5.0,2.0,3.0,3.0,42,13.0,4.0,5.0,4.0,3.0,5.0,4.0,3.0,4.0,3.0,6.0,5.0,5.0,2.0,4.0,3.0,4.0,6.0,4.0,6.0,5.0,2.0,4.0,4.0,4.0,5.0,4.0,5.0,5.0,6.0,4.0,4.0,4.0,2.0,3.0,2.0,1.0,5,3.0,4.0,3.0,3.0,5.0,5.0,2.0,4.0,4.0,5.0,4.0,3.0,3.0,3.0,5.0,5.0,2.0,1
456,0,VV0502,0,23,0,1,1,0,0,2,3,1,,3,2.0,,5.0,2.0,5.0,3.0,7,25.4,5.0,25.0,5.0,4.0,4.0,2.0,2.0,3.0,3.0,2.0,3.0,5.0,,3.0,5.0,3.0,6.0,6.0,3.0,5.0,3.0,4.0,6.0,4.0,6.0,5.0,5.0,4.0,6.0,5.0,4.0,3.0,3.0,4.0,3.0,1.0,0,2.0,2.0,4.0,4.0,5.0,2.0,4.0,3.0,5.0,3.0,4.0,3.0,3.0,3.0,3.0,2.0,1.0,1
457,1,vvvv,0,19,1,0,0,0,0,1,3,1,2.0,2,1.0,3.0,5.0,1.0,4.0,5.0,18,11.4,4.0,16.0,3.0,4.0,2.0,2.0,3.0,3.0,3.0,2.0,3.0,4.0,3.0,2.0,4.0,4.0,1.0,3.0,4.0,7.0,4.0,5.0,4.0,4.0,3.0,2.0,7.0,5.0,4.0,3.0,4.0,3.0,2.0,5.0,2.0,1.0,6,1.0,2.0,4.0,6.0,7.0,6.0,4.0,4.0,4.0,5.0,4.0,7.0,4.0,4.0,2.0,4.0,4.0,0
458,1,vvvvv,0,20,1,0,1,0,0,1,3,2,2.0,3,1.0,2.0,2.0,0.0,3.0,1.0,4,3.8,2.0,0.0,1.0,2.0,5.0,1.0,3.0,3.0,3.0,6.0,5.0,2.0,5.0,3.0,2.0,2.0,5.0,3.0,5.0,5.0,4.0,5.0,2.0,5.0,4.0,6.0,1.0,5.0,5.0,4.0,5.0,4.0,3.0,1.0,3.0,1.0,3,1.0,0.0,3.0,2.0,3.0,3.0,2.0,6.0,2.0,4.0,2.0,3.0,3.0,3.0,2.0,2.0,2.0,0
459,1,vvvvvv,0,19,1,0,0,0,0,2,3,4,1.0,2,1.0,2.0,1.0,1.0,2.0,5.0,15,5.5,2.0,1.0,2.0,4.0,1.0,3.0,4.0,5.0,7.0,3.0,6.0,4.0,4.0,5.0,4.0,3.0,6.0,4.0,4.0,5.0,4.0,4.0,4.0,5.0,2.0,2.0,3.0,2.0,6.0,4.0,3.0,4.0,5.0,5.0,6.0,2.0,4,2.0,3.0,2.0,4.0,3.0,3.0,1.0,5.0,4.0,3.0,5.0,4.0,2.0,1.0,3.0,2.0,2.0,0
460,0,VY1302,2,25,1,0,1,0,0,2,3,3,5.0,2,3.0,3.0,3.0,4.0,4.0,0.0,1,3.8,4.0,6.0,3.0,2.0,5.0,4.0,5.0,5.0,5.0,6.0,5.0,2.0,5.0,3.0,4.0,6.0,6.0,6.0,4.0,5.0,4.0,3.0,3.0,4.0,7.0,5.0,5.0,4.0,6.0,5.0,5.0,6.0,4.0,5.0,3.0,1.0,10,4.0,5.0,5.0,4.0,5.0,5.0,3.0,5.0,4.0,5.0,5.0,3.0,5.0,4.0,3.0,3.0,2.0,1
461,0,WH0406,1,26,0,1,0,0,0,2,4,5,4.0,3,2.0,4.0,5.0,2.0,2.0,4.0,4,7.0,4.0,1.0,4.0,2.0,4.0,5.0,4.0,3.0,3.0,2.0,6.0,3.0,5.0,5.0,4.0,6.0,4.0,4.0,5.0,5.0,3.0,6.0,4.0,6.0,4.0,6.0,5.0,5.0,6.0,6.0,5.0,5.0,6.0,5.0,5.0,2.0,3,2.0,3.0,4.0,2.0,2.0,4.0,4.0,4.0,5.0,2.0,4.0,4.0,4.0,5.0,3.0,3.0,3.0,1
462,1,WK2702,2,21,1,0,0,0,0,2,3,1,2.0,1,1.0,4.0,5.0,2.0,5.0,4.0,35,15.5,5.0,21.0,5.0,4.0,3.0,3.0,3.0,1.0,3.0,3.0,1.0,3.0,4.0,5.0,4.0,1.0,5.0,4.0,4.0,3.0,2.0,5.0,6.0,3.0,5.0,6.0,5.0,5.0,6.0,6.0,4.0,1.0,5.0,5.0,4.0,1.0,2,2.0,1.0,1.0,4.0,4.0,3.0,3.0,6.0,2.0,5.0,5.0,4.0,2.0,3.0,2.0,4.0,3.0,0
463,0,WP1206,0,24,1,0,0,1,0,3,3,3,2.0,4,1.0,3.0,2.0,2.0,4.0,0.0,6,45.0,2.0,3.0,3.0,5.0,3.0,2.0,3.0,1.0,2.0,4.0,3.0,4.0,4.0,4.0,5.0,2.0,1.0,5.0,3.0,5.0,4.0,4.0,4.0,4.0,2.0,2.0,2.0,4.0,4.0,4.0,4.0,6.0,3.0,2.0,3.0,1.0,5,4.0,3.0,6.0,5.0,3.0,2.0,6.0,2.0,5.0,3.0,4.0,6.0,2.0,2.0,4.0,3.0,3.0,1
464,0,WW0606,0,32,1,0,0,0,0,2,2,1,2.0,1,1.0,3.0,4.0,2.0,2.0,3.0,5,2.9,3.0,0.0,3.0,5.0,6.0,4.0,5.0,6.0,4.0,6.0,5.0,5.0,5.0,3.0,6.0,6.0,6.0,6.0,2.0,6.0,4.0,4.0,3.0,4.0,5.0,7.0,5.0,5.0,3.0,5.0,4.0,6.0,4.0,5.0,5.0,1.0,2,3.0,4.0,5.0,4.0,4.0,5.0,1.0,7.0,1.0,3.0,4.0,4.0,5.0,4.0,3.0,2.0,1.0,1
465,0,XA1808,2,30,1,0,0,0,0,2,3,3,2.0,3,1.0,4.0,4.0,4.0,4.0,4.0,13,8.7,5.0,15.0,5.0,2.0,5.0,3.0,4.0,4.0,3.0,4.0,3.0,3.0,5.0,5.0,4.0,5.0,6.0,5.0,5.0,6.0,4.0,4.0,4.0,4.0,5.0,3.0,5.0,5.0,5.0,5.0,4.0,6.0,6.0,6.0,6.0,2.0,1,3.0,3.0,4.0,3.0,5.0,4.0,4.0,4.0,4.0,2.0,7.0,4.0,2.0,3.0,3.0,4.0,4.0,1
466,0,XE0910,2,26,0,1,0,0,0,2,3,3,,4,2.0,,4.0,4.0,4.0,5.0,18,6.2,4.0,1.0,5.0,3.0,6.0,3.0,5.0,5.0,5.0,4.0,5.0,7.0,3.0,5.0,4.0,5.0,4.0,4.0,4.0,4.0,4.0,2.0,3.0,5.0,5.0,3.0,5.0,5.0,6.0,6.0,7.0,2.0,3.0,4.0,4.0,1.0,3,4.0,4.0,5.0,4.0,4.0,5.0,4.0,4.0,4.0,3.0,5.0,1.0,4.0,5.0,1.0,3.0,3.0,1
467,0,XH1205,0,29,0,0,0,1,0,2,2,8,5.0,2,4.0,2.0,1.0,0.0,3.0,2.0,2,2.6,2.0,6.0,1.0,4.0,6.0,4.0,3.0,4.0,4.0,5.0,4.0,4.0,5.0,5.0,2.0,5.0,3.0,4.0,6.0,4.0,3.0,5.0,5.0,4.0,5.0,4.0,5.0,4.0,5.0,5.0,7.0,5.0,6.0,4.0,4.0,1.0,4,0.0,1.0,2.0,1.0,1.0,4.0,3.0,5.0,3.0,2.0,5.0,3.0,4.0,4.0,4.0,3.0,2.0,1
468,0,XL1802,0,27,1,1,0,0,0,2,3,4,3.0,1,2.0,2.0,1.0,1.0,2.0,2.0,15,1.6,1.0,1.0,2.0,3.0,3.0,3.0,5.0,2.0,4.0,4.0,5.0,6.0,2.0,5.0,4.0,4.0,4.0,4.0,6.0,3.0,5.0,3.0,4.0,6.0,4.0,5.0,5.0,5.0,4.0,5.0,5.0,2.0,3.0,3.0,4.0,2.0,0,1.0,2.0,4.0,3.0,4.0,3.0,4.0,6.0,3.0,2.0,5.0,2.0,3.0,3.0,2.0,3.0,2.0,1
469,0,XMSfix,2,30,1,0,0,1,0,1,2,1,3.0,1,4.0,3.0,3.0,2.0,4.0,3.0,8,3.4,3.0,0.0,3.0,3.0,3.0,3.0,5.0,3.0,4.0,5.0,5.0,2.0,3.0,5.0,5.0,4.0,5.0,4.0,6.0,4.0,5.0,4.0,5.0,3.0,5.0,6.0,5.0,3.0,4.0,5.0,3.0,2.0,4.0,2.0,5.0,1.0,1,1.0,2.0,3.0,3.0,4.0,4.0,3.0,4.0,4.0,3.0,6.0,2.0,4.0,4.0,3.0,4.0,3.0,1
470,0,xmsV02,1,24,0,1,0,1,0,2,3,4,4.0,2,2.0,3.0,2.0,0.0,3.0,2.0,17,0.9,2.0,7.0,3.0,5.0,4.0,5.0,5.0,3.0,3.0,5.0,4.0,3.0,4.0,4.0,5.0,5.0,6.0,7.0,3.0,5.0,3.0,6.0,5.0,5.0,5.0,2.0,5.0,1.0,3.0,5.0,4.0,4.0,3.0,4.0,4.0,1.0,2,0.0,0.0,3.0,1.0,3.0,5.0,6.0,2.0,4.0,4.0,4.0,2.0,4.0,4.0,2.0,1.0,2.0,1
471,0,XO0103,1,28,1,1,0,0,0,1,3,3,2.0,2,1.0,3.0,3.0,3.0,3.0,5.0,19,5.1,3.0,6.0,4.0,3.0,4.0,2.0,2.0,2.0,2.0,4.0,2.0,5.0,4.0,4.0,3.0,1.0,5.0,5.0,4.0,4.0,6.0,5.0,5.0,5.0,3.0,3.0,5.0,4.0,5.0,4.0,5.0,2.0,4.0,1.0,2.0,1.0,3,3.0,4.0,3.0,3.0,6.0,2.0,3.0,4.0,3.0,6.0,3.0,3.0,3.0,2.0,3.0,1.0,3.0,1
472,0,XO1207,2,32,1,0,1,0,0,1,3,3,1.0,3,1.0,3.0,3.0,3.0,4.0,4.0,2,9.1,3.0,2.0,3.0,2.0,4.0,2.0,3.0,3.0,3.0,5.0,4.0,4.0,1.0,5.0,5.0,5.0,4.0,5.0,4.0,6.0,6.0,5.0,6.0,6.0,4.0,5.0,5.0,5.0,4.0,6.0,4.0,3.0,2.0,3.0,3.0,1.0,0,4.0,3.0,5.0,5.0,5.0,3.0,5.0,4.0,4.0,3.0,4.0,2.0,3.0,3.0,2.0,1.0,1.0,1
473,1,xong,0,22,1,0,1,0,0,2,3,2,1.0,2,1.0,3.0,3.0,0.0,4.0,1.0,12,4.2,3.0,5.0,3.0,2.0,3.0,3.0,3.0,3.0,3.0,3.0,3.0,3.0,3.0,5.0,5.0,4.0,3.0,7.0,3.0,3.0,6.0,2.0,5.0,4.0,5.0,5.0,5.0,4.0,4.0,4.0,5.0,5.0,4.0,4.0,5.0,3.0,0,0.0,0.0,1.0,5.0,1.0,3.0,5.0,5.0,5.0,4.0,2.0,5.0,4.0,4.0,5.0,2.0,3.0,0
474,1,xong1,0,21,1,0,0,0,0,1,3,1,3.0,1,1.0,2.0,2.0,4.0,4.0,0.0,15,3.2,2.0,4.0,2.0,3.0,5.0,2.0,3.0,3.0,5.0,4.0,4.0,5.0,6.0,4.0,6.0,4.0,4.0,7.0,3.0,4.0,1.0,5.0,6.0,2.0,7.0,4.0,5.0,3.0,3.0,3.0,3.0,5.0,4.0,4.0,3.0,2.0,13,4.0,5.0,5.0,6.0,5.0,5.0,4.0,5.0,3.0,3.0,6.0,4.0,3.0,3.0,5.0,3.0,3.0,0
475,1,xong123,0,19,1,0,0,0,0,1,3,1,2.0,1,1.0,3.0,2.0,3.0,2.0,5.0,15,2.8,2.0,7.0,3.0,5.0,4.0,3.0,1.0,1.0,4.0,2.0,3.0,3.0,4.0,6.0,2.0,4.0,2.0,4.0,6.0,4.0,5.0,2.0,2.0,5.0,4.0,2.0,5.0,4.0,4.0,5.0,6.0,5.0,5.0,5.0,5.0,2.0,1,5.0,5.0,4.0,4.0,6.0,3.0,2.0,7.0,1.0,5.0,3.0,5.0,4.0,4.0,3.0,3.0,3.0,0
476,1,xongg,0,22,1,0,1,1,0,2,3,1,2.0,1,3.0,2.0,5.0,1.0,3.0,5.0,2,2.0,4.0,14.0,4.0,3.0,5.0,4.0,4.0,6.0,4.0,5.0,3.0,6.0,4.0,1.0,5.0,4.0,3.0,7.0,3.0,6.0,2.0,4.0,3.0,3.0,4.0,3.0,2.0,4.0,4.0,4.0,3.0,3.0,5.0,6.0,3.0,7.0,10,3.0,3.0,7.0,5.0,2.0,3.0,6.0,5.0,4.0,5.0,2.0,4.0,3.0,3.0,3.0,4.0,4.0,0
477,1,xonggg,0,19,1,0,0,0,0,2,3,1,2.0,1,1.0,2.0,3.0,3.0,4.0,3.0,21,3.4,2.0,2.0,3.0,1.0,3.0,7.0,5.0,3.0,5.0,5.0,4.0,7.0,5.0,1.0,6.0,5.0,6.0,5.0,3.0,5.0,3.0,4.0,4.0,5.0,5.0,5.0,5.0,4.0,5.0,4.0,3.0,3.0,3.0,4.0,6.0,5.0,0,0.0,1.0,5.0,2.0,4.0,4.0,3.0,7.0,3.0,4.0,3.0,3.0,5.0,3.0,3.0,4.0,3.0,0
478,1,xongroi,0,19,1,0,0,0,0,2,2,1,2.0,1,1.0,3.0,5.0,0.0,4.0,3.0,8,11.0,5.0,16.0,4.0,2.0,3.0,5.0,1.0,6.0,3.0,3.0,1.0,5.0,4.0,4.0,3.0,6.0,3.0,5.0,4.0,6.0,3.0,3.0,5.0,6.0,5.0,4.0,5.0,4.0,4.0,6.0,6.0,3.0,2.0,5.0,5.0,5.0,4,0.0,0.0,3.0,4.0,4.0,1.0,5.0,3.0,5.0,3.0,5.0,5.0,4.0,5.0,2.0,4.0,4.0,0
479,0,xongV1,1,30,0,1,0,0,0,2,4,3,3.0,1,2.0,3.0,2.0,0.0,2.0,3.0,9,7.8,3.0,7.0,3.0,3.0,3.0,1.0,2.0,3.0,1.0,3.0,3.0,6.0,1.0,5.0,5.0,5.0,2.0,6.0,3.0,6.0,4.0,4.0,3.0,4.0,5.0,3.0,5.0,5.0,4.0,6.0,5.0,4.0,3.0,4.0,2.0,1.0,0,0.0,0.0,3.0,4.0,4.0,2.0,2.0,5.0,3.0,5.0,4.0,3.0,5.0,3.0,2.0,2.0,2.0,1
480,1,xongxx,0,21,1,0,1,0,0,1,3,2,3.0,2,1.0,3.0,4.0,0.0,1.0,1.0,4,5.2,4.0,8.0,5.0,3.0,4.0,4.0,4.0,4.0,4.0,4.0,4.0,4.0,4.0,4.0,4.0,4.0,4.0,4.0,4.0,4.0,4.0,4.0,4.0,4.0,4.0,4.0,5.0,4.0,4.0,4.0,4.0,4.0,4.0,4.0,4.0,1.0,4,0.0,0.0,4.0,4.0,4.0,3.0,4.0,4.0,4.0,4.0,4.0,4.0,5.0,4.0,3.0,1.0,1.0,0
481,1,xongzz,0,21,1,0,0,0,0,2,3,1,2.0,1,1.0,2.0,1.0,4.0,4.0,4.0,4,1.9,3.0,2.0,3.0,4.0,6.0,3.0,3.0,4.0,3.0,4.0,4.0,4.0,3.0,3.0,4.0,2.0,6.0,4.0,5.0,5.0,4.0,4.0,3.0,5.0,5.0,6.0,4.0,6.0,5.0,5.0,5.0,6.0,4.0,5.0,2.0,1.0,1,4.0,3.0,3.0,3.0,3.0,7.0,4.0,4.0,4.0,3.0,3.0,5.0,3.0,5.0,2.0,3.0,2.0,0
482,1,XR2507,2,19,1,1,0,0,0,2,1,1,,1,2.0,1.0,1.0,4.0,5.0,2.0,100,1.0,3.0,10.0,4.0,3.0,7.0,7.0,5.0,4.0,4.0,7.0,4.0,5.0,3.0,1.0,4.0,4.0,4.0,4.0,6.0,7.0,5.0,5.0,5.0,5.0,4.0,4.0,5.0,6.0,6.0,6.0,6.0,4.0,4.0,5.0,5.0,1.0,10,2.0,4.0,4.0,4.0,4.0,3.0,1.0,7.0,4.0,3.0,6.0,3.0,3.0,3.0,3.0,3.0,4.0,0
483,1,XT2110,1,25,0,1,0,0,0,1,3,3,4.0,2,2.0,1.0,1.0,1.0,2.0,2.0,2,1.0,2.0,2.0,2.0,2.0,6.0,6.0,5.0,5.0,6.0,7.0,5.0,2.0,6.0,3.0,5.0,5.0,4.0,5.0,3.0,5.0,3.0,6.0,5.0,3.0,5.0,5.0,5.0,5.0,5.0,6.0,6.0,6.0,5.0,5.0,6.0,1.0,1,3.0,1.0,5.0,4.0,5.0,6.0,6.0,3.0,5.0,3.0,5.0,5.0,3.0,3.0,3.0,4.0,3.0,0
484,0,XV2605,2,23,1,0,0,0,0,2,2,3,2.0,2,1.0,2.0,2.0,0.0,3.0,3.0,1,3.2,1.0,1.0,1.0,1.0,4.0,3.0,3.0,3.0,4.0,6.0,4.0,4.0,4.0,,6.0,4.0,6.0,4.0,3.0,7.0,2.0,4.0,,5.0,4.0,2.0,5.0,4.0,2.0,3.0,4.0,4.0,5.0,5.0,5.0,1.0,0,1.0,0.0,2.0,2.0,2.0,4.0,1.0,5.0,3.0,3.0,4.0,4.0,4.0,3.0,2.0,3.0,3.0,1
485,1,xxxx,0,20,1,0,0,0,0,2,2,2,1.0,2,1.0,4.0,5.0,3.0,5.0,3.0,46,3.8,5.0,6.0,5.0,2.0,3.0,6.0,6.0,3.0,5.0,6.0,2.0,5.0,3.0,4.0,4.0,4.0,5.0,4.0,5.0,4.0,4.0,4.0,4.0,4.0,6.0,5.0,5.0,2.0,4.0,5.0,4.0,4.0,4.0,6.0,3.0,7.0,3,3.0,2.0,1.0,3.0,2.0,2.0,2.0,6.0,2.0,3.0,3.0,5.0,2.0,2.0,3.0,1.0,4.0,0
486,0,XY2009,2,35,0,1,0,1,0,1,3,3,5.0,2,4.0,4.0,4.0,3.0,2.0,4.0,26,7.8,4.0,2.0,4.0,3.0,5.0,6.0,4.0,4.0,4.0,5.0,5.0,3.0,5.0,3.0,4.0,5.0,7.0,7.0,3.0,6.0,3.0,6.0,5.0,4.0,5.0,5.0,5.0,5.0,6.0,5.0,6.0,7.0,6.0,5.0,6.0,1.0,2,3.0,3.0,3.0,4.0,4.0,5.0,5.0,3.0,3.0,4.0,5.0,4.0,4.0,4.0,5.0,5.0,4.0,1
487,0,XY2302,2,25,1,1,0,0,0,1,3,6,3.0,3,2.0,3.0,5.0,0.0,1.0,1.0,6,10.3,2.0,6.0,3.0,3.0,2.0,2.0,1.0,1.0,1.0,3.0,1.0,4.0,1.0,7.0,,4.0,6.0,5.0,4.0,5.0,5.0,4.0,4.0,4.0,4.0,2.0,5.0,3.0,3.0,2.0,5.0,4.0,6.0,5.0,5.0,2.0,3,0.0,0.0,1.0,1.0,3.0,1.0,5.0,4.0,5.0,4.0,5.0,2.0,4.0,3.0,1.0,3.0,2.0,1
488,1,YD0511,0,18,1,1,0,0,0,2,1,5,,1,1.0,1.0,1.0,1.0,5.0,1.0,5,1.0,2.0,3.0,2.0,3.0,5.0,5.0,3.0,2.0,2.0,6.0,5.0,4.0,4.0,6.0,2.0,4.0,3.0,3.0,4.0,4.0,6.0,6.0,6.0,4.0,4.0,4.0,5.0,6.0,6.0,6.0,6.0,6.0,6.0,6.0,6.0,1.0,2,1.0,1.0,6.0,4.0,5.0,4.0,5.0,3.0,6.0,4.0,4.0,4.0,3.0,2.0,3.0,3.0,3.0,0
489,0,YH0910,1,24,1,0,0,1,0,1,3,4,6.0,2,1.0,1.0,1.0,2.0,2.0,3.0,2,1.5,1.0,2.0,1.0,5.0,4.0,5.0,5.0,5.0,5.0,6.0,6.0,2.0,6.0,3.0,6.0,5.0,7.0,5.0,2.0,4.0,1.0,7.0,5.0,2.0,6.0,6.0,5.0,4.0,6.0,5.0,3.0,7.0,6.0,6.0,7.0,2.0,0,2.0,4.0,2.0,3.0,4.0,7.0,2.0,5.0,4.0,4.0,5.0,5.0,4.0,3.0,4.0,2.0,4.0,1
490,0,YH1509,0,30,0,1,0,0,0,2,3,1,4.0,1,2.0,2.0,2.0,1.0,1.0,3.0,4,2.5,2.0,0.0,2.0,4.0,4.0,3.0,3.0,1.0,2.0,4.0,5.0,3.0,5.0,4.0,3.0,4.0,3.0,1.0,6.0,5.0,3.0,5.0,4.0,4.0,4.0,4.0,5.0,4.0,4.0,3.0,5.0,2.0,3.0,4.0,4.0,1.0,11,3.0,3.0,2.0,5.0,6.0,3.0,6.0,5.0,5.0,3.0,4.0,2.0,3.0,3.0,2.0,3.0,3.0,1
491,0,YU0808,2,33,0,0,0,1,0,2,3,7,2.0,1,4.0,,4.0,4.0,2.0,0.0,14,5.5,4.0,16.0,5.0,2.0,5.0,5.0,3.0,4.0,5.0,4.0,5.0,3.0,4.0,4.0,5.0,6.0,6.0,5.0,5.0,4.0,2.0,3.0,4.0,3.0,5.0,4.0,5.0,5.0,5.0,5.0,6.0,4.0,2.0,4.0,2.0,1.0,11,5.0,5.0,5.0,4.0,5.0,4.0,4.0,2.0,3.0,3.0,5.0,4.0,3.0,4.0,3.0,3.0,2.0,1
492,0,YW1908,2,26,0,1,0,0,0,2,3,3,1.0,1,2.0,,5.0,3.0,2.0,4.0,26,6.1,4.0,4.0,4.0,1.0,2.0,3.0,4.0,3.0,3.0,3.0,4.0,3.0,2.0,4.0,4.0,5.0,4.0,4.0,3.0,3.0,5.0,3.0,4.0,5.0,4.0,2.0,5.0,1.0,4.0,3.0,3.0,5.0,4.0,2.0,4.0,1.0,2,2.0,4.0,2.0,3.0,4.0,3.0,4.0,4.0,2.0,3.0,5.0,2.0,4.0,4.0,2.0,2.0,1.0,1
493,1,zxc,0,21,0,0,1,0,0,2,3,1,1.0,1,3.0,1.0,2.0,2.0,3.0,4.0,5,3.2,2.0,2.0,2.0,4.0,2.0,1.0,3.0,5.0,4.0,6.0,2.0,5.0,4.0,3.0,3.0,5.0,3.0,4.0,3.0,4.0,3.0,4.0,2.0,3.0,4.0,6.0,4.0,5.0,4.0,6.0,4.0,6.0,6.0,4.0,5.0,2.0,7,1.0,3.0,5.0,1.0,5.0,3.0,2.0,6.0,3.0,5.0,3.0,4.0,4.0,3.0,3.0,4.0,3.0,0
494,1,zxcv,0,20,0,1,0,1,0,1,3,4,2.0,1,2.0,3.0,3.0,4.0,1.0,5.0,31,18.1,5.0,7.0,3.0,3.0,3.0,6.0,7.0,6.0,5.0,4.0,5.0,4.0,4.0,4.0,3.0,7.0,5.0,5.0,4.0,4.0,2.0,4.0,5.0,5.0,7.0,2.0,5.0,5.0,6.0,7.0,6.0,3.0,3.0,3.0,3.0,5.0,0,5.0,5.0,3.0,4.0,4.0,4.0,4.0,6.0,4.0,3.0,1.0,4.0,3.0,3.0,2.0,4.0,3.0,0
495,1,zxcvbn,0,20,1,0,0,0,0,2,1,4,2.0,1,5.0,4.0,5.0,2.0,5.0,5.0,16,13.8,5.0,8.0,5.0,5.0,4.0,4.0,3.0,3.0,5.0,4.0,3.0,3.0,3.0,2.0,4.0,6.0,3.0,6.0,4.0,7.0,2.0,3.0,4.0,5.0,6.0,6.0,5.0,4.0,4.0,5.0,5.0,4.0,5.0,3.0,5.0,2.0,5,2.0,3.0,1.0,5.0,5.0,1.0,4.0,3.0,2.0,3.0,3.0,4.0,4.0,3.0,2.0,4.0,1.0,0
496,0,ZZ1001,2,27,1,0,0,1,0,2,2,4,2.0,1,1.0,4.0,3.0,2.0,4.0,3.0,7,5.4,4.0,5.0,3.0,3.0,5.0,4.0,3.0,4.0,3.0,5.0,,3.0,3.0,3.0,4.0,4.0,,6.0,4.0,7.0,4.0,4.0,4.0,4.0,3.0,5.0,5.0,6.0,5.0,4.0,4.0,4.0,3.0,3.0,5.0,1.0,2,2.0,1.0,2.0,3.0,4.0,4.0,1.0,7.0,3.0,5.0,2.0,5.0,4.0,5.0,2.0,2.0,2.0,1
497,1,được,0,21,1,0,0,1,0,1,1,1,1.0,1,1.0,3.0,5.0,0.0,2.0,2.0,25,2.9,3.0,3.0,3.0,3.0,5.0,2.0,4.0,3.0,5.0,2.0,4.0,3.0,4.0,3.0,5.0,5.0,4.0,4.0,3.0,3.0,5.0,4.0,4.0,4.0,4.0,5.0,5.0,3.0,6.0,6.0,6.0,3.0,3.0,3.0,3.0,5.0,1,0.0,0.0,4.0,3.0,1.0,1.0,4.0,5.0,1.0,7.0,1.0,5.0,4.0,4.0,2.0,3.0,4.0,0
