source,N1,N2,A1,A5_tiktok,A5_shopee,A5_lazada,A5_facebook,A5_other,C1,C3,C4,C5,C7,D1,D2,D3,D4,D5,D6,EXP1,EXP2,EXP3,EXP4,EXP5,EXP6,IBT1,IBT2,IBT3,IBT4,IBT5,IBT6,IBT7,IBT8,IBT9,SC1,SC2,SC3,SC4,SC5,SC6,SC7,SC8,SC9,SC10,SC11,SC12,SC13,IMC1,SE1,SE2,SE3,SE4,SII1,SII2,SII3,SII4,IMC2,IPB1,IPB2,IPB3,IPB4,IPB5,IPB6,CONSIST1,MA1,MA2,MA3,TA1,TA2,TA3,MOOD1,MOOD2,FOMO1,FOMO2,FOMO3
0,010103,2,22,0,1,0,0,0,1,3,1,1.0,2,2,1.0,3,0,5,1,3,5.0,1,4,3,3,4,3,3,2.0,3.0,6,5.0,3,6.0,2.0,7.0,5,2.0,7,5.0,2,2,6.0,7.0,2.0,2,5,5,5,3,3,5,3,1,1,5,1,2,2,0,1,1,1,5,3,4,5,5,3,6,2,2,1,1,1
0,123456,2,25,1,0,0,0,0,2,3,3,3.0,1,1,1.0,2,1,5,2,20,1.0,2,5,2,4,5,4,3,1.0,2.0,6,5.0,3,4.0,5.0,3.0,5,5.0,4,6.0,7,2,3.0,5.0,6.0,4,2,5,5,6,7,7,4,1,6,4,1,2,4,2,4,2,5,5,1,3,5,2,6,5,3,3,3,5,1
0,150386,2,34,1,1,0,1,0,1,3,3,5.0,3,2,1.0,1,0,4,0,2,0.0,1,0,1,3,7,4,7,1.0,2.0,5,3.0,6,7.0,3.0,7.0,7,7.0,7,3.0,7,2,4.0,6.0,3.0,7,7,5,5,5,7,5,7,1,1,7,1,0,3,0,1,1,1,5,4,5,5,5,3,5,3,2,4,4,1
0,3,0,24,1,1,0,0,0,1,3,3,3.0,1,5,1.0,1,0,5,3,0,0.0,1,0,1,3,1,1,1,1.0,1.0,4,1.0,7,2.0,7.0,4.0,4,4.0,7,7.0,7,3,2.0,3.0,3.0,6,6,5,5,7,3,3,6,6,2,6,1,0,0,0,1,1,1,1,4,3,2,1,7,1,3,1,1,1,1
0,DD0416,2,29,1,1,0,0,0,2,4,3,5.0,1,2,2.0,2,1,4,4,10,3.0,3,6,4,3,5,4,4,3.0,3.0,6,5.0,3,6.0,5.0,4.0,2,2.0,3,5.0,3,5,3.0,3.0,6.0,5,3,5,6,5,5,5,4,3,2,4,1,2,2,2,3,4,5,4,6,2,5,3,5,4,4,2,2,2,1
0,CC2003,2,23,1,0,0,0,0,2,3,4,2.0,1,1,1.0,1,0,5,0,10,0.0,1,0,2,3,3,3,3,3.0,3.0,3,3.0,3,3.0,4.0,3.0,4,4.0,3,3.0,4,3,4.0,3.0,3.0,4,3,5,3,3,5,5,4,3,3,3,1,0,0,0,1,1,1,3,5,3,5,5,2,5,4,2,2,2,2
0,CB1494,2,32,0,1,0,1,0,1,3,3,3.0,1,2,1.0,1,1,5,3,1,0.2,1,3,2,3,1,1,1,1.0,1.0,2,1.0,6,1.0,6.0,1.0,4,1.0,5,6.0,2,6,1.0,2.0,7.0,4,1,2,2,2,1,1,5,2,3,4,1,0,0,0,1,1,1,1,5,5,7,7,7,7,3,3,1,1,1
0,TH1406,2,34,0,1,0,0,0,1,2,8,3.0,2,2,1.0,1,1,1,2,3,0.5,1,3,2,3,3,2,1,1.0,2.0,5,5.0,4,3.0,3.0,3.0,2,1.0,2,5.0,7,4,2.0,3.0,7.0,2,2,6,5,4,6,6,7,6,5,4,1,1,1,2,1,1,1,2,5,6,1,1,2,2,5,5,1,1,1
0,HH3112,2,31,1,1,0,0,0,2,3,3,4.0,3,2,2.0,2,1,4,1,15,3.0,2,10,3,2,3,3,3,2.0,3.0,6,4.0,5,5.0,5.0,3.0,2,2.0,4,4.0,3,4,3.0,2.0,5.0,5,2,5,5,5,5,3,3,2,3,4,1,2,2,1,3,2,2,3,5,3,5,3,5,4,3,2,2,2,1
0,KH2801,2,28,1,1,0,1,0,2,3,3,4.0,2,2,2.0,3,1,5,2,20,4.0,4,5,4,3,5,5,4,4.0,4.0,6,5.0,4,6.0,3.0,3.0,2,2.0,5,4.0,3,4,5.0,3.0,5.0,5,5,5,5,5,6,4,5,4,5,5,1,2,3,2,5,5,5,5,6,2,6,5,2,5,4,4,3,4,2
0,TP2701,2,28,1,1,0,0,0,2,3,3,3.0,2,1,2.0,2,1,4,2,20,3.0,2,15,4,2,5,5,5,4.0,5.0,6,6.0,3,6.0,3.0,3.0,2,2.0,4,4.0,5,4,5.0,3.0,5.0,5,6,5,6,6,7,5,6,5,5,5,1,2,3,1,5,5,6,6,5,2,6,3,5,5,4,2,3,2,2
0,NN3007,2,33,0,1,0,0,0,2,4,3,5.0,3,2,2.0,3,3,5,4,10,4.0,4,3,4,3,5,4,3,3.0,3.0,5,5.0,5,5.0,5.0,2.0,1,1.0,3,5.0,5,5,3.0,3.0,6.0,5,3,5,5,5,6,6,4,4,3,5,1,2,3,3,3,5,6,6,6,1,6,2,6,5,3,2,2,2,1
0,HT2401,1,25,1,1,0,0,0,2,3,3,4.0,1,1,2.0,4,3,4,2,15,3.0,4,5,2,4,3,3,3,2.0,3.0,5,4.0,5,3.0,5.0,3.0,3,2.0,4,5.0,3,4,3.0,3.0,5.0,5,3,5,5,5,4,4,3,2,3,5,1,1,2,1,3,4,5,4,5,3,5,4,4,5,2,4,2,2,2
0,GD2909,2,27,1,1,1,0,0,2,3,3,4.0,1,1,2.0,3,2,4,3,10,2.0,4,4,4,4,5,5,4,3.0,5.0,6,5.0,5,6.0,6.0,3.0,3,3.0,5,3.0,5,3,5.0,5.0,4.0,5,5,5,5,5,6,4,5,4,5,5,1,2,3,2,5,5,5,5,3,5,5,3,5,5,4,3,2,2,2
0,MVT2791,2,29,0,1,1,0,0,2,3,3,3.0,2,2,4.0,2,4,5,3,40,5.0,2,20,5,2,5,4,5,5.0,5.0,6,5.0,4,6.0,4.0,4.0,2,2.0,4,5.0,4,4,3.0,3.0,5.0,5,4,5,6,5,6,6,5,5,5,5,1,3,3,2,4,5,5,5,5,3,5,4,4,5,4,4,2,1,1
0,VN192004,2,23,1,1,0,0,0,2,3,3,3.0,1,1,2.0,2,2,4,3,10,2.5,2,4,4,2,3,2,3,2.0,1.0,4,3.0,6,5.0,6.0,3.0,2,1.0,4,6.0,2,6,2.0,2.0,6.0,3,3,5,4,5,4,4,3,3,2,5,1,1,1,1,2,2,5,2,5,2,5,2,6,4,3,3,2,1,1
0,CM1998,2,26,1,1,1,0,0,2,4,3,4.0,2,1,2.0,1,1,4,2,8,0.5,1,6,4,2,3,3,3,3.0,3.0,4,4.0,6,2.0,5.0,3.0,2,3.0,3,6.0,2,4,3.0,3.0,5.0,3,2,5,4,5,6,5,2,3,3,4,1,0,0,0,1,1,1,3,5,2,5,4,3,5,4,4,2,2,2
0,HANTT,2,30,1,1,0,0,0,2,3,3,4.0,2,2,1.0,1,0,3,1,0,0.0,1,0,1,1,5,4,5,6.0,5.0,6,6.0,2,6.0,2.0,2.0,4,5.0,5,3.0,6,2,4.0,5.0,5.0,5,6,5,6,7,6,5,6,6,6,5,1,0,0,0,2,1,1,6,6,1,6,3,5,5,3,3,3,4,4
0,TT1404,2,28,1,1,0,1,0,2,3,3,4.0,1,4,2.0,2,2,5,4,10,2.0,4,2,4,1,4,4,5,5.0,5.0,6,5.0,5,5.0,5.0,5.0,3,3.0,5,5.0,5,5,3.0,5.0,5.0,5,3,5,5,5,6,5,4,4,4,4,1,3,2,1,4,5,5,5,3,5,6,6,1,6,4,4,4,4,2
0,LD0704,2,29,0,1,0,0,0,1,3,3,4.0,3,1,1.0,1,1,3,3,3,0.25,1,3,2,2,3,3,3,3.0,3.0,4,4.0,5,5.0,5.0,5.0,5,3.0,5,4.0,5,3,5.0,4.0,5.0,3,5,5,3,4,3,5,6,4,5,3,1,1,2,1,3,3,6,2,6,3,5,4,3,6,4,5,3,4,3
0,NAMWASTON,2,22,1,1,0,0,0,1,3,3,3.0,2,1,3.0,2,2,4,3,20,3.0,2,12,4,4,4,4,4,4.0,4.0,4,4.0,5,3.0,3.0,4.0,3,3.0,3,5.0,2,5,4.0,3.0,6.0,3,2,5,6,7,6,4,5,5,5,5,1,3,3,2,3,4,4,5,3,6,4,3,6,4,3,3,3,3,2
0,MT2102,2,31,1,1,0,0,0,2,3,3,4.0,2,1,1.0,3,1,2,3,6,5.0,3,6,3,4,5,5,5,4.0,4.0,4,4.0,4,4.0,5.0,4.0,4,5.0,4,4.0,4,4,4.0,4.0,4.0,4,4,5,4,4,4,5,5,5,5,5,1,3,4,1,5,5,4,4,4,5,4,4,5,5,3,3,3,3,3
0,KY1405,2,31,1,1,1,0,0,2,1,3,2.0,2,2,2.0,2,3,2,5,21,4.3,3,6,3,3,6,4,3,4.0,4.0,6,5.0,5,5.0,3.0,5.0,7,4.0,4,2.0,7,4,6.0,5.0,2.0,6,6,5,6,6,5,7,5,5,5,7,1,2,4,5,4,4,6,4,3,6,4,2,6,4,4,4,5,5,4
0,NX1803,1,28,1,0,0,0,0,2,3,3,2.0,1,1,4.0,3,4,2,0,15,6.5,3,7,3,2,3,2,4,3.0,3.0,4,3.0,4,4.0,5.0,2.0,4,3.0,2,5.0,3,2,5.0,3.0,4.0,4,2,5,6,5,4,5,5,3,3,3,1,5,3,5,3,6,6,3,4,2,5,4,4,3,3,4,3,4,1
0,HA2508,2,24,1,1,0,1,0,1,3,3,6.0,2,2,2.0,2,0,4,2,18,3.1,3,4,2,4,4,4,5,4.0,4.0,5,4.0,3,5.0,7.0,3.0,3,1.0,3,5.0,4,6,4.0,3.0,4.0,4,4,2,5,5,7,3,3,5,3,6,1,1,0,0,2,1,2,5,4,3,4,4,4,4,4,3,4,3,5
0,TV0912,1,25,1,0,0,0,0,1,3,3,3.0,2,1,1.0,1,4,3,5,4,32.0,2,4,1,3,6,4,3,4.0,3.0,4,5.0,5,3.0,3.0,3.0,4,5.0,4,5.0,5,5,4.0,3.0,3.0,5,3,5,4,4,4,5,5,3,4,4,2,7,3,3,5,4,2,3,4,6,2,5,2,5,3,2,2,1,2
0,RE0211,2,26,1,0,0,0,0,1,3,3,1.0,2,1,,5,3,4,2,25,15.3,5,2,5,4,4,4,4,4.0,4.0,4,4.0,4,4.0,4.0,3.0,4,4.0,4,4.0,4,4,4.0,4.0,4.0,4,4,5,4,4,4,4,4,4,4,4,1,4,2,2,4,4,4,2,4,4,4,4,4,4,3,4,2,1,2
0,UM2210,2,24,1,1,0,0,0,2,3,3,3.0,2,1,4.0,3,1,4,2,10,3.9,4,8,4,1,4,3,3,3.0,3.0,3,3.0,3,3.0,5.0,2.0,5,2.0,3,6.0,5,4,3.0,3.0,5.0,3,3,5,5,3,4,5,3,1,3,3,1,0,1,3,2,2,3,3,3,4,3,4,7,3,4,4,3,4,3
0,IO3107,2,33,0,0,1,1,0,2,4,3,4.0,3,3,4.0,4,3,1,0,10,2.4,3,6,4,4,3,2,4,2.0,3.0,6,4.0,5,2.0,3.0,4.0,5,6.0,6,3.0,6,3,6.0,6.0,2.0,3,5,5,4,5,5,5,7,6,5,6,1,2,5,5,4,5,5,3,5,3,4,4,4,2,2,2,3,2,3
0,PQ0501,1,28,0,1,0,0,0,2,2,3,4.0,1,2,4.0,4,3,5,4,25,4.2,4,6,4,3,5,5,5,5.0,5.0,5,5.0,5,5.0,5.0,5.0,5,5.0,5,5.0,5,5,5.0,5.0,5.0,5,5,5,5,5,5,5,5,5,5,5,2,0,2,3,5,5,5,2,5,5,5,5,5,5,4,3,3,2,1
0,LT2904,2,32,0,0,1,0,0,2,3,3,1.0,4,3,2.0,1,0,5,2,2,2.4,2,5,2,2,3,3,4,2.0,3.0,4,2.0,2,3.0,5.0,4.0,3,4.0,5,6.0,3,5,4.0,4.0,5.0,4,4,5,3,3,6,3,5,5,5,5,1,3,1,0,3,2,3,4,3,3,3,3,5,3,4,3,3,2,3
0,BE1306,1,24,1,0,1,0,0,2,4,3,4.0,2,1,2.0,2,0,1,1,6,1.2,1,1,1,2,4,5,3,5.0,1.0,4,5.0,4,2.0,3.0,6.0,7,3.0,6,3.0,6,2,5.0,5.0,3.0,5,5,7,6,6,5,4,5,3,4,3,1,0,2,1,2,2,2,2,5,5,3,4,6,3,4,4,2,2,2
0,XY2009,2,35,0,1,0,1,0,1,3,3,5.0,2,4,4.0,4,3,2,4,26,7.8,4,2,4,3,5,6,4,4.0,4.0,5,5.0,3,5.0,3.0,4.0,5,7.0,7,3.0,6,3,6.0,5.0,4.0,5,5,5,5,6,5,6,7,6,5,6,1,2,3,3,3,4,4,5,5,3,3,4,5,4,4,4,5,5,4
0,GR0702,2,27,1,0,0,1,0,2,4,3,99.0,4,1,2.0,2,3,5,5,10,3.1,2,2,2,4,4,5,4,4.0,2.0,5,5.0,4,3.0,3.0,5.0,6,2.0,5,5.0,5,4,3.0,2.0,5.0,3,4,2,7,7,5,5,2,2,3,2,2,5,5,5,5,5,4,3,2,5,3,3,4,4,5,4,1,1,4
0,MK0108,1,30,0,0,1,0,0,2,3,3,4.0,3,3,2.0,2,0,5,4,11,2.9,2,2,2,2,5,3,3,4.0,3.0,4,3.0,7,2.0,4.0,4.0,2,3.0,4,4.0,4,2,3.0,4.0,4.0,4,4,5,5,6,6,5,5,4,4,4,1,0,1,4,3,3,2,4,4,4,4,1,7,3,3,2,4,4,4
0,DS1611,1,23,1,0,0,1,0,2,2,3,3.0,1,1,4.0,4,4,4,4,18,3.3,4,5,3,5,2,3,1,3.0,4.0,3,2.0,4,3.0,4.0,5.0,4,5.0,4,5.0,5,3,3.0,3.0,5.0,4,6,5,3,3,3,5,3,3,3,3,2,6,3,4,2,5,5,4,4,5,4,2,5,2,3,3,3,3,2
0,PL2412,2,28,1,0,0,0,0,2,3,3,2.0,2,1,,4,3,2,3,10,7.4,5,2,5,2,3,3,3,4.0,3.0,3,2.0,4,2.0,2.0,4.0,6,5.0,5,2.0,6,1,6.0,6.0,3.0,5,5,5,6,3,4,4,5,5,5,5,1,0,3,2,3,5,3,4,4,6,4,3,6,2,4,2,3,3,2
0,VN1105,2,25,1,1,0,1,0,2,3,3,1.0,4,1,2.0,3,4,2,0,2,5.4,2,9,2,3,4,3,5,4.0,4.0,6,5.0,5,5.0,5.0,4.0,5,4.0,4,5.0,4,1,5.0,3.0,5.0,6,4,5,4,4,5,3,5,5,5,5,1,5,5,5,4,4,5,5,3,3,4,4,5,3,3,3,4,5,2
0,QA1910,1,26,0,1,0,0,0,2,4,3,3.0,3,2,3.0,2,1,5,3,17,2.4,3,8,3,5,3,2,2,4.0,3.0,3,4.0,4,4.0,5.0,2.0,3,1.0,2,4.0,4,3,5.0,6.0,3.0,4,4,5,5,6,5,4,6,5,5,5,1,0,1,2,5,2,4,4,3,3,4,2,4,5,1,2,3,4,3
0,HT0303,1,23,1,0,1,0,0,1,3,3,1.0,2,1,,4,3,3,3,21,8.9,4,3,5,4,6,5,3,3.0,3.0,6,6.0,4,6.0,2.0,5.0,6,5.0,5,3.0,4,2,4.0,6.0,3.0,6,4,5,4,5,6,5,4,5,3,5,1,8,3,2,4,5,4,4,2,6,4,4,3,3,4,3,5,4,3
0,BI1507,2,31,1,0,0,0,0,2,1,3,5.0,2,5,4.0,4,1,2,3,14,8.4,4,4,4,4,3,3,3,4.0,2.0,4,2.0,5,4.0,3.0,5.0,7,4.0,4,3.0,6,1,4.0,4.0,5.0,6,4,5,2,2,4,3,5,3,2,5,1,5,2,2,4,3,3,2,3,5,4,5,3,7,4,3,4,4,4
0,RE2701,2,25,1,0,0,0,0,1,4,3,2.0,1,1,3.0,2,4,3,0,3,4.8,2,13,3,4,5,3,3,4.0,4.0,5,4.0,4,5.0,3.0,4.0,4,3.0,4,3.0,4,3,4.0,5.0,5.0,5,4,5,5,5,5,5,2,4,2,4,1,0,4,5,6,6,7,3,4,3,4,3,5,4,3,4,3,2,1
0,LY2106,2,32,0,1,0,0,0,2,3,3,3.0,1,2,3.0,3,2,5,4,12,3.7,3,6,3,3,4,5,3,4.0,4.0,5,6.0,3,4.0,4.0,5.0,5,5.0,4,5.0,4,4,5.0,4.0,4.0,3,5,5,7,5,6,6,3,4,4,4,1,14,3,4,4,5,4,5,6,4,4,3,4,3,3,3,4,3,4
0,KO0809,2,29,1,1,0,1,0,2,3,3,1.0,1,2,3.0,2,3,5,4,6,2.8,2,7,3,3,3,4,3,3.0,5.0,4,5.0,3,3.0,6.0,3.0,3,4.0,5,4.0,3,5,5.0,2.0,3.0,3,3,5,6,5,6,5,5,3,5,6,1,0,3,2,4,3,5,4,3,4,3,3,6,2,2,2,4,4,5
0,SU1202,1,24,1,1,1,0,0,2,3,3,2.0,4,1,1.0,1,1,4,2,4,1.3,1,1,1,2,3,3,3,3.0,2.0,3,2.0,5,3.0,4.0,1.0,5,4.0,4,3.0,4,4,3.0,4.0,5.0,6,4,5,3,3,3,3,1,2,2,4,2,2,1,2,4,4,3,4,6,3,3,4,4,4,2,3,2,1,2
0,PE0404,2,26,1,0,1,1,0,2,3,3,2.0,3,3,2.0,1,0,5,1,10,2.5,1,3,2,2,1,1,1,1.0,2.0,2,3.0,4,3.0,5.0,7.0,4,3.0,5,5.0,3,3,3.0,4.0,4.0,2,3,5,3,3,4,4,2,3,4,4,1,1,1,1,2,1,2,1,3,5,5,4,4,2,4,5,1,2,1
0,TH0208,1,27,0,1,0,0,0,2,3,3,4.0,3,2,4.0,2,0,4,3,32,9.4,3,8,4,1,3,3,2,2.0,3.0,2,3.0,5,4.0,4.0,3.0,3,3.0,5,3.0,4,4,4.0,4.0,6.0,3,4,5,4,5,3,4,3,3,3,3,1,3,1,1,1,3,3,2,7,2,5,3,4,4,4,3,2,1,3
0,NA2611,1,27,1,0,0,1,0,2,3,3,2.0,2,1,,4,4,3,4,10,6.4,4,10,4,2,4,4,3,5.0,5.0,5,6.0,3,4.0,3.0,4.0,4,4.0,6,4.0,4,1,5.0,4.0,4.0,6,5,5,6,6,7,6,3,3,5,2,1,1,2,4,4,4,4,5,4,4,3,5,3,5,4,3,1,3,1
0,VO3003,2,28,0,1,0,1,0,2,3,3,5.0,1,2,1.0,1,2,1,1,0,2.1,1,0,1,1,6,4,3,4.0,2.0,5,2.0,3,4.0,4.0,5.0,4,6.0,6,2.0,5,1,4.0,5.0,3.0,5,7,5,5,4,5,3,4,5,4,5,1,3,2,1,3,3,4,4,1,6,1,4,3,4,3,4,5,3,3
0,XE0910,2,26,0,1,0,0,0,2,3,3,99.0,4,2,,4,4,4,5,18,6.2,4,1,5,3,6,3,5,5.0,5.0,4,5.0,7,3.0,5.0,4.0,5,4.0,4,4.0,4,4,2.0,3.0,5.0,5,3,5,5,6,6,7,2,3,4,4,1,3,4,4,5,4,4,5,4,4,4,3,5,1,4,5,1,3,3
0,MI1705,2,28,1,0,1,0,0,1,3,3,3.0,1,3,1.0,1,1,5,2,2,1.9,1,5,1,4,3,3,3,4.0,2.0,3,2.0,5,4.0,4.0,3.0,3,4.0,4,4.0,2,3,4.0,2.0,6.0,4,4,5,4,4,4,5,5,4,3,4,1,1,1,1,4,1,4,2,2,6,2,4,6,4,4,3,3,4,3
0,DU1407,1,26,0,1,1,0,0,2,3,3,4.0,3,3,2.0,1,2,2,5,4,3.7,2,1,1,3,3,5,6,5.0,5.0,5,5.0,3,5.0,2.0,4.0,4,7.0,5,2.0,6,4,6.0,3.0,2.0,5,5,5,3,2,3,3,4,5,4,3,1,1,3,3,3,6,4,4,5,3,4,5,2,5,4,4,3,4,3
0,LE1804,2,24,1,0,0,0,0,2,2,3,4.0,3,1,3.0,4,2,3,5,7,2.4,3,1,3,4,2,3,2,3.0,3.0,3,3.0,3,3.0,6.0,2.0,4,4.0,4,4.0,5,5,4.0,1.0,2.0,4,3,5,4,5,5,5,4,3,4,2,1,3,2,4,2,4,3,3,3,4,3,3,4,2,4,3,2,2,2
0,RI2511,2,24,1,0,0,1,0,2,1,3,2.0,1,1,3.0,1,2,3,2,2,5.5,2,0,2,4,2,2,3,4.0,2.0,4,5.0,4,2.0,4.0,5.0,5,3.0,6,3.0,4,3,6.0,5.0,4.0,3,6,5,5,5,5,5,4,3,2,4,2,2,3,3,3,3,4,2,3,5,3,5,2,5,3,3,2,1,1
0,BA2312,2,23,1,0,1,0,0,1,3,3,4.0,1,1,2.0,3,3,4,0,32,6.6,2,9,2,4,6,3,6,6.0,7.0,6,7.0,1,5.0,3.0,5.0,3,6.0,5,1.0,4,1,7.0,5.0,2.0,6,5,5,5,5,6,6,4,3,4,5,1,10,5,4,4,5,6,5,4,5,4,3,3,4,3,2,4,4,5
0,GO0601,2,25,1,0,0,0,0,2,4,3,2.0,1,1,2.0,3,0,4,1,2,1.6,2,15,2,2,3,3,2,2.0,2.0,4,2.0,1,2.0,7.0,2.0,2,2.0,2,7.0,1,7,1.0,4.0,5.0,3,2,5,1,3,3,3,3,5,5,5,1,0,0,0,1,1,1,3,5,4,6,2,3,3,4,4,3,3,3
0,NH0706,2,28,0,0,0,1,0,2,3,3,3.0,2,4,4.0,5,2,4,3,7,3.7,4,3,4,2,2,4,3,3.0,2.0,3,3.0,5,3.0,7.0,3.0,5,5.0,2,4.0,4,4,2.0,4.0,5.0,2,3,5,3,4,4,3,5,5,5,2,1,1,3,1,5,4,3,3,5,5,3,5,5,2,2,2,4,4,3
0,TA0109,1,27,0,1,0,1,0,2,3,3,2.0,1,2,2.0,2,0,4,2,1,2.8,2,0,1,2,4,2,3,4.0,3.0,5,3.0,2,4.0,3.0,4.0,5,5.0,5,5.0,4,5,5.0,7.0,5.0,4,6,5,4,4,3,4,3,4,2,3,1,0,0,0,3,2,1,2,6,2,5,4,3,4,3,3,2,2,1
0,VY1302,2,25,1,0,1,0,0,2,3,3,5.0,2,3,3.0,3,4,4,0,1,3.8,4,6,3,2,5,4,5,5.0,5.0,6,5.0,2,5.0,3.0,4.0,6,6.0,6,4.0,5,4,3.0,3.0,4.0,7,5,5,4,6,5,5,6,4,5,3,1,10,4,5,5,4,5,5,3,5,4,5,5,3,5,4,3,3,2
0,PI2010,2,29,1,0,1,0,0,1,3,3,3.0,2,3,3.0,2,2,2,3,3,4.7,3,2,2,2,5,3,2,2.0,3.0,4,4.0,4,2.0,6.0,3.0,3,2.0,4,7.0,4,2,3.0,3.0,6.0,3,3,5,4,3,3,4,6,4,4,4,1,2,2,4,4,3,3,2,3,3,4,3,6,4,4,4,3,4,3
0,MA2805,2,30,1,0,0,0,0,2,3,3,3.0,1,1,,4,3,5,4,19,12.4,4,17,5,3,4,2,2,1.0,3.0,2,2.0,6,3.0,5.0,2.0,2,3.0,3,6.0,4,4,3.0,3.0,4.0,4,2,5,3,4,3,4,2,3,5,5,1,2,1,4,5,3,4,3,6,2,5,4,5,6,3,4,2,2,2
0,LU0403,2,31,0,1,1,0,0,2,3,3,3.0,2,2,4.0,4,2,4,0,43,6.6,3,48,4,3,4,4,1,4.0,5.0,4,3.0,5,3.0,4.0,5.0,7,3.0,4,5.0,4,1,5.0,5.0,3.0,7,4,5,4,5,5,2,2,3,4,5,2,7,4,2,5,5,4,2,3,4,4,1,5,2,3,2,5,4,3
0,TI1112,1,35,0,0,1,1,0,2,1,3,3.0,2,3,4.0,4,1,4,4,33,7.9,4,5,4,4,4,3,4,4.0,5.0,5,3.0,3,5.0,4.0,6.0,6,5.0,5,3.0,5,3,6.0,7.0,3.0,7,6,5,4,6,6,3,4,3,4,4,1,0,2,2,4,3,4,4,6,2,4,4,5,4,4,3,2,2,3
0,CO1908,2,26,1,0,0,0,0,2,3,3,3.0,1,1,2.0,1,1,3,4,8,4.0,2,6,1,5,5,4,6,5.0,5.0,5,7.0,3,4.0,1.0,4.0,6,6.0,7,4.0,7,3,5.0,5.0,3.0,6,5,5,4,4,4,2,5,5,4,5,7,6,4,4,5,3,5,5,4,3,7,3,5,4,3,4,2,4,4
0,DU0201,2,27,1,0,1,0,0,2,3,3,6.0,3,3,2.0,1,3,4,4,7,3.4,2,3,2,3,4,3,4,2.0,4.0,5,5.0,5,3.0,4.0,3.0,5,3.0,4,4.0,4,2,4.0,4.0,3.0,5,4,5,4,5,5,5,4,3,2,5,1,0,2,3,3,3,4,3,6,3,6,6,3,5,3,3,3,4,5
0,KH2211,2,24,0,0,1,1,0,1,3,3,5.0,1,4,2.0,1,0,3,3,4,1.5,1,4,2,4,3,4,4,3.0,2.0,4,2.0,2,3.0,4.0,4.0,4,4.0,6,2.0,4,4,2.0,4.0,4.0,4,2,5,3,5,6,4,4,3,4,4,1,3,1,2,4,3,3,4,3,2,4,3,4,4,5,4,3,3,3
0,SO1504,2,32,1,0,0,0,0,1,4,3,4.0,1,1,,5,2,5,4,10,12.3,5,3,5,4,4,4,4,4.0,4.0,4,4.0,4,4.0,4.0,4.0,4,4.0,4,4.0,4,4,4.0,4.0,4.0,4,4,5,4,4,4,4,4,4,4,4,1,1,2,1,4,4,4,2,4,4,4,4,4,4,3,4,2,2,2
0,ME3101,2,25,1,1,1,0,0,2,2,3,1.0,2,2,3.0,3,3,5,3,16,6.4,2,5,2,2,2,1,2,2.0,2.0,5,3.0,6,1.0,4.0,5.0,5,3.0,4,4.0,5,4,5.0,4.0,5.0,5,4,5,5,3,4,3,3,4,3,5,1,1,3,4,4,5,4,2,5,5,4,5,4,5,4,3,2,2,2
0,LA0907,2,26,0,1,0,0,0,2,4,3,6.0,2,2,2.0,2,2,2,3,5,2.2,1,3,2,2,3,3,3,3.0,3.0,3,3.0,3,3.0,3.0,3.0,3,3.0,3,3.0,3,3,3.0,3.0,3.0,3,3,5,3,3,3,3,3,3,3,3,1,2,1,2,3,3,3,4,3,3,3,3,3,3,4,4,5,4,4
0,PH0609,1,25,1,0,0,0,0,2,4,3,1.0,2,1,1.0,1,1,5,3,1,1.3,1,0,1,5,3,3,3,4.0,4.0,5,5.0,4,6.0,6.0,3.0,4,3.0,2,6.0,6,5,4.0,4.0,7.0,3,4,5,4,5,5,5,2,4,3,3,1,1,1,2,1,3,4,4,4,4,2,6,4,5,4,3,5,5,4
0,VA2403,2,28,1,1,0,0,0,2,3,3,4.0,2,2,3.0,4,1,5,2,17,7.6,3,1,3,3,3,4,4,4.0,3.0,3,4.0,4,5.0,4.0,4.0,5,3.0,6,4.0,6,2,3.0,7.0,4.0,6,6,5,4,4,5,5,3,1,2,3,1,5,3,1,3,3,5,4,3,5,3,4,4,4,4,4,1,3,3
0,RY1710,2,28,0,0,0,1,0,1,2,3,4.0,3,4,4.0,4,2,5,5,13,13.5,3,1,4,4,3,3,2,3.0,2.0,4,4.0,5,4.0,5.0,3.0,3,4.0,5,6.0,3,5,3.0,4.0,6.0,2,1,5,5,5,4,5,4,3,2,5,1,3,2,3,3,4,5,2,5,5,4,2,3,3,2,3,2,3,4
0,NO0312,2,24,0,1,1,0,0,1,2,3,1.0,1,2,2.0,1,2,2,2,14,8.7,2,3,3,5,6,6,5,4.0,4.0,4,4.0,5,5.0,1.0,7.0,4,5.0,4,3.0,5,1,5.0,5.0,4.0,6,6,5,4,4,4,4,7,4,5,6,1,0,2,2,4,3,5,4,1,5,1,4,4,4,2,2,3,2,2
0,TE1206,2,35,0,0,0,1,0,2,3,3,5.0,2,4,,4,4,5,4,0,12.3,4,2,5,3,5,5,4,4.0,5.0,4,3.0,2,3.0,4.0,3.0,5,5.0,4,4.0,6,3,4.0,5.0,6.0,6,4,5,4,5,5,5,5,4,4,5,1,2,2,4,4,4,4,4,4,3,5,3,7,2,4,4,3,2,2
0,RA2502,2,23,1,1,1,0,0,1,3,3,6.0,3,1,2.0,2,2,5,4,6,1.9,2,8,2,2,4,3,4,3.0,3.0,3,5.0,6,4.0,3.0,4.0,5,5.0,3,4.0,5,3,4.0,4.0,5.0,4,4,5,5,5,4,4,4,4,4,6,2,2,2,3,3,5,5,4,4,2,4,3,6,3,4,3,4,3,4
0,GI2105,1,23,1,1,1,0,0,1,3,3,4.0,3,1,1.0,1,2,4,1,8,1.0,1,0,1,3,3,3,2,2.0,4.0,3,3.0,5,3.0,3.0,3.0,4,5.0,5,3.0,7,3,4.0,6.0,4.0,6,4,5,4,5,5,2,1,1,2,3,1,3,3,2,3,2,5,3,1,6,2,3,6,4,2,3,2,2,1
0,BO0804,2,29,1,1,0,0,0,2,3,3,5.0,2,1,4.0,4,1,4,3,20,2.2,4,3,4,3,5,3,4,4.0,4.0,5,3.0,4,5.0,2.0,4.0,7,4.0,7,2.0,6,2,6.0,5.0,4.0,6,4,5,5,4,6,5,5,6,6,5,2,1,1,1,3,2,3,4,6,3,5,4,3,5,5,4,4,4,5
0,MO0107,1,23,1,1,0,1,0,2,3,3,4.0,1,1,4.0,5,4,2,0,24,6.3,5,5,4,3,6,6,4,6.0,6.0,5,5.0,2,6.0,3.0,6.0,6,4.0,5,3.0,6,2,5.0,5.0,5.0,7,4,5,5,6,4,5,3,3,4,3,1,14,5,5,6,5,6,5,5,3,5,5,6,4,5,2,3,3,3
0,SI1411,2,23,1,0,0,0,0,1,3,3,2.0,2,1,3.0,4,2,2,3,33,5.7,3,17,4,3,6,3,6,4.0,4.0,6,4.0,3,6.0,4.0,6.0,4,4.0,4,4.0,4,5,6.0,3.0,4.0,4,5,5,5,5,3,5,4,3,2,3,1,3,1,1,3,2,2,4,4,6,3,1,7,1,4,3,3,3,2
0,VI0503,2,30,1,1,0,0,0,1,3,3,99.0,1,2,2.0,2,1,3,2,16,3.2,2,1,1,3,3,3,3,2.0,3.0,3,4.0,5,3.0,6.0,3.0,5,1.0,2,4.0,4,4,4.0,3.0,6.0,5,4,5,5,5,6,6,3,2,2,3,1,6,2,3,3,3,3,3,4,4,4,6,1,5,4,3,3,3,2
0,TU2910,2,27,0,1,0,0,0,2,3,3,4.0,1,2,,5,3,5,5,26,8.1,5,33,5,4,4,5,4,3.0,2.0,3,3.0,3,2.0,3.0,6.0,3,5.0,4,4.0,4,5,5.0,4.0,5.0,5,4,5,6,3,4,5,5,2,3,1,1,1,2,3,3,3,4,2,4,5,5,2,5,3,3,2,5,3,3
0,XA1808,2,30,1,0,0,0,0,2,3,3,2.0,3,1,4.0,4,4,4,4,13,8.7,5,15,5,2,5,3,4,4.0,3.0,4,3.0,3,5.0,5.0,4.0,5,6.0,5,5.0,6,4,4.0,4.0,4.0,5,3,5,5,5,5,4,6,6,6,6,2,1,3,3,4,3,5,4,4,4,4,2,7,4,2,3,3,4,4
0,DO0712,1,31,0,1,0,0,0,1,3,3,4.0,1,2,4.0,5,3,2,3,6,2.8,4,1,4,4,5,5,5,5.0,5.0,6,7.0,2,4.0,2.0,5.0,7,6.0,6,3.0,3,2,4.0,5.0,3.0,7,7,5,6,6,4,6,6,6,5,4,1,8,3,5,4,3,4,5,4,7,1,4,5,6,4,3,2,3,2
0,SY2004,2,32,1,0,0,1,0,1,2,3,2.0,1,1,,5,4,5,5,16,10.7,5,1,4,2,3,5,4,4.0,4.0,4,4.0,6,5.0,5.0,4.0,5,3.0,4,2.0,6,3,5.0,6.0,5.0,4,3,5,4,5,5,6,2,2,1,2,1,8,5,5,5,4,4,5,6,3,4,6,3,4,3,3,3,4,3
0,LO0209,2,30,0,1,0,1,0,1,2,3,2.0,1,4,2.0,1,1,4,3,5,2.6,2,1,2,3,5,3,1,3.0,3.0,3,3.0,4,3.0,5.0,4.0,3,5.0,3,5.0,5,4,3.0,3.0,6.0,3,5,5,4,3,5,5,5,4,5,4,1,4,2,2,4,3,6,4,5,5,4,3,4,4,4,2,4,4,3
0,NE1101,2,25,1,1,0,1,0,1,2,3,3.0,3,1,3.0,4,1,5,4,2,11.4,3,9,3,5,4,3,5,3.0,3.0,5,4.0,3,4.0,3.0,4.0,5,5.0,4,2.0,4,4,4.0,5.0,1.0,4,5,5,5,5,6,5,5,6,4,4,1,5,1,2,1,3,2,5,5,5,3,2,5,3,4,4,3,4,4
0,TA0911,1,23,1,0,0,0,0,2,3,3,3.0,3,1,,5,4,3,4,22,15.4,5,13,5,4,2,2,1,2.0,1.0,2,3.0,5,2.0,5.0,4.0,5,3.0,4,5.0,6,2,4.0,3.0,4.0,3,5,5,2,3,3,2,4,2,3,5,1,1,1,5,2,2,4,1,3,4,4,4,5,3,3,3,1,1,2
0,RU1602,2,28,0,1,1,0,0,2,3,3,2.0,4,2,2.0,3,1,2,5,1,1.8,3,6,2,5,3,4,4,2.0,3.0,2,5.0,5,4.0,3.0,5.0,7,4.0,4,3.0,6,3,4.0,7.0,4.0,4,5,5,4,4,5,4,3,4,3,4,1,1,2,3,4,3,4,4,4,4,3,3,6,3,3,5,4,2,2
0,PA2305,2,30,1,0,0,1,0,1,3,3,2.0,1,1,,5,4,4,5,16,19.3,4,14,5,3,6,7,5,5.0,5.0,4,4.0,3,6.0,2.0,7.0,7,5.0,6,2.0,5,2,6.0,7.0,2.0,5,6,5,4,5,6,5,3,3,3,4,1,1,5,5,4,4,4,5,5,2,6,5,1,4,3,4,3,3,2
0,MI2708,2,24,1,0,0,0,0,2,3,3,1.0,3,1,1.0,2,3,5,4,3,1.0,1,6,1,4,6,5,4,4.0,5.0,4,5.0,3,4.0,3.0,6.0,6,5.0,7,2.0,7,2,6.0,4.0,2.0,5,6,5,4,4,6,4,4,5,5,5,2,6,5,4,4,4,4,4,1,5,3,2,5,2,4,4,3,3,3
0,VO1512,2,27,1,1,0,0,0,1,3,3,4.0,2,2,3.0,2,2,4,3,8,2.6,2,1,3,5,3,1,3,4.0,2.0,4,3.0,4,3.0,4.0,2.0,5,5.0,3,5.0,5,3,4.0,5.0,5.0,5,2,5,5,3,5,2,4,3,4,5,1,2,3,3,3,4,3,2,5,4,5,4,4,5,3,3,2,2,2
0,HA0406,2,27,1,0,0,1,0,1,3,3,2.0,2,1,3.0,3,0,5,2,10,7.8,2,9,3,4,3,2,3,4.0,3.0,3,5.0,5,3.0,4.0,3.0,3,4.0,3,5.0,6,2,5.0,6.0,5.0,4,3,5,3,4,4,4,2,3,4,4,1,0,1,1,2,2,3,3,5,2,5,4,3,6,4,4,3,2,3
0,LI0104,1,23,1,0,0,0,0,2,1,3,6.0,1,1,2.0,1,0,5,2,3,2.1,1,0,2,3,4,4,2,2.0,2.0,4,1.0,5,4.0,3.0,5.0,6,5.0,5,2.0,7,2,3.0,6.0,1.0,6,6,5,4,6,6,3,7,6,4,6,2,0,0,1,3,1,1,3,4,3,4,5,3,4,3,4,2,3,3
0,KE2201,2,28,0,1,1,1,0,2,3,3,5.0,1,2,3.0,3,2,4,2,6,4.8,3,1,2,3,5,5,5,5.0,5.0,5,5.0,5,5.0,5.0,5.0,5,5.0,5,5.0,5,5,5.0,5.0,5.0,5,5,5,5,5,5,5,5,5,5,5,1,1,2,1,5,5,5,3,5,5,5,5,5,5,3,3,3,3,2
0,QU0810,2,27,1,0,0,0,0,2,3,3,2.0,3,1,,5,1,3,3,31,26.6,5,16,5,4,3,4,2,2.0,2.0,4,2.0,3,4.0,4.0,3.0,1,4.0,4,4.0,5,5,2.0,4.0,5.0,3,4,5,5,5,5,4,6,4,6,6,1,0,2,1,5,3,5,2,4,4,4,3,5,3,3,3,3,4,2
0,TE3005,2,31,1,1,0,1,0,2,4,3,3.0,3,1,4.0,5,4,5,0,11,5.8,3,25,4,1,5,5,5,6.0,4.0,5,6.0,2,5.0,3.0,5.0,6,5.0,5,4.0,6,2,6.0,6.0,2.0,5,5,5,6,6,5,6,2,2,2,2,1,10,4,3,6,6,5,6,2,6,3,6,4,5,3,4,3,2,3
0,BA2609,2,26,0,1,0,0,0,2,1,3,2.0,1,2,4.0,3,2,2,3,9,6.0,4,14,4,2,4,4,3,3.0,3.0,3,3.0,5,2.0,4.0,5.0,3,5.0,5,4.0,5,5,5.0,4.0,6.0,2,4,5,4,4,4,4,4,6,4,2,1,2,1,3,1,2,5,3,3,5,2,2,4,4,3,4,3,4,2
0,NA1903,2,26,0,1,0,0,0,1,4,3,3.0,2,2,1.0,1,2,4,3,13,2.9,1,5,1,4,3,5,3,1.0,3.0,4,5.0,2,5.0,4.0,3.0,2,5.0,4,3.0,2,6,4.0,4.0,7.0,2,3,5,6,6,5,5,2,2,4,2,1,3,3,4,4,5,5,4,4,4,4,5,5,4,2,3,2,3,2
0,XO1207,2,32,1,0,1,0,0,1,3,3,1.0,3,1,3.0,3,3,4,4,2,9.1,3,2,3,2,4,2,3,3.0,3.0,5,4.0,4,1.0,5.0,5.0,5,4.0,5,4.0,6,6,5.0,6.0,6.0,4,5,5,5,4,6,4,3,2,3,3,1,0,4,3,5,5,5,3,5,4,4,3,4,2,3,3,2,1,1
0,DI0302,2,25,1,0,1,0,0,2,1,3,1.0,2,1,3.0,2,3,5,5,10,5.0,2,3,4,4,4,5,3,5.0,4.0,5,3.0,4,3.0,4.0,3.0,6,4.0,2,4.0,4,4,5.0,5.0,4.0,4,6,5,4,5,7,4,4,3,2,3,2,0,4,3,5,4,4,5,2,5,4,1,6,3,3,3,3,2,3
0,SA2111,2,30,0,1,0,0,0,1,3,3,3.0,2,2,2.0,1,3,4,4,10,4.8,1,0,2,1,3,5,2,5.0,4.0,5,5.0,3,5.0,3.0,6.0,6,5.0,5,3.0,3,1,7.0,6.0,5.0,4,6,5,5,5,4,6,3,5,4,5,1,1,3,3,3,3,3,5,2,6,2,5,4,5,4,3,3,3,4
0,GU1412,1,28,1,1,1,0,0,2,3,3,2.0,2,2,3.0,2,1,5,3,3,2.5,3,0,3,2,4,3,4,2.0,5.0,4,6.0,5,5.0,4.0,5.0,4,4.0,6,5.0,5,4,5.0,7.0,3.0,4,4,5,5,5,6,5,4,4,4,4,1,0,3,2,4,3,5,3,3,4,3,3,5,5,3,3,3,2,3
0,NO0708,2,32,0,1,0,0,0,2,2,3,2.0,1,2,,4,4,5,5,15,6.2,5,13,5,2,4,4,3,3.0,3.0,5,5.0,4,5.0,1.0,5.0,5,5.0,6,3.0,7,2,5.0,6.0,5.0,5,6,5,6,4,4,5,4,5,5,4,1,4,5,5,5,5,6,5,3,5,2,4,3,3,2,3,4,2,3
0,TI1801,2,33,0,1,1,0,0,2,2,3,6.0,3,2,3.0,3,1,2,4,14,15.0,2,0,3,4,5,3,4,3.0,4.0,4,4.0,5,4.0,4.0,7.0,3,5.0,6,5.0,5,3,4.0,5.0,5.0,4,5,5,7,6,7,7,2,5,1,3,1,2,1,1,3,4,4,4,3,4,4,3,5,3,4,4,4,4,2
0,CO0405,2,26,0,0,0,1,0,2,3,3,4.0,4,4,3.0,3,3,4,4,26,9.1,3,3,3,3,4,4,5,3.0,5.0,4,3.0,4,3.0,4.0,5.0,7,5.0,5,2.0,4,3,6.0,6.0,3.0,5,5,5,7,6,3,4,3,4,4,1,1,1,2,2,4,4,5,4,2,5,4,4,2,4,4,4,3,3,2
0,LE0904,1,25,1,1,0,0,0,1,2,3,2.0,2,2,2.0,2,0,3,3,8,3.0,2,0,3,4,3,3,2,3.0,3.0,4,5.0,2,3.0,3.0,4.0,3,6.0,5,3.0,6,3,5.0,3.0,4.0,5,5,5,5,6,7,6,3,2,3,3,1,0,1,1,3,3,4,4,4,4,4,1,5,2,4,4,2,3,3
0,RA2510,2,27,0,1,1,0,0,1,3,3,4.0,1,3,2.0,2,1,3,2,4,2.8,2,1,2,2,5,1,5,4.0,3.0,4,3.0,4,4.0,4.0,3.0,4,6.0,4,7.0,4,3,3.0,3.0,5.0,4,5,5,4,4,6,3,5,4,4,3,1,1,1,1,2,3,3,5,3,5,3,4,4,4,3,4,4,4,2
0,MI1312,2,24,0,0,1,0,0,1,3,3,3.0,1,3,2.0,2,0,4,3,25,5.1,2,5,2,3,2,1,1,2.0,4.0,3,2.0,6,3.0,3.0,5.0,3,2.0,5,4.0,5,3,5.0,4.0,3.0,5,5,5,4,4,5,4,4,4,3,3,1,0,1,1,3,3,3,2,3,5,4,5,5,2,3,3,2,3,4
0,VA2007,2,33,1,1,0,0,0,1,3,3,5.0,2,2,4.0,4,4,4,0,28,8.5,3,2,4,4,3,3,3,3.0,3.0,3,3.0,3,3.0,3.0,3.0,3,3.0,3,3.0,3,3,3.0,3.0,3.0,3,3,5,3,3,3,3,3,3,3,3,1,8,5,5,3,3,3,4,3,3,3,3,3,3,3,2,3,2,1
0,RE2811,2,30,0,1,0,0,0,1,3,3,2.0,4,2,3.0,3,3,3,4,12,5.4,4,8,4,3,5,5,4,5.0,4.0,7,6.0,2,5.0,4.0,5.0,6,5.0,4,4.0,5,4,5.0,2.0,4.0,7,4,5,5,5,4,4,5,5,4,6,1,3,1,3,6,3,5,5,3,4,4,3,3,4,3,3,2,3,2
0,KU1609,2,26,0,0,1,0,0,2,1,3,6.0,2,3,1.0,1,2,5,5,16,2.3,1,2,1,2,6,5,4,3.0,6.0,5,5.0,2,6.0,3.0,5.0,6,4.0,6,2.0,5,1,7.0,3.0,4.0,6,5,5,4,4,5,4,3,4,3,4,1,13,2,5,3,4,5,4,7,2,5,4,3,4,3,3,2,2,3
0,SY0102,1,25,0,1,0,0,0,2,3,3,3.0,2,2,2.0,1,0,2,1,15,9.9,2,0,3,3,3,4,3,3.0,2.0,4,2.0,3,2.0,3.0,5.0,3,7.0,6,3.0,5,2,4.0,4.0,4.0,7,4,5,5,5,6,5,5,5,4,5,1,1,0,0,1,2,1,3,3,4,2,3,6,3,3,3,4,2,2
0,TO0506,2,29,0,1,0,0,0,2,3,3,3.0,1,2,,5,4,4,4,33,22.5,5,5,5,3,4,4,3,4.0,3.0,6,5.0,3,5.0,4.0,4.0,3,2.0,3,4.0,5,5,3.0,3.0,4.0,2,4,5,4,5,6,5,3,2,3,4,2,9,3,3,4,4,3,4,4,3,6,3,3,3,4,4,5,2,4
0,DU0212,1,28,0,1,1,1,0,2,2,3,3.0,1,2,,4,4,3,0,7,16.4,5,15,5,2,5,2,4,5.0,5.0,3,3.0,3,3.0,3.0,6.0,4,5.0,5,3.0,4,3,4.0,4.0,4.0,5,6,5,5,5,6,6,3,4,4,4,1,7,5,5,5,6,5,3,5,2,4,4,5,3,4,3,2,2,3
0,PI1108,2,29,0,1,0,1,0,2,3,3,2.0,2,2,4.0,4,3,3,4,11,11.9,4,5,4,2,4,2,3,3.0,3.0,3,3.0,4,3.0,3.0,6.0,6,4.0,4,1.0,6,2,3.0,5.0,3.0,4,7,5,5,3,4,3,3,2,3,3,1,1,2,3,2,3,4,2,5,2,6,3,5,3,4,4,3,2,1
0,MA2203,2,23,1,0,0,0,0,2,3,3,2.0,1,1,2.0,2,1,3,3,10,7.2,2,4,2,2,5,5,5,6.0,4.0,6,5.0,1,6.0,3.0,3.0,7,6.0,5,4.0,5,1,5.0,5.0,2.0,5,6,5,7,7,7,6,6,6,5,6,1,6,2,2,3,4,4,5,4,5,3,3,3,4,3,3,3,3,3
0,HA1704,2,29,1,1,0,0,0,2,3,3,3.0,1,2,1.0,1,3,3,4,14,2.8,2,0,1,1,4,4,4,4.0,3.0,4,5.0,5,4.0,4.0,4.0,5,4.0,4,4.0,5,5,4.0,5.0,5.0,6,4,5,7,7,7,7,6,5,5,5,1,1,3,4,4,3,5,4,2,7,1,4,4,4,2,2,5,4,2
0,LO0811,2,24,0,1,0,0,0,2,4,3,3.0,3,2,4.0,4,1,5,5,36,8.0,3,6,4,3,7,6,6,6.0,7.0,6,7.0,3,6.0,3.0,7.0,5,6.0,7,2.0,7,1,7.0,6.0,1.0,7,6,5,5,6,6,5,4,3,4,3,1,4,3,3,5,3,4,5,5,4,6,4,5,3,4,3,2,4,4
0,NE2901,2,30,0,1,0,1,0,2,3,3,4.0,1,2,3.0,3,1,3,5,28,4.6,2,2,3,1,3,3,4,4.0,3.0,5,3.0,3,5.0,3.0,3.0,6,4.0,4,5.0,2,3,5.0,4.0,4.0,3,5,5,4,3,5,4,6,4,5,3,1,1,3,5,4,4,5,2,4,4,4,2,6,2,4,5,4,2,3
0,TI1505,2,25,0,1,0,0,0,1,3,3,1.0,3,2,4.0,4,2,2,5,48,6.2,4,5,4,4,3,5,4,3.0,3.0,6,4.0,3,5.0,4.0,4.0,2,2.0,5,6.0,5,3,5.0,5.0,4.0,4,5,5,5,6,6,5,4,6,5,6,1,2,2,4,5,3,5,5,4,1,5,4,5,3,3,3,4,4,4
0,VI2409,2,26,1,0,0,0,0,2,2,3,1.0,4,5,3.0,3,4,5,5,3,10.1,3,4,2,2,4,4,3,2.0,6.0,5,5.0,5,4.0,6.0,3.0,1,4.0,2,6.0,4,5,5.0,4.0,6.0,3,4,5,7,6,6,6,5,4,4,3,1,11,5,4,5,4,6,3,5,4,3,4,6,5,4,3,3,3,2
0,XO0103,1,28,1,1,0,0,0,1,3,3,2.0,2,1,3.0,3,3,3,5,19,5.1,3,6,4,3,4,2,2,2.0,2.0,4,2.0,5,4.0,4.0,3.0,1,5.0,5,4.0,4,6,5.0,5.0,5.0,3,3,5,4,5,4,5,2,4,1,2,1,3,3,4,3,3,6,2,3,4,3,6,3,3,3,2,3,1,3
0,UN0402,2,30,0,1,0,0,0,1,3,3,2.0,2,2,2.0,2,3,3,5,21,2.6,1,0,2,4,5,4,4,2.0,4.0,3,4.0,2,4.0,4.0,5.0,7,6.0,6,3.0,6,4,5.0,7.0,3.0,4,6,5,3,4,4,5,5,5,5,4,1,7,3,5,3,4,5,4,4,4,4,2,4,1,3,3,3,4,3
0,TT1113,2,31,1,1,0,0,0,2,2,3,2.0,1,2,2.0,1,0,5,2,5,4.2,2,8,1,3,1,2,3,2.0,2.0,3,3.0,5,3.0,3.0,4.0,2,3.0,4,3.0,3,3,5.0,4.0,3.0,3,5,5,5,4,4,3,4,4,4,4,2,4,0,0,2,1,2,1,4,2,6,3,5,5,3,4,3,3,2
0,HTX322,2,25,0,1,0,0,0,2,1,3,4.0,2,2,3.0,1,0,2,2,1,4.4,2,5,3,4,2,2,1,3.0,1.0,4,3.0,6,3.0,5.0,4.0,5,5.0,5,6.0,3,3,5.0,5.0,5.0,4,5,5,5,6,7,5,4,2,3,3,1,1,0,0,2,3,2,3,3,5,4,2,6,2,3,2,3,2,3
0,MQ0000,2,26,1,1,0,1,0,1,3,3,4.0,2,1,4.0,3,3,2,3,12,5.7,3,3,4,2,4,4,4,5.0,3.0,5,5.0,3,6.0,2.0,5.0,6,6.0,6,3.0,6,1,5.0,6.0,3.0,7,7,5,4,6,5,6,2,2,4,6,2,4,3,3,3,4,4,4,3,6,3,2,6,4,3,2,3,4,3
0,NAMNAM,2,25,1,1,1,0,0,2,1,3,2.0,1,2,4.0,4,2,5,4,5,10.3,3,14,3,2,5,3,3,4.0,5.0,4,3.0,3,4.0,2.0,4.0,7,6.0,6,3.0,6,2,5.0,7.0,2.0,5,5,5,2,2,2,2,5,5,6,5,1,2,3,3,4,4,4,4,6,5,5,5,2,5,4,3,3,3,2
0,123456,1,28,1,1,1,0,0,1,1,3,1.0,3,2,,5,3,3,5,39,23.2,5,50,5,2,2,4,2,5.0,1.0,2,4.0,3,4.0,5.0,4.0,4,4.0,5,6.0,4,5,3.0,4.0,4.0,3,5,5,6,6,6,7,4,4,3,4,1,11,4,3,4,4,4,3,3,5,3,3,5,3,4,4,4,4,3
0,file01,2,29,1,1,1,0,0,2,4,2,4.0,1,2,1.0,1,0,4,1,2,1.2,1,0,1,4,4,2,4,3.0,3.0,3,3.0,4,3.0,4.0,3.0,4,4.0,4,4.0,4,4,5.0,2.0,3.0,4,3,5,5,4,4,4,3,5,4,4,1,1,0,0,1,1,1,4,4,4,3,5,4,3,3,3,4,5,4
0,chot99,1,28,1,1,0,1,0,1,4,2,6.0,1,2,3.0,3,1,5,4,10,6.1,2,3,3,3,6,5,5,5.0,4.0,5,5.0,4,4.0,4.0,6.0,4,6.0,6,3.0,7,4,6.0,7.0,2.0,5,5,5,4,4,5,5,6,4,4,5,1,1,4,5,6,5,4,5,3,5,3,5,3,4,5,3,2,3,1
0,xongV1,1,30,0,1,0,0,0,2,4,3,3.0,1,2,3.0,2,0,2,3,9,7.8,3,7,3,3,3,1,2,3.0,1.0,3,3.0,6,1.0,5.0,5.0,5,2.0,6,3.0,6,4,4.0,3.0,4.0,5,3,5,5,4,6,5,4,3,4,2,1,0,0,0,3,4,4,2,2,5,3,5,4,3,5,3,2,2,2
0,banv2a,1,26,0,1,0,0,0,2,3,4,3.0,3,2,4.0,5,4,5,3,11,8.6,3,21,4,3,7,5,4,4.0,7.0,5,5.0,4,4.0,3.0,5.0,6,5.0,2,4.0,5,3,5.0,5.0,3.0,4,3,5,4,5,5,4,7,6,6,6,2,5,4,2,4,2,5,6,3,6,3,5,5,3,3,3,4,4,4
0,gui102,2,27,1,0,0,0,0,1,3,2,1.0,3,1,3.0,3,2,4,3,32,1.5,3,3,3,2,5,5,5,5.0,5.0,5,5.0,5,5.0,5.0,5.0,5,5.0,5,5.0,5,5,5.0,5.0,5.0,5,5,5,5,5,5,5,5,5,5,5,1,0,2,2,5,5,5,4,5,5,5,5,5,5,1,1,4,3,3
0,NCT001,1,28,1,0,0,1,0,2,1,8,4.0,3,1,4.0,4,4,1,0,10,7.4,3,1,4,3,3,3,1,4.0,3.0,3,2.0,5,2.0,3.0,5.0,5,4.0,6,4.0,5,1,5.0,4.0,3.0,5,3,5,4,3,4,4,4,4,5,4,1,1,5,5,3,4,4,4,3,4,4,5,6,3,1,2,2,2,3
0,duyetA,1,27,1,0,0,0,0,1,3,2,2.0,1,1,4.0,4,3,1,1,28,8.5,3,0,4,3,6,4,4,7.0,5.0,6,4.0,4,3.0,2.0,5.0,6,4.0,6,3.0,5,1,6.0,7.0,3.0,5,5,5,5,6,6,5,5,5,6,6,1,0,2,2,3,2,5,5,1,6,3,4,4,4,3,2,4,4,4
0,XMSfix,2,30,1,0,0,1,0,1,2,1,3.0,1,4,3.0,3,2,4,3,8,3.4,3,0,3,3,3,3,5,3.0,4.0,5,5.0,2,3.0,5.0,5.0,4,5.0,4,6.0,4,5,4.0,5.0,3.0,5,6,5,3,4,5,3,2,4,2,5,1,1,1,2,3,3,4,4,3,4,4,3,6,2,4,4,3,4,3
0,test02,1,27,0,0,1,0,0,2,3,3,6.0,1,3,3.0,3,2,4,2,36,5.7,3,0,3,4,2,2,3,2.0,1.0,3,2.0,4,3.0,2.0,5.0,4,4.0,6,2.0,4,3,5.0,5.0,3.0,7,6,5,4,5,5,4,4,4,4,5,1,3,2,1,2,4,3,2,3,6,3,4,7,5,3,3,1,3,3
0,check1,1,29,1,0,1,0,0,2,3,4,5.0,2,1,4.0,4,2,3,3,11,12.5,4,9,4,2,6,5,3,5.0,4.0,3,3.0,2,3.0,4.0,6.0,4,4.0,4,4.0,6,2,4.0,5.0,3.0,5,3,5,5,5,5,6,4,4,4,5,1,2,1,3,3,5,4,4,3,5,4,1,5,3,4,3,4,4,4
0,doneV3,1,24,0,1,1,0,0,1,2,1,5.0,2,2,2.0,1,0,3,1,6,2.0,2,4,1,5,2,1,2,1.0,2.0,3,3.0,5,3.0,5.0,3.0,2,3.0,4,5.0,4,6,1.0,5.0,6.0,2,4,5,4,5,6,5,4,1,1,4,1,1,0,0,1,1,3,1,3,1,5,3,3,5,5,4,3,2,3
0,fileV4,2,32,0,1,0,1,0,2,3,7,6.0,3,2,,5,4,4,5,32,12.2,3,1,5,2,5,3,3,4.0,4.0,5,6.0,4,5.0,2.0,7.0,5,6.0,6,4.0,5,3,6.0,5.0,1.0,5,6,5,6,5,5,5,5,4,4,5,1,1,5,5,6,7,6,5,5,2,5,3,5,3,4,4,2,2,3
0,nhan77,1,26,0,1,0,0,0,1,3,3,99.0,1,2,3.0,3,2,5,2,3,8.5,4,15,3,4,5,5,5,5.0,5.0,5,5.0,5,5.0,5.0,5.0,5,5.0,5,5.0,5,5,5.0,5.0,5.0,5,5,5,5,5,5,5,5,5,5,5,1,1,2,1,5,5,5,3,5,5,5,5,5,5,3,4,3,4,2
0,copy01,2,30,0,1,0,1,0,2,3,2,1.0,1,2,4.0,3,2,2,2,5,4.4,4,8,4,5,3,2,3,3.0,4.0,5,3.0,5,2.0,3.0,7.0,5,7.0,6,3.0,6,3,6.0,6.0,4.0,5,5,5,3,5,5,3,2,1,4,4,1,1,0,1,2,3,2,3,4,5,3,3,3,5,3,4,2,2,1
0,bando1,1,24,1,0,1,1,0,2,1,1,1.0,1,3,,5,3,4,3,10,20.8,5,15,5,2,3,3,3,3.0,4.0,4,4.0,5,3.0,4.0,3.0,3,5.0,4,4.0,4,2,6.0,4.0,5.0,5,4,5,6,6,5,7,4,5,3,4,1,3,3,3,4,5,4,3,3,3,3,3,4,3,1,2,4,4,4
0,chyen2,1,25,0,1,0,0,0,1,3,2,2.0,3,2,2.0,1,4,4,0,1,4.6,1,1,2,3,4,2,2,1.0,2.0,3,2.0,4,3.0,5.0,5.0,4,3.0,4,5.0,5,1,4.0,4.0,4.0,4,5,5,5,6,6,6,3,4,3,5,1,2,5,5,6,4,6,2,4,4,4,4,4,4,3,3,2,2,2
0,plan02,1,24,0,1,0,0,0,2,3,3,3.0,1,2,2.0,1,1,2,2,4,1.3,2,3,2,3,3,3,2,3.0,3.0,4,5.0,5,2.0,4.0,4.0,5,4.0,4,3.0,3,5,3.0,3.0,6.0,4,4,5,4,3,3,3,2,2,1,3,1,2,1,0,3,2,4,3,3,4,3,3,5,5,3,2,3,2,2
0,kpi100,2,30,0,1,0,1,0,2,1,2,2.0,4,4,3.0,2,0,5,2,14,5.9,2,3,3,5,1,3,2,2.0,2.0,1,3.0,5,2.0,5.0,5.0,5,3.0,3,5.0,4,6,4.0,5.0,5.0,2,4,7,3,3,4,3,4,5,4,3,1,0,0,1,4,2,3,2,6,3,5,4,6,4,3,3,2,3,2
0,mail03,2,35,0,1,0,1,0,2,3,1,4.0,1,2,2.0,3,0,3,3,6,1.9,3,5,3,2,4,6,5,6.0,7.0,4,5.0,3,4.0,2.0,6.0,7,4.0,7,3.0,7,2,4.0,4.0,4.0,7,4,5,5,4,5,5,3,6,5,4,1,3,2,1,4,4,4,5,4,7,4,4,5,6,5,5,3,4,3
0,list01,1,24,1,0,0,0,0,2,3,6,2.0,1,1,3.0,3,0,1,3,14,10.9,3,15,2,1,2,2,4,2.0,3.0,3,4.0,4,5.0,4.0,5.0,4,5.0,4,7.0,3,5,3.0,3.0,6.0,3,1,7,4,4,5,4,3,1,1,3,1,5,1,2,4,5,3,4,4,5,4,3,4,5,3,3,3,3,3
0,note01,1,32,1,1,0,1,0,2,3,5,1.0,3,2,2.0,2,0,5,2,17,5.8,2,2,3,2,4,4,5,4.0,5.0,5,3.0,2,4.0,4.0,5.0,5,4.0,2,3.0,3,2,4.0,6.0,4.0,4,4,5,5,4,5,4,4,3,2,2,1,0,0,0,3,1,3,5,3,5,3,5,4,3,3,4,2,3,4
0,bdsm01,1,24,0,0,0,1,0,2,4,1,2.0,3,4,1.0,1,2,2,2,3,3.2,1,3,1,1,6,4,4,4.0,3.0,5,4.0,5,4.0,3.0,5.0,4,5.0,7,4.0,7,1,7.0,5.0,3.0,4,7,5,4,4,4,5,5,5,3,4,1,9,1,2,1,3,4,4,2,6,2,4,6,3,3,3,2,4,3
0,draft1,2,24,1,1,0,1,0,2,4,4,3.0,1,1,,5,4,4,0,31,9.9,5,4,5,4,4,3,3,4.0,3.0,4,6.0,4,3.0,4.0,2.0,5,3.0,4,5.0,4,6,3.0,4.0,6.0,5,4,5,5,5,4,5,5,4,5,4,1,3,5,5,6,6,6,4,5,4,3,4,5,3,4,3,4,5,5
0,final2,1,24,1,1,1,0,0,2,2,4,2.0,1,1,1.0,1,2,4,4,0,6.3,1,1,1,2,3,2,1,1.0,2.0,4,4.0,5,2.0,4.0,5.0,4,5.0,4,5.0,5,4,4.0,3.0,5.0,3,5,5,3,4,5,4,3,2,4,6,1,9,4,4,4,5,5,2,1,5,1,3,6,3,3,4,1,2,2
0,okie01,1,26,1,0,0,1,0,2,3,3,3.0,2,1,4.0,3,2,5,5,15,5.9,4,0,3,5,4,4,3,4.0,3.0,4,4.0,5,3.0,1.0,7.0,7,6.0,6,2.0,6,1,7.0,5.0,2.0,6,7,5,4,5,4,4,4,4,4,3,1,5,4,3,4,5,4,4,6,2,5,4,3,4,3,3,4,4,2
0,send99,1,27,1,0,0,0,0,1,4,5,1.0,2,1,1.0,1,0,3,1,9,1.2,1,2,1,3,4,3,4,3.0,5.0,4,4.0,3,4.0,3.0,4.0,4,7.0,6,2.0,5,4,5.0,5.0,6.0,5,6,5,3,2,2,2,2,3,4,2,1,1,0,0,1,1,1,3,4,6,4,3,4,4,3,2,4,5,3
0,archie,2,27,1,0,0,0,0,2,3,3,2.0,2,1,4.0,5,4,3,4,26,8.0,3,1,4,5,5,5,4,5.0,5.0,4,4.0,4,5.0,7.0,2.0,3,5.0,3,4.0,2,4,2.0,3.0,7.0,2,3,5,4,5,4,4,3,4,4,3,1,7,4,4,4,4,4,4,3,4,3,3,4,3,3,4,3,4,3
0,link01,2,23,1,1,0,0,0,1,4,1,2.0,2,2,,5,4,3,5,34,17.9,5,19,5,4,3,3,4,2.0,2.0,4,3.0,4,3.0,4.0,4.0,4,4.0,3,4.0,5,4,5.0,5.0,5.0,4,4,5,7,5,4,4,4,2,4,4,1,18,5,5,5,5,5,2,3,4,4,3,6,5,4,4,5,4,5
0,xmsV02,1,24,0,1,0,1,0,2,3,4,4.0,2,2,3.0,2,0,3,2,17,0.9,2,7,3,5,4,5,5,3.0,3.0,5,4.0,3,4.0,4.0,5.0,5,6.0,7,3.0,5,3,6.0,5.0,5.0,5,2,5,1,3,5,4,4,3,4,4,1,2,0,0,3,1,3,5,6,2,4,4,4,2,4,4,2,1,2
0,YH1509,0,30,0,1,0,0,0,2,3,1,4.0,1,2,2.0,2,1,1,3,4,2.5,2,0,2,4,4,3,3,1.0,2.0,4,5.0,3,5.0,4.0,3.0,4,3.0,1,6.0,5,3,5.0,4.0,4.0,4,4,5,4,4,3,5,2,3,4,4,1,11,3,3,2,5,6,3,6,5,5,3,4,2,3,3,2,3,3
0,VT2801,0,25,1,1,1,0,0,1,3,3,2.0,1,1,,5,2,3,3,42,13.0,4,5,4,3,5,4,3,4.0,3.0,6,5.0,5,2.0,4.0,3.0,4,6.0,4,6.0,5,2,4.0,4.0,4.0,5,4,5,5,6,4,4,4,2,3,2,1,5,3,4,3,3,5,5,2,4,4,5,4,3,3,3,5,5,2
0,HU2311,2,25,0,1,0,0,0,2,4,2,4.0,1,2,3.0,2,4,3,0,11,1.9,2,6,3,4,6,5,5,5.0,4.0,3,4.0,3,5.0,4.0,5.0,6,3.0,6,6.0,5,3,6.0,5.0,4.0,7,4,5,5,4,4,4,4,4,4,4,1,11,5,5,6,5,6,5,6,3,4,5,2,6,2,2,4,4,4
0,LX1002,0,26,1,0,1,1,0,2,2,2,2.0,1,3,2.0,2,1,5,2,2,2.7,2,2,1,1,4,3,3,1.0,2.0,3,1.0,5,2.0,3.0,6.0,5,5.0,7,4.0,4,1,5.0,4.0,4.0,6,6,5,2,4,3,4,4,5,5,4,1,2,0,0,3,1,2,3,6,2,5,4,3,4,3,3,5,4,2
0,UB1507,2,26,1,0,0,0,0,1,1,2,3.0,1,1,1.0,1,4,4,4,0,2.9,1,1,1,5,3,3,3,3.0,3.0,3,3.0,3,3.0,3.0,3.0,3,3.0,3,3.0,3,3,3.0,3.0,3.0,3,3,5,3,3,3,3,3,3,3,3,6,3,3,4,3,3,3,4,3,3,3,3,3,3,4,3,4,3,4
0,QB2209,2,27,0,0,1,1,0,1,1,4,1.0,4,3,,5,4,3,3,11,3.3,5,6,5,4,4,4,4,4.0,4.0,4,4.0,4,4.0,4.0,4.0,4,4.0,4,4.0,4,4,4.0,4.0,4.0,4,4,5,4,4,4,4,4,4,4,4,1,1,1,0,4,4,4,3,4,4,4,4,4,4,3,3,4,5,4
0,PP2809,0,27,1,0,1,0,0,1,1,3,3.0,1,3,,5,3,5,2,17,8.5,5,4,5,3,4,5,3,5.0,4.0,5,5.0,3,5.0,4.0,6.0,4,3.0,5,3.0,5,2,7.0,5.0,5.0,5,4,5,6,6,5,7,1,1,3,5,1,5,1,1,2,2,4,4,4,5,4,4,5,2,3,3,3,2,3
0,GY2412,2,30,1,0,0,0,0,2,3,4,3.0,1,1,4.0,3,4,2,0,7,5.9,3,3,4,1,2,4,3,3.0,3.0,6,4.0,5,3.0,4.0,6.0,4,3.0,3,5.0,4,2,4.0,5.0,4.0,5,5,5,4,6,3,4,3,3,5,3,6,9,5,5,6,6,5,3,6,3,5,2,6,2,4,3,2,3,2
0,RV1502,0,32,0,0,1,0,0,1,4,4,3.0,2,3,2.0,2,2,5,5,5,2.7,2,3,2,2,5,2,3,4.0,3.0,3,2.0,4,3.0,4.0,4.0,6,5.0,4,4.0,7,2,5.0,5.0,4.0,5,4,5,2,3,3,3,2,3,5,4,2,0,4,5,6,4,5,3,4,4,5,3,7,2,3,2,2,3,1
0,SA2410,2,23,0,1,1,0,0,2,4,8,4.0,1,2,3.0,4,4,2,4,15,5.6,3,8,3,2,4,4,6,3.0,6.0,5,5.0,4,5.0,3.0,2.0,4,4.0,6,3.0,6,3,5.0,4.0,4.0,4,5,5,5,5,5,5,4,6,3,5,1,10,5,4,5,5,5,5,4,4,4,7,4,4,3,3,3,3,3
0,CJ1609,1,25,1,0,1,0,0,2,4,3,3.0,2,1,1.0,1,2,4,5,6,2.8,1,0,1,4,6,4,4,5.0,5.0,5,5.0,5,6.0,2.0,6.0,6,4.0,4,2.0,6,2,6.0,4.0,4.0,6,7,5,5,4,4,4,4,4,3,5,1,3,2,5,4,4,4,5,4,4,5,3,6,3,3,3,3,2,2
0,WP1206,0,24,1,0,0,1,0,3,3,3,2.0,4,1,3.0,2,2,4,0,6,45.0,2,3,3,5,3,2,3,1.0,2.0,4,3.0,4,4.0,4.0,5.0,2,1.0,5,3.0,5,4,4.0,4.0,4.0,2,2,2,4,4,4,4,6,3,2,3,1,5,4,3,6,5,3,2,6,2,5,3,4,6,2,2,4,3,3
0,VL2809,0,26,0,1,0,1,0,2,1,1,3.0,1,2,3.0,3,2,5,3,8,15.5,3,3,3,4,2,4,3,2.0,2.0,4,4.0,4,2.0,5.0,6.0,2,3.0,5,4.0,4,3,4.0,3.0,4.0,5,3,5,4,3,4,4,3,3,4,5,1,2,1,1,2,2,1,2,6,1,4,4,3,3,4,4,2,3,4
0,YU0808,2,33,0,0,0,1,0,2,3,7,2.0,1,4,,4,4,2,0,14,5.5,4,16,5,2,5,5,3,4.0,5.0,4,5.0,3,4.0,4.0,5.0,6,6.0,5,5.0,4,2,3.0,4.0,3.0,5,4,5,5,5,5,6,4,2,4,2,1,11,5,5,5,4,5,4,4,2,3,3,5,4,3,4,3,3,2
0,KY2204,0,32,1,0,0,0,0,1,1,5,1.0,1,1,,4,4,2,5,24,22.9,5,2,5,4,6,5,5,4.0,4.0,5,5.0,3,4.0,5.0,6.0,4,4.0,5,3.0,6,2,5.0,7.0,5.0,7,7,5,5,7,5,5,5,5,6,5,1,1,5,5,6,6,7,5,3,4,3,3,4,3,4,4,2,3,2
0,JZ1112,2,28,1,1,0,1,0,1,2,2,4.0,2,2,3.0,2,1,4,2,14,2.8,2,0,2,2,3,3,1,2.0,3.0,2,3.0,5,3.0,5.0,2.0,4,4.0,5,6.0,3,5,2.0,2.0,4.0,2,4,5,5,5,6,4,3,4,4,3,1,1,2,1,3,3,3,3,5,4,3,3,4,5,2,2,3,5,2
0,VV0502,0,23,0,1,1,0,0,2,3,1,99.0,3,2,,5,2,5,3,7,25.4,5,25,5,4,4,2,2,3.0,3.0,2,3.0,5,,3.0,5.0,3,6.0,6,3.0,5,3,4.0,6.0,4.0,6,5,5,4,6,5,4,3,3,4,3,1,0,2,2,4,4,5,2,4,3,5,3,4,3,3,3,3,2,1
0,RO0610,0,28,0,0,1,0,0,2,4,4,5.0,1,3,1.0,1,1,3,5,5,4.9,1,1,1,3,3,3,1,1.0,3.0,4,4.0,4,4.0,5.0,5.0,5,5.0,5,3.0,5,2,6.0,6.0,4.0,4,6,5,5,5,2,2,3,2,4,3,1,0,2,2,3,4,6,3,3,4,4,6,2,4,4,3,2,3,1
0,RI2812,2,26,0,1,0,0,0,1,3,2,6.0,1,2,3.0,2,2,2,4,13,7.2,4,1,3,3,4,4,3,6.0,5.0,4,,4,6.0,2.0,4.0,6,6.0,6,4.0,7,3,5.0,7.0,5.0,6,6,5,4,5,5,4,4,4,5,4,1,4,3,2,5,5,5,5,4,6,4,3,3,5,4,4,2,1,1
0,AN0107,0,30,0,1,0,1,0,1,1,5,2.0,1,2,4.0,3,3,4,5,4,6.6,4,3,4,2,5,3,4,4.0,4.0,4,4.0,3,3.0,4.0,3.0,4,4.0,3,4.0,2,4,3.0,2.0,5.0,4,4,5,3,3,5,5,3,4,3,3,1,3,3,3,4,4,4,4,3,5,3,4,3,4,4,3,2,3,4
0,HN2409,0,27,1,0,1,1,0,1,3,3,5.0,4,3,3.0,2,1,4,3,30,4.6,3,5,3,2,6,4,4,4.0,7.0,6,5.0,1,5.0,6.0,3.0,4,4.0,3,6.0,3,4,3.0,5.0,6.0,5,5,5,5,6,6,5,3,4,3,3,1,11,2,2,4,3,4,6,2,4,3,4,4,4,2,3,3,2,2
0,VM2110,2,28,0,1,0,0,0,2,3,3,99.0,2,2,3.0,3,3,3,3,28,4.8,2,2,3,4,5,3,4,5.0,5.0,5,5.0,3,5.0,4.0,4.0,2,,7,2.0,5,3,4.0,5.0,3.0,6,6,5,5,5,5,4,4,4,3,5,2,2,2,2,4,4,4,6,4,3,5,3,5,4,5,4,3,3,2
0,AP2408,0,28,1,1,0,1,0,2,1,2,4.0,2,2,2.0,2,0,5,1,10,3.4,1,4,2,2,1,3,3,3.0,2.0,2,3.0,5,2.0,4.0,4.0,5,4.0,4,5.0,6,4,6.0,4.0,4.0,4,2,7,4,5,5,5,4,3,3,3,1,0,0,0,3,1,3,2,3,7,1,2,5,4,4,3,2,2,3
0,LY1308,1,24,1,1,1,0,0,2,4,1,4.0,3,1,3.0,3,4,4,4,11,10.4,3,8,3,3,6,4,4,2.0,5.0,4,6.0,3,4.0,6.0,4.0,3,1.0,5,4.0,5,3,3.0,1.0,6.0,2,2,5,4,6,5,4,5,5,6,6,1,7,3,5,5,4,6,4,2,5,3,2,5,4,1,2,4,3,3
0,CE0205,0,23,1,0,0,1,0,1,3,2,5.0,2,1,,4,4,5,0,0,18.1,4,4,5,3,5,5,2,4.0,6.0,5,6.0,3,4.0,3.0,7.0,7,6.0,5,2.0,7,3,7.0,6.0,1.0,7,6,1,6,7,7,6,4,4,6,6,1,5,4,5,6,4,4,5,5,4,5,5,4,4,5,4,3,2,3
0,DP2410,2,27,1,1,0,0,0,2,1,4,2.0,3,1,,5,3,2,4,19,9.5,4,0,5,4,4,5,4,5.0,5.0,5,5.0,3,5.0,5.0,3.0,3,3.0,2,4.0,2,6,4.0,3.0,5.0,3,4,5,6,4,5,4,7,4,6,6,1,2,1,4,6,3,3,5,3,6,4,4,3,5,4,4,5,4,4
0,NW0402,2,27,0,0,1,0,0,3,3,2,1.0,2,3,3.0,3,1,5,4,10,6.6,4,11,3,3,4,3,5,2.0,4.0,4,4.0,3,3.0,3.0,5.0,5,5.0,6,3.0,6,3,7.0,6.0,5.0,6,6,5,5,4,6,6,3,6,4,5,1,3,4,1,4,3,3,4,3,4,4,3,3,3,3,3,3,4,3
0,SX2408,2,29,0,0,1,1,0,2,4,3,99.0,2,4,3.0,3,3,5,4,2,7.9,2,3,2,4,7,5,6,7.0,5.0,7,7.0,3,5.0,1.0,7.0,6,6.0,7,1.0,7,1,6.0,7.0,4.0,6,4,5,7,6,6,6,6,4,4,6,1,6,4,5,3,5,5,7,6,4,3,6,1,5,3,2,3,4,3
0,RM2308,1,32,0,1,0,0,0,2,2,4,1.0,2,2,1.0,1,1,2,2,1,4.1,1,1,1,2,5,3,5,5.0,4.0,4,2.0,4,5.0,2.0,5.0,6,4.0,4,3.0,5,2,4.0,5.0,6.0,6,3,5,4,5,3,3,4,4,5,5,5,0,1,0,4,3,2,4,4,3,5,4,5,4,3,3,2,1,1
0,AG2010,2,24,0,1,1,0,0,2,3,1,3.0,1,2,2.0,1,0,4,2,9,3.4,1,5,1,3,4,4,3,5.0,3.0,3,4.0,4,5.0,2.0,5.0,7,5.0,4,3.0,3,2,5.0,6.0,2.0,5,6,1,6,6,5,3,5,4,5,4,1,1,1,0,4,3,4,5,5,5,4,4,5,4,4,3,2,3,3
0,RZ0612,2,27,1,0,1,0,0,2,3,7,2.0,3,1,3.0,2,1,5,4,29,7.3,3,5,3,2,5,4,3,4.0,4.0,6,4.0,2,5.0,5.0,3.0,5,3.0,2,7.0,5,4,3.0,3.0,6.0,3,5,5,4,5,6,5,6,5,3,5,1,10,2,4,5,2,2,4,4,5,4,5,3,5,2,4,4,4,2
0,RX1606,0,31,1,0,0,0,0,1,2,1,4.0,2,1,2.0,3,3,4,5,1,2.4,2,2,2,1,5,5,6,6.0,5.0,6,5.0,3,6.0,2.0,5.0,5,5.0,5,4.0,6,4,5.0,5.0,4.0,6,5,5,6,5,6,4,5,4,4,4,1,0,3,2,5,5,5,5,5,6,5,5,2,7,3,3,3,3,3
0,OF1811,0,30,0,1,0,0,0,2,3,1,1.0,2,2,3.0,2,4,2,0,3,9.2,2,0,3,2,5,4,5,3.0,5.0,5,6.0,4,4.0,2.0,4.0,7,3.0,5,3.0,6,2,5.0,7.0,4.0,5,3,5,5,4,5,5,3,4,5,3,1,15,5,5,5,5,7,6,5,5,3,4,4,3,3,4,3,2,4
0,ZZ1001,2,27,1,0,0,1,0,2,2,4,2.0,1,1,4.0,3,2,4,3,7,5.4,4,5,3,3,5,4,3,4.0,3.0,5,,3,3.0,3.0,4.0,4,,6,4.0,7,4,4.0,4.0,4.0,3,5,5,6,5,4,4,4,3,3,5,1,2,2,1,2,3,4,4,1,7,3,5,2,5,4,5,2,2,2
0,GL1902,1,32,0,0,1,1,0,2,3,2,4.0,3,3,1.0,2,0,5,2,0,3.0,2,3,1,4,6,4,3,,6.0,3,6.0,3,2.0,7.0,5.0,5,4.0,4,3.0,3,4,3.0,4.0,5.0,3,6,5,5,5,6,4,2,2,4,5,1,3,0,0,3,2,3,4,4,4,3,3,3,5,3,2,3,2,4
0,VO2610,0,29,1,1,0,0,0,2,3,3,2.0,2,1,1.0,1,0,1,1,12,0.9,1,0,1,2,2,1,2,3.0,1.0,2,3.0,6,2.0,3.0,3.0,3,4.0,5,4.0,5,3,4.0,2.0,4.0,5,3,5,3,2,3,4,4,5,5,3,1,1,1,1,4,2,3,3,4,5,5,3,5,3,4,4,2,3,1
0,EK0804,2,27,0,1,0,0,0,1,3,1,3.0,1,2,3.0,3,0,3,1,12,5.5,3,0,3,4,3,3,4,4.0,3.0,5,5.0,4,,4.0,7.0,3,3.0,4,3.0,4,3,5.0,4.0,6.0,5,3,5,4,3,5,4,5,7,5,5,2,2,1,0,1,1,1,4,3,6,4,2,5,2,1,2,4,3,2
0,XY2302,2,25,1,1,0,0,0,1,3,6,3.0,3,2,3.0,5,0,1,1,6,10.3,2,6,3,3,2,2,1,1.0,1.0,3,1.0,4,1.0,7.0,,4,6.0,5,4.0,5,5,4.0,4.0,4.0,4,2,5,3,3,2,5,4,6,5,5,2,3,0,0,1,1,3,1,5,4,5,4,5,2,4,3,1,3,2
0,KE0911,2,26,1,0,1,0,0,2,4,1,3.0,2,1,3.0,3,1,3,1,2,5.1,2,6,3,2,3,5,3,3.0,1.0,4,3.0,4,4.0,4.0,4.0,6,5.0,4,4.0,3,2,4.0,5.0,4.0,6,4,5,5,4,5,6,6,5,6,5,1,0,1,0,2,1,4,4,4,4,4,4,3,4,5,4,2,2,4
0,KF0603,2,28,0,1,0,0,0,3,3,2,1.0,3,2,2.0,2,1,4,2,5,3.5,2,1,2,5,3,2,3,2.0,2.0,4,4.0,2,4.0,6.0,2.0,3,3.0,5,5.0,3,4,2.0,1.0,6.0,3,4,5,5,4,5,4,3,2,3,3,1,2,1,0,3,1,4,2,4,4,5,3,7,3,4,3,4,3,3
0,LN1306,1,35,0,0,0,1,0,2,4,1,3.0,2,4,,5,0,4,3,31,18.1,5,34,5,3,4,6,3,6.0,6.0,6,5.0,2,4.0,4.0,4.0,3,3.0,3,4.0,5,3,5.0,5.0,5.0,5,4,5,5,5,5,6,4,4,3,4,2,2,2,2,3,2,2,5,2,6,3,5,5,6,4,4,2,1,1
0,MG0906,0,25,0,1,0,1,0,2,1,2,3.0,1,2,1.0,1,2,4,3,3,0.7,1,2,1,3,2,3,3,3.0,1.0,3,4.0,5,3.0,3.0,7.0,4,5.0,6,5.0,5,3,5.0,5.0,3.0,5,6,5,2,2,2,3,1,2,1,1,1,2,3,3,4,4,3,1,2,4,3,4,5,3,3,4,3,2,3
0,FP1607,2,28,1,1,0,0,0,1,2,3,4.0,1,2,2.0,2,4,1,0,19,1.6,1,8,2,2,4,4,4,3.0,7.0,5,6.0,3,5.0,1.0,5.0,7,7.0,7,1.0,6,1,6.0,7.0,1.0,7,7,5,5,6,6,5,6,5,5,4,2,13,5,5,7,6,6,6,4,3,6,3,6,3,2,1,3,3,3
0,DN2605,0,31,1,0,0,0,0,2,3,3,3.0,3,1,3.0,2,1,4,4,3,5.7,3,2,3,2,2,3,3,3.0,2.0,4,4.0,5,3.0,4.0,4.0,4,3.0,6,2.0,5,4,4.0,4.0,2.0,5,3,5,5,6,6,4,5,2,3,3,2,7,3,2,5,5,4,3,5,3,4,3,5,3,4,3,2,2,2
0,MG1803,2,31,0,0,1,1,0,2,4,5,1.0,1,3,4.0,4,0,2,1,12,5.2,3,0,3,2,3,4,3,3.0,4.0,5,3.0,3,2.0,3.0,5.0,4,3.0,4,4.0,5,1,5.0,7.0,4.0,5,5,5,7,6,3,4,4,5,5,5,1,0,2,1,4,3,3,4,2,5,2,2,4,3,3,3,2,4,4
0,XH1205,0,29,0,0,0,1,0,2,2,8,5.0,2,4,2.0,1,0,3,2,2,2.6,2,6,1,4,6,4,3,4.0,4.0,5,4.0,4,5.0,5.0,2.0,5,3.0,4,6.0,4,3,5.0,5.0,4.0,5,4,5,4,5,5,7,5,6,4,4,1,4,0,1,2,1,1,4,3,5,3,2,5,3,4,4,4,3,2
0,RA1912,2,26,1,1,1,0,0,2,3,3,1.0,2,1,3.0,2,3,3,3,7,6.4,3,4,3,4,3,3,3,2.0,2.0,4,3.0,5,2.0,3.0,4.0,6,5.0,7,4.0,7,2,5.0,7.0,4.0,5,6,5,6,6,6,6,5,5,4,3,1,2,3,4,5,5,4,3,2,7,1,2,7,2,3,3,1,2,1
0,MG2512,0,29,0,1,0,0,0,2,4,4,4.0,1,2,2.0,2,2,5,3,5,3.6,2,7,2,4,5,2,3,4.0,5.0,5,5.0,1,5.0,3.0,7.0,6,5.0,6,2.0,7,3,5.0,5.0,4.0,5,6,5,4,3,6,5,3,3,3,3,1,1,3,1,3,3,3,5,4,4,2,3,5,5,5,5,3,3,4
0,UO2503,2,33,1,0,0,0,0,1,3,4,3.0,1,1,3.0,2,4,5,3,7,2.2,3,1,2,3,6,3,5,4.0,4.0,5,5.0,3,5.0,5.0,3.0,2,1.0,3,4.0,5,5,4.0,3.0,5.0,4,4,6,5,6,6,6,7,5,4,5,2,0,3,2,3,3,5,5,1,6,2,3,5,3,3,3,5,4,5
0,UX1309,2,27,1,1,0,0,0,1,3,3,3.0,2,2,4.0,4,2,2,3,6,3.5,3,4,4,5,5,4,5,2.0,4.0,4,4.0,7,4.0,5.0,6.0,4,4.0,5,3.0,5,1,6.0,5.0,3.0,4,5,5,5,5,6,4,3,3,4,3,1,12,1,2,4,3,5,2,5,2,5,4,3,5,4,4,5,3,4
0,NN2004,2,26,0,1,1,0,0,1,3,3,2.0,1,2,4.0,3,3,2,3,27,4.4,3,2,3,4,4,2,3,2.0,4.0,5,3.0,5,3.0,4.0,5.0,5,5.0,3,3.0,5,1,5.0,4.0,4.0,6,5,5,6,6,5,5,5,7,4,6,1,1,3,2,5,3,4,3,4,5,3,3,5,4,5,5,4,5,3
0,KS1712,0,26,0,1,0,0,0,2,3,2,1.0,3,2,3.0,3,1,5,1,20,3.7,2,3,2,4,5,5,4,4.0,4.0,4,4.0,4,3.0,2.0,6.0,5,5.0,5,4.0,6,3,7.0,4.0,2.0,5,4,5,4,4,2,3,4,4,6,3,1,0,0,1,2,3,3,4,3,7,3,1,7,2,4,2,3,3,2
0,PQ2201,0,26,1,1,1,0,0,1,3,1,2.0,1,2,4.0,4,3,3,5,4,5.2,5,4,4,5,4,4,2,4.0,3.0,3,4.0,5,2.0,4.0,4.0,4,3.0,3,4.0,5,3,7.0,5.0,5.0,4,4,5,5,4,6,4,3,3,4,3,1,1,3,2,1,4,4,4,6,4,3,5,4,4,3,2,4,3,4
0,QD0301,2,29,1,1,1,0,0,2,4,3,1.0,3,3,,5,1,3,3,17,13.8,5,14,5,3,4,6,3,4.0,3.0,5,5.0,3,3.0,1.0,6.0,7,7.0,7,4.0,7,2,5.0,7.0,3.0,7,6,5,4,4,4,3,4,4,5,5,1,2,2,2,4,5,6,4,3,5,3,2,3,4,2,2,3,3,5
0,OW0106,2,26,1,1,0,0,0,3,3,3,,1,2,3.0,4,2,4,4,4,4.6,3,2,3,3,6,4,5,4.0,4.0,5,5.0,4,3.0,4.0,5.0,7,3.0,4,3.0,5,3,6.0,6.0,4.0,6,7,5,7,7,5,6,2,3,2,2,1,1,1,1,4,5,3,5,5,2,5,3,3,5,2,2,3,2,3
0,UY0810,1,30,0,1,0,0,0,2,2,2,1.0,1,2,2.0,1,2,1,5,2,4.6,3,11,2,4,3,6,3,2.0,5.0,5,6.0,4,5.0,5.0,5.0,5,5.0,7,2.0,7,2,5.0,6.0,2.0,5,7,3,3,5,5,4,3,4,4,2,2,4,4,3,5,3,4,5,5,5,4,4,5,4,3,3,3,3,1
0,CF0809,2,31,1,0,0,0,0,2,3,1,2.0,4,5,2.0,1,0,1,2,1,5.6,2,4,1,4,5,3,4,3.0,,3,3.0,4,3.0,3.0,3.0,3,4.0,2,4.0,5,3,4.0,5.0,,5,4,5,4,4,5,4,5,6,6,6,1,0,2,0,3,3,4,3,4,6,3,5,3,4,3,3,3,4,1
0,EN1003,2,28,0,0,1,0,0,1,3,3,2.0,2,3,4.0,3,3,4,5,25,2.3,4,0,3,2,4,3,2,4.0,4.0,4,4.0,4,3.0,4.0,5.0,6,5.0,6,3.0,6,2,4.0,3.0,4.0,4,5,5,4,5,5,5,3,2,3,4,2,2,2,5,4,4,4,4,6,2,5,3,6,3,4,3,3,3,3
0,SY2103,1,31,1,1,0,0,0,2,3,7,1.0,2,1,,5,4,2,0,39,14.8,3,14,4,3,4,3,3,3.0,3.0,2,3.0,4,4.0,5.0,3.0,4,2.0,4,5.0,3,5,3.0,3.0,5.0,5,5,5,5,6,5,7,4,4,4,4,1,16,5,5,6,6,7,4,1,5,3,3,5,5,3,2,3,1,2
0,MY1411,0,24,1,0,0,0,0,2,2,2,2.0,3,1,4.0,4,2,5,1,39,8.3,3,10,4,4,3,1,3,2.0,2.0,4,2.0,3,3.0,5.0,,4,3.0,2,5.0,5,4,3.0,3.0,4.0,4,5,5,5,6,5,5,5,1,3,5,1,3,1,1,4,4,3,4,3,5,2,4,3,3,3,2,4,3,3
0,BD2611,0,26,0,0,1,0,0,1,3,3,4.0,2,3,4.0,4,1,3,5,14,3.3,5,7,3,3,4,6,4,3.0,3.0,5,4.0,4,4.0,3.0,7.0,6,4.0,6,6.0,7,5,,6.0,4.0,5,4,5,4,4,4,4,6,5,5,5,1,3,1,2,3,3,3,4,3,5,4,5,2,5,2,3,3,3,2
0,YH0910,1,24,1,0,0,1,0,1,3,4,6.0,2,1,1.0,1,2,2,3,2,1.5,1,2,1,5,4,5,5,5.0,5.0,6,6.0,2,6.0,3.0,6.0,5,7.0,5,2.0,4,1,7.0,5.0,2.0,6,6,5,4,6,5,3,7,6,6,7,2,0,2,4,2,3,4,7,2,5,4,4,5,5,4,3,4,2,4
0,QS1211,0,24,1,1,0,1,0,2,3,3,2.0,2,1,3.0,2,4,3,0,2,4.7,3,10,3,2,4,3,4,2.0,3.0,5,5.0,3,3.0,3.0,2.0,5,5.0,4,5.0,5,2,5.0,4.0,4.0,4,4,5,3,4,4,4,4,4,4,6,2,6,5,5,5,6,5,4,5,4,6,2,5,3,3,3,3,5,3
0,SY0105,1,28,0,1,1,0,0,1,2,1,3.0,1,2,4.0,4,1,2,2,10,6.8,4,1,4,2,3,4,5,3.0,2.0,4,3.0,2,3.0,4.0,5.0,5,3.0,4,3.0,6,4,4.0,5.0,5.0,4,5,5,4,5,5,6,6,3,5,5,1,8,1,1,3,3,4,3,2,7,2,2,6,2,4,4,3,4,2
0,NS1904,2,24,0,0,1,1,0,1,3,1,2.0,1,4,2.0,1,1,5,3,16,4.3,1,5,2,4,2,4,2,2.0,4.0,5,6.0,4,3.0,5.0,5.0,4,5.0,5,3.0,5,4,5.0,7.0,5.0,3,4,5,4,5,5,5,6,5,5,5,1,3,2,1,3,5,3,5,5,5,3,2,5,2,2,3,5,3,4
0,IS0202,2,25,1,0,1,0,0,2,3,3,2.0,2,1,2.0,2,1,4,5,8,2.4,2,6,2,4,4,3,3,4.0,3.0,5,5.0,2,4.0,2.0,4.0,6,4.0,5,5.0,4,2,4.0,5.0,3.0,4,7,5,5,5,3,6,3,4,6,5,2,1,3,2,4,4,2,4,5,1,5,4,4,3,3,2,3,4,3
0,NR1201,2,26,1,0,0,0,0,2,3,3,5.0,1,1,2.0,2,1,5,2,4,2.2,2,1,2,4,3,2,5,3.0,4.0,4,4.0,5,3.0,6.0,4.0,2,2.0,4,3.0,3,2,5.0,3.0,4.0,4,3,5,6,5,5,5,3,5,3,5,1,4,2,1,1,2,6,2,4,6,4,4,6,2,3,3,3,4,3
0,XV2605,2,23,1,0,0,0,0,2,2,3,2.0,2,1,2.0,2,0,3,3,1,3.2,1,1,1,1,4,3,3,3.0,4.0,6,4.0,4,4.0,,6.0,4,6.0,4,3.0,7,2,4.0,,5.0,4,2,5,4,2,3,4,4,5,5,5,1,0,1,0,2,2,2,4,1,5,3,3,4,4,4,3,2,3,3
0,IL2009,0,30,0,0,1,1,0,1,3,3,2.0,2,3,3.0,3,1,4,4,11,3.7,2,8,3,4,3,4,2,3.0,5.0,5,5.0,2,4.0,4.0,5.0,5,4.0,5,4.0,4,4,4.0,4.0,5.0,5,3,5,4,3,4,3,4,4,7,5,1,1,1,3,2,2,4,4,5,4,6,4,5,4,3,4,5,4,5
0,XL1802,0,27,1,1,0,0,0,2,3,4,3.0,1,2,2.0,1,1,2,2,15,1.6,1,1,2,3,3,3,5,2.0,4.0,4,5.0,6,2.0,5.0,4.0,4,4.0,4,6.0,3,5,3.0,4.0,6.0,4,5,5,5,4,5,5,2,3,3,4,2,0,1,2,4,3,4,3,4,6,3,2,5,2,3,3,2,3,2
0,NA1308,2,25,1,0,0,0,0,2,3,3,,1,5,2.0,2,1,3,2,5,6.2,1,2,2,3,5,3,3,4.0,4.0,6,5.0,3,4.0,3.0,4.0,3,5.0,4,4.0,6,3,5.0,5.0,5.0,6,3,2,4,6,5,4,5,5,5,6,1,2,2,0,3,2,3,4,4,4,6,5,6,5,3,3,3,3,3
0,EN2309,1,33,0,1,0,0,0,2,3,4,4.0,3,2,3.0,2,0,2,2,5,6.1,2,4,3,1,5,5,3,3.0,3.0,4,,3,1.0,2.0,,7,4.0,5,,6,1,5.0,4.0,3.0,4,6,5,3,4,3,4,3,4,3,3,1,4,1,1,3,3,3,4,1,4,2,4,5,4,3,3,1,1,1
0,QQ2801,2,29,1,0,0,0,0,2,3,2,3.0,3,1,,4,3,2,5,15,13.6,4,5,5,2,2,3,2,3.0,2.0,3,4.0,6,3.0,2.0,5.0,5,5.0,6,3.0,5,2,7.0,6.0,3.0,5,6,5,6,5,5,5,6,4,5,5,1,2,2,3,3,4,3,3,4,2,5,4,4,3,2,3,2,2,3
0,YW1908,2,26,0,1,0,0,0,2,3,3,1.0,1,2,,5,3,2,4,26,6.1,4,4,4,1,2,3,4,3.0,3.0,3,4.0,3,2.0,4.0,4.0,5,4.0,4,3.0,3,5,3.0,4.0,5.0,4,2,5,1,4,3,3,5,4,2,4,1,2,2,4,2,3,4,3,4,4,2,3,5,2,4,4,2,2,1
0,TO2106,0,24,1,0,0,0,0,1,3,8,2.0,2,5,1.0,1,0,5,1,8,0.7,1,4,1,3,2,2,2,3.0,4.0,5,2.0,4,3.0,5.0,3.0,3,4.0,3,6.0,4,4,4.0,5.0,7.0,3,2,5,5,5,4,4,3,3,2,4,2,3,0,0,1,1,3,3,4,7,3,4,5,4,5,4,3,3,3
0,LW2708,0,31,1,0,1,0,0,2,3,3,1.0,1,1,4.0,4,3,3,3,11,13.1,4,10,3,2,4,2,4,4.0,3.0,4,4.0,5,6.0,3.0,3.0,6,4.0,4,4.0,5,3,5.0,3.0,5.0,3,4,5,3,4,4,5,5,4,6,5,2,1,1,2,4,3,4,4,4,5,4,2,7,2,4,2,5,4,4
0,NU0410,1,29,0,0,1,0,0,2,3,8,2.0,3,3,3.0,4,1,3,5,17,4.7,2,1,3,3,4,3,3,4.0,1.0,4,4.0,5,4.0,3.0,5.0,5,4.0,6,4.0,5,3,3.0,6.0,6.0,4,5,5,5,4,4,5,3,3,2,3,1,9,3,4,4,5,4,3,6,2,5,4,4,4,2,2,3,2,3
0,HI0704,0,30,0,1,1,0,0,3,4,5,1.0,3,2,2.0,2,0,5,1,5,8.1,2,4,2,2,4,4,4,3.0,4.0,5,5.0,3,4.0,7.0,3.0,4,3.0,4,5.0,6,4,4.0,4.0,,4,3,5,3,4,5,2,3,2,3,3,1,1,0,0,4,2,2,5,1,6,2,3,4,5,4,3,5,4,3
0,WW0606,0,32,1,0,0,0,0,2,2,1,2.0,1,1,3.0,4,2,2,3,5,2.9,3,0,3,5,6,4,5,6.0,4.0,6,5.0,5,5.0,3.0,6.0,6,6.0,6,2.0,6,4,4.0,3.0,4.0,5,7,5,5,3,5,4,6,4,5,5,1,2,3,4,5,4,4,5,1,7,1,3,4,4,5,4,3,2,1
0,CA2501,0,34,1,1,1,0,0,2,1,2,3.0,1,2,2.0,2,4,4,5,3,1.3,2,2,1,3,6,4,5,3.0,5.0,4,6.0,4,3.0,1.0,7.0,6,3.0,7,4.0,4,3,6.0,6.0,3.0,6,5,5,3,4,5,4,3,4,4,3,2,2,4,4,4,4,5,5,6,4,5,2,5,2,3,4,2,2,2
0,BJ1608,1,29,1,0,1,0,0,2,3,4,1.0,1,1,1.0,1,0,4,1,5,1.5,1,2,1,2,4,3,4,2.0,4.0,4,3.0,4,5.0,3.0,6.0,4,3.0,5,4.0,3,4,6.0,4.0,4.0,4,3,5,2,2,3,2,3,3,5,4,1,1,0,0,2,1,2,4,4,3,4,4,4,4,2,2,3,2,1
0,MI2208,2,24,0,1,0,0,0,2,3,1,4.0,4,2,3.0,4,2,4,0,4,3.1,4,3,3,2,4,2,4,4.0,2.0,4,2.0,4,3.0,3.0,4.0,3,4.0,5,6.0,2,1,4.0,3.0,5.0,4,3,5,4,4,3,4,4,3,3,4,1,2,4,5,5,4,6,3,5,2,6,5,5,3,2,2,2,3,2
0,WH0406,1,26,0,1,0,0,0,2,4,5,4.0,3,2,4.0,5,2,2,4,4,7.0,4,1,4,2,4,5,4,3.0,3.0,2,6.0,3,5.0,5.0,4.0,6,4.0,4,5.0,5,3,6.0,4.0,6.0,4,6,5,5,6,6,5,5,6,5,5,2,3,2,3,4,2,2,4,4,4,5,2,4,4,4,5,3,3,3
0,DP3112,2,22,1,0,0,0,0,3,2,5,2.0,1,1,1.0,2,0,1,1,1,1020.0,2,1,3,3,7,4,4,1.0,4.0,1,5.0,1,7.0,1.0,7.0,4,5.0,5,6.0,7,1,7.0,7.0,4.0,5,6,5,3,3,7,7,3,6,5,5,1,1,5,2,7,5,7,7,7,4,7,6,1,5,4,4,4,3,3
1,XT2110,1,25,0,1,0,0,0,1,3,3,4.0,2,2,1.0,1,1,2,2,2,1.0,2,2,2,2,6,6,5,5.0,6.0,7,5.0,2,6.0,3.0,5.0,5,4.0,5,3.0,5,3,6.0,5.0,3.0,5,5,5,5,5,6,6,6,5,5,6,1,1,3,1,5,4,5,6,6,3,5,3,5,5,3,3,3,4,3
1,MĐ2405,2,23,0,1,0,0,0,1,3,8,2.0,2,2,1.0,1,1,4,2,5,1.0,2,4,2,3,4,3,2,2.0,2.0,1,3.0,5,2.0,5.0,5.0,6,2.0,3,5.0,6,4,6.0,6.0,5.0,2,2,5,2,3,3,4,5,3,2,3,1,0,0,0,2,2,1,2,1,6,2,4,4,2,3,4,2,2,2
1,TN0404,2,22,1,1,0,0,0,2,1,2,2.0,1,1,2.0,2,1,4,4,12,1.0,2,4,3,2,2,2,2,2.0,2.0,3,4.0,4,4.0,4.0,5.0,5,3.0,3,5.0,4,5,5.0,5.0,6.0,3,4,5,6,5,3,3,5,4,4,5,1,2,2,2,2,2,2,3,4,4,4,5,3,4,3,3,2,2,2
1,PL0507,2,26,1,1,0,0,0,2,3,4,3.0,1,1,1.0,1,2,4,2,23,20.0,1,5,3,1,3,3,4,3.0,2.0,2,3.0,3,2.0,3.0,3.0,3,2.0,2,6.0,4,4,4.0,5.0,5.0,4,4,5,4,4,4,4,4,4,3,5,1,3,0,0,1,1,1,1,3,2,6,2,4,3,2,3,1,1,1
1,PH0412,2,20,1,1,0,0,0,1,3,2,2.0,2,2,2.0,2,2,5,4,10,2.0,2,4,3,1,7,7,4,5.0,4.0,7,7.0,7,7.0,4.0,4.0,5,3.0,2,7.0,7,4,7.0,5.0,4.0,5,4,5,7,5,7,7,7,6,7,7,1,2,3,3,4,5,6,5,4,7,5,7,1,7,4,3,5,5,5
1,123789,2,20,1,1,0,0,0,2,1,2,1.0,1,1,1.0,3,2,2,4,5,45.0,3,8,3,4,5,4,6,4.0,3.0,5,5.0,3,5.0,3.0,3.0,5,2.0,2,4.0,6,3,6.0,6.0,3.0,4,5,5,5,5,3,5,4,5,6,4,1,4,3,4,4,5,4,4,3,7,5,5,2,3,3,4,5,5,4
1,1410,0,22,1,1,0,0,0,1,3,1,1.0,2,1,2.0,2,0,4,2,10,2.0,2,10,4,3,5,2,3,2.0,2.0,2,4.0,6,2.0,6.0,5.0,6,3.0,4,6.0,6,6,6.0,7.0,7.0,4,6,5,7,5,7,7,7,3,6,7,1,0,0,2,2,4,6,4,7,2,7,7,2,7,4,2,5,5,5
1,2209,0,22,1,1,0,1,0,2,2,2,2.0,1,1,3.0,3,1,2,4,10,7.0,3,4,3,4,3,4,5,5.0,5.0,5,5.0,6,5.0,5.0,4.0,4,3.0,5,6.0,6,5,4.0,4.0,4.0,5,4,5,5,4,4,4,4,5,4,5,5,5,2,2,4,4,5,5,5,5,4,5,5,4,4,3,4,4,4
1,0905,2,22,1,1,0,0,0,2,2,2,1.0,1,1,2.0,1,1,1,2,510,20.0,5,khoảng 5 đến 6 người,4,4,2,2,2,2.0,2.0,4,4.0,5,2.0,5.0,7.0,7,5.0,6,3.0,7,4,7.0,5.0,3.0,6,3,5,7,7,5,5,7,5,2,4,1,1,1,1,2,3,2,2,2,7,4,5,3,7,3,3,1,1,1
1,TT1211,2,21,1,1,0,0,0,2,3,2,1.0,1,2,1.0,3,1,5,2,20,24.0,5,5,4,3,5,4,3,1.0,1.0,6,4.0,5,4.0,5.0,5.0,4,1.0,4,5.0,6,3,5.0,6.0,6.0,5,4,5,6,6,6,6,6,6,5,6,1,2,2,1,5,3,5,3,4,3,5,5,4,4,4,3,2,3,3
1,HT2004,2,22,1,1,0,0,0,2,1,2,1.0,1,1,1.0,2,1,2,1,7,1.0,2,10,2,3,2,3,2,2.0,2.0,5,4.0,4,6.0,4.0,5.0,5,4.0,6,4.0,6,3,6.0,6.0,4.0,4,3,5,5,5,5,6,5,4,4,3,1,0,0,0,1,1,1,2,2,6,4,1,7,2,2,2,3,2,2
1,BH3108,2,22,1,0,0,0,0,1,3,2,1.0,1,1,1.0,1,0,1,0,2,510.0,1,2,1,3,1,1,1,1.0,1.0,4,1.0,7,4.0,6.0,4.0,2,4.0,1,4.0,2,4,4.0,5.0,5.0,4,2,5,4,4,6,7,5,7,7,7,1,0,0,0,2,2,5,2,5,4,6,4,4,2,4,3,3,3,3
1,NM1901,1,24,1,0,0,0,0,2,3,2,1.0,1,1,1.0,2,1,4,2,5,30.0,2,3,4,2,2,2,2,2.0,2.0,5,2.0,7,2.0,6.0,2.0,5,3.0,3,6.0,4,6,3.0,3.0,5.0,3,2,5,5,5,7,7,5,3,6,6,1,1,1,1,3,1,1,3,6,4,5,5,3,6,5,4,4,4,4
1,NH271,0,23,1,1,1,0,0,2,3,4,4.0,1,3,3.0,3,2,4,4,3,3.0,4,3,2,2,4,5,6,4.0,4.0,4,5.0,4,5.0,4.0,3.0,4,3.0,3,3.0,3,3,5.0,4.0,6.0,6,6,7,5,6,5,6,6,6,4,6,6,3,1,2,3,5,5,5,5,4,4,3,5,5,3,4,4,4,3
1,PG227,2,20,1,1,0,0,0,2,3,1,1.0,1,1,2.0,2,2,5,2,8,2.0,3,5,2,2,6,5,3,3.0,3.0,5,4.0,3,3.0,4.0,5.0,5,5.0,5,3.0,4,2,7.0,7.0,4.0,4,5,5,5,5,4,5,4,3,3,3,1,3,2,1,3,4,4,4,2,4,5,2,4,2,3,2,2,2,2
1,TK1905,1,19,1,1,0,0,0,2,3,1,99.0,1,1,1.0,2,3,5,3,5,9.0,3,6,3,1,4,3,1,1.0,1.0,4,3.0,4,4.0,3.0,3.0,2,1.0,2,6.0,7,6,4.0,4.0,6.0,6,5,5,5,5,2,4,5,5,4,5,1,8,2,4,3,4,1,2,3,5,5,3,4,3,5,4,4,4,1
1,TP1306,0,19,1,1,0,0,0,1,1,2,1.0,1,2,2.0,2,3,5,2,10,2.0,2,7,3,3,4,5,3,3.0,5.0,4,6.0,3,6.0,4.0,7.0,7,4.0,2,7.0,7,5,6.0,6.0,7.0,7,5,4,5,7,5,4,6,6,5,5,6,2,3,1,5,5,4,5,5,5,5,3,7,7,3,4,2,3,5
1,HV2112,2,25,1,1,0,0,0,1,1,2,1.0,2,1,1.0,1,1,4,2,10,1.0,2,3,4,3,7,1,1,1.0,1.0,6,7.0,7,6.0,3.0,6.0,4,4.0,1,7.0,7,4,6.0,7.0,6.0,5,2,5,5,7,1,7,4,6,1,6,1,3,3,2,1,7,1,2,3,6,2,1,7,1,3,2,4,5,5
1,YD0511,0,18,1,1,0,0,0,2,1,5,99.0,1,1,1.0,1,1,5,1,5,1.0,2,3,2,3,5,5,3,2.0,2.0,6,5.0,4,4.0,6.0,2.0,4,3.0,3,4.0,4,6,6.0,6.0,4.0,4,4,5,6,6,6,6,6,6,6,6,1,2,1,1,6,4,5,4,5,3,6,4,4,4,3,2,3,3,3
1,KS1811,1,19,1,1,1,0,0,2,2,2,2.0,1,1,2.0,1,0,5,0,10,1.0,1,10,4,3,5,3,2,2.0,2.0,5,5.0,6,2.0,3.0,5.0,3,2.0,5,3.0,5,3,3.0,5.0,5.0,5,3,5,5,5,5,5,5,5,5,5,1,0,0,0,1,1,1,3,6,3,5,3,5,5,4,4,2,2,2
1,CA0402,1,25,1,1,0,0,0,2,3,3,4.0,2,2,2.0,2,1,2,3,6,2.0,2,5,2,3,5,2,2,2.0,2.0,2,2.0,6,2.0,2.0,5.0,4,3.0,3,6.0,7,3,5.0,6.0,4.0,5,5,5,5,5,4,6,6,6,6,6,6,1,2,2,3,4,4,4,3,6,5,2,6,4,4,4,3,3,4
1,HL0509,0,20,1,1,0,0,0,2,1,2,1.0,1,1,2.0,3,1,5,2,1520,45.0,2,15-20,4,3,3,2,1,2.0,2.0,4,1.0,6,4.0,6.0,4.0,5,3.0,4,5.0,6,3,5.0,6.0,4.0,4,2,5,6,6,5,4,6,3,1,2,1,0,0,0,1,1,1,2,4,6,3,2,6,4,3,4,3,3,3
1,HP1208,0,18,1,1,0,0,0,2,1,2,1.0,1,2,4.0,3,2,5,3,20,3.0,1,1,2,1,2,2,2,2.0,2.0,5,4.0,7,2.0,4.0,5.0,3,3.0,5,4.0,5,4,5.0,5.0,5.0,4,4,5,5,5,5,5,5,3,4,4,1,2,1,1,2,2,2,4,4,4,3,2,6,2,3,4,2,2,2
1,HA136,2,23,1,1,0,0,0,2,3,7,2.0,1,2,1.0,2,1,3,2,1,2.0,3,4,2,1,3,1,2,1.0,2.0,5,3.0,6,5.0,4.0,5.0,6,5.0,5,6.0,7,4,6.0,7.0,4.0,5,2,5,2,4,5,3,5,6,4,6,1,2,4,2,2,3,2,1,4,6,5,7,4,4,3,4,1,2,1
1,XR2507,2,19,1,1,0,0,0,2,1,1,99.0,1,2,1.0,1,4,5,2,100,1.0,3,10,4,3,7,7,5,4.0,4.0,7,4.0,5,3.0,1.0,4.0,4,4.0,4,6.0,7,5,5.0,5.0,5.0,4,4,5,6,6,6,6,4,4,5,5,1,10,2,4,4,4,4,3,1,7,4,3,6,3,3,3,3,3,4
1,HT0211,2,18,1,1,0,0,0,2,1,2,1.0,1,1,2.0,4,2,5,3,30,2.0,3,5,3,2,2,2,1,1.0,1.0,5,3.0,3,6.0,4.0,6.0,5,5.0,2,6.0,7,2,6.0,6.0,4.0,5,2,5,5,5,6,6,7,4,5,5,1,2,1,1,3,3,2,2,3,3,3,2,5,3,3,3,1,1,1
1,VH2305,0,22,1,1,0,0,0,2,3,1,1.0,1,1,2.0,2,1,4,2,10,1.0,2,10,3,3,2,2,2,1.0,1.0,5,3.0,3,5.0,3.0,3.0,6,2.0,4,7.0,6,2,6.0,6.0,4.0,3,4,5,5,6,6,5,6,4,2,4,1,0,0,0,1,1,1,1,3,6,4,5,3,4,4,4,1,1,1
1,BH2005,2,23,1,1,0,0,0,1,3,2,1.0,1,2,2.0,2,2,3,2,2,1.0,4,3,2,2,6,5,5,6.0,5.0,4,3.0,5,3.0,6.0,4.0,6,2.0,4,3.0,4,3,5.0,3.0,5.0,3,5,3,5,4,6,4,6,3,6,5,4,1,1,1,3,5,6,4,5,4,6,4,6,4,5,3,4,3,4
1,KP2997,2,22,0,1,0,0,0,2,3,1,1.0,1,1,2.0,1,1,3,3,4,2.0,3,3,3,3,3,2,2,2.0,2.0,4,2.0,2,2.0,4.0,4.0,5,5.0,5,7.0,5,3,5.0,4.0,5.0,4,5,5,4,5,5,4,3,3,4,4,4,2,1,0,2,2,2,3,2,2,2,6,5,2,3,3,2,3,4
1,LL2408,0,21,1,1,0,0,0,2,3,2,2.0,1,1,2.0,2,1,2,2,3,1.0,2,2,3,2,6,3,2,1.0,2.0,2,2.0,6,2.0,4.0,3.0,6,5.0,5,5.0,6,6,6.0,4.0,6.0,3,5,5,4,5,5,6,6,6,6,6,5,0,0,0,1,1,3,1,5,5,5,2,3,3,3,2,4,4,4
1,LT2710,2,22,1,0,0,0,0,1,1,2,4.0,1,1,2.0,4,3,4,5,10,3.0,5,10,4,4,5,4,5,3.0,2.0,5,3.0,7,6.0,6.0,6.0,1,1.0,7,1.0,1,6,2.0,5.0,5.0,6,6,5,5,5,6,7,6,5,5,7,7,5,2,5,4,4,3,3,7,1,7,6,5,5,5,3,2,2,3
1,HN143,1,22,1,0,0,0,0,2,3,2,2.0,1,1,2.0,3,2,3,3,5,2.0,5,5,3,1,7,7,7,7.0,7.0,7,7.0,7,7.0,7.0,7.0,7,7.0,7,7.0,7,7,7.0,7.0,7.0,7,7,7,7,7,7,7,7,7,7,7,7,3,3,3,7,7,7,7,7,7,7,7,7,7,5,5,5,5,5
1,TV3003,1,21,1,1,0,0,0,2,3,1,4.0,1,2,3.0,2,2,1,3,10,10.0,2,2,2,2,4,5,5,4.0,3.0,5,3.0,2,1.0,2.0,2.0,3,5.0,2,3.0,4,2,2.0,1.0,2.0,4,5,4,3,2,3,2,3,2,4,5,4,3,1,2,3,2,2,3,3,4,2,3,4,3,3,2,3,4,2
1,TS1912,2,22,0,1,1,0,0,1,1,1,1.0,2,1,2.0,1,1,2,3,1,1.0,4,2,2,1,6,4,4,3.0,3.0,3,2.0,6,2.0,6.0,3.0,3,2.0,2,6.0,3,6,3.0,4.0,6.0,6,6,5,5,4,5,5,4,6,5,5,1,0,0,0,1,1,1,2,5,4,6,3,6,2,4,3,1,1,1
1,NN1905,2,22,1,1,0,0,0,2,3,2,2.0,1,2,2.0,2,2,2,3,16,9.0,2,3,3,2,4,4,5,6.0,3.0,4,6.0,5,5.0,4.0,5.0,5,4.0,4,4.0,6,6,6.0,6.0,6.0,6,4,5,4,5,6,5,4,4,5,4,3,12,2,2,5,4,5,5,5,5,5,5,6,6,3,4,4,4,4
1,VQ1504,0,22,1,1,0,0,0,2,3,2,1.0,1,1,1.0,1,1,2,1,3,1.0,3,3,2,4,5,5,6,5.0,5.0,6,5.0,3,5.0,3.0,5.0,6,6.0,7,4.0,7,2,7.0,7.0,3.0,5,5,5,5,6,7,6,5,5,5,6,1,2,3,1,5,6,7,5,1,7,4,1,7,1,2,1,3,3,4
1,qwe,0,21,1,1,1,0,0,2,1,2,2.0,2,2,1.0,2,2,3,4,2,7.4,1,3,2,2,4,4,4,4.0,4.0,4,4.0,4,4.0,4.0,4.0,4,4.0,4,4.0,4,4,4.0,4.0,4.0,4,4,1,4,4,4,4,4,4,4,4,6,0,3,2,4,4,4,1,4,4,4,4,4,4,2,3,4,5,3
1,0,0,18,0,1,0,0,0,2,3,1,1.0,1,2,4.0,4,1,3,5,17,30.1,4,7,5,2,4,3,2,2.0,2.0,3,3.0,3,4.0,3.0,6.0,3,5.0,5,5.0,5,4,4.0,4.0,2.0,4,2,5,5,5,5,6,5,5,5,7,1,5,2,2,2,2,2,3,2,7,3,2,4,2,5,2,3,2,2
1,hihihi,0,20,0,1,0,0,0,2,3,4,1.0,1,2,1.0,1,2,2,3,7,1.9,1,5,1,4,3,4,1,5.0,5.0,5,3.0,4,5.0,5.0,3.0,7,4.0,5,5.0,5,2,4.0,5.0,3.0,4,7,3,7,3,6,5,3,7,4,6,1,2,3,3,3,2,3,3,2,7,2,4,4,3,2,1,3,5,4
1,nhanh,0,20,1,0,1,1,0,1,3,2,1.0,1,3,3.0,3,2,5,5,3,7.4,4,14,3,5,5,5,6,4.0,1.0,7,7.0,6,5.0,2.0,5.0,4,1.0,6,5.0,4,3,5.0,6.0,2.0,3,4,6,5,5,5,5,4,4,4,4,4,1,4,4,4,4,6,1,4,7,2,4,2,4,3,4,3,2,1
1,xonggg,0,19,1,0,0,0,0,2,3,1,2.0,1,1,2.0,3,3,4,3,21,3.4,2,2,3,1,3,7,5,3.0,5.0,5,4.0,7,5.0,1.0,6.0,5,6.0,5,3.0,5,3,4.0,4.0,5.0,5,5,5,4,5,4,3,3,3,4,6,5,0,0,1,5,2,4,4,3,7,3,4,3,3,5,3,3,4,3
1,mmmmm,0,19,1,0,0,1,0,1,3,4,2.0,2,1,2.0,1,2,2,2,7,1.4,1,1,1,2,5,4,3,4.0,3.0,4,3.0,6,6.0,4.0,4.0,5,5.0,3,4.0,6,2,6.0,5.0,1.0,4,4,7,3,2,4,3,3,3,5,6,6,0,1,3,2,4,4,4,4,7,3,7,4,6,3,4,1,3,4
1,luot123,0,20,1,1,0,0,0,2,3,2,1.0,3,1,1.0,1,0,3,2,5,1.6,1,2,1,4,4,4,4,4.0,4.0,4,4.0,4,4.0,4.0,4.0,4,4.0,4,4.0,4,4,4.0,4.0,4.0,4,4,5,4,4,4,4,4,4,4,4,2,4,0,0,4,4,4,1,4,4,4,4,4,4,3,4,3,3,2
1,qqqqq,0,19,1,0,0,0,0,2,3,1,2.0,2,1,1.0,2,0,4,1,13,1.9,1,1,2,1,4,4,4,4.0,4.0,4,4.0,4,4.0,4.0,4.0,4,4.0,4,4.0,4,4,4.0,4.0,4.0,4,4,1,4,4,4,4,4,4,4,4,6,1,0,1,4,4,4,3,4,4,4,4,4,4,3,4,3,3,1
1,111,0,20,1,0,0,0,0,1,3,2,1.0,3,1,3.0,2,1,4,5,5,2.0,3,3,2,3,3,5,5,4.0,2.0,4,6.0,7,5.0,3.0,4.0,6,1.0,6,4.0,4,3,5.0,5.0,3.0,3,5,5,6,5,6,4,3,5,3,6,1,2,4,4,4,2,6,5,1,7,2,5,3,3,4,3,1,3,2
1,zxcvbn,0,20,1,0,0,0,0,2,1,4,2.0,1,5,4.0,5,2,5,5,16,13.8,5,8,5,5,4,4,3,3.0,5.0,4,3.0,3,3.0,2.0,4.0,6,3.0,6,4.0,7,2,3.0,4.0,5.0,6,6,5,4,4,5,5,4,5,3,5,2,5,2,3,1,5,5,1,4,3,2,3,3,4,4,3,2,4,1
1,skip,0,22,1,0,1,0,0,1,3,1,1.0,2,1,1.0,1,4,5,0,8,2.5,1,3,3,2,3,4,4,2.0,2.0,2,5.0,4,2.0,5.0,4.0,6,6.0,4,4.0,3,2,7.0,6.0,4.0,3,5,5,6,5,4,3,4,4,1,5,4,7,5,4,5,3,4,6,2,5,5,2,3,5,2,3,4,5,4
1,roiii,0,21,1,0,0,1,0,2,3,1,3.0,1,1,4.0,5,1,4,1,34,9.8,5,9,5,3,4,5,3,4.0,4.0,6,7.0,5,4.0,5.0,5.0,5,4.0,3,3.0,4,2,6.0,2.0,1.0,5,6,5,5,5,5,5,4,3,4,4,2,0,0,1,4,3,3,2,3,5,6,5,4,2,3,3,3,2,1
1,chanq,0,19,1,0,0,1,0,1,3,4,1.0,1,1,2.0,1,2,1,4,6,2.8,1,5,2,2,5,3,4,2.0,2.0,5,3.0,6,4.0,4.0,3.0,7,3.0,7,3.0,5,4,4.0,6.0,2.0,6,3,1,4,5,4,4,5,4,5,5,1,5,2,5,3,4,5,2,4,4,3,4,3,5,5,1,2,2,4
1,uhmm,0,19,1,0,0,0,0,1,4,1,1.0,1,1,2.0,2,0,3,3,3,0.9,2,3,1,4,4,3,5,7.0,4.0,5,5.0,6,3.0,5.0,4.0,5,4.0,4,2.0,3,1,3.0,6.0,4.0,4,4,5,5,4,3,4,3,3,6,3,2,2,1,0,2,1,4,5,4,5,3,5,3,6,2,2,5,1,4
1,zxc,0,21,0,0,1,0,0,2,3,1,1.0,1,3,1.0,2,2,3,4,5,3.2,2,2,2,4,2,1,3,5.0,4.0,6,2.0,5,4.0,3.0,3.0,5,3.0,4,3.0,4,3,4.0,2.0,3.0,4,6,4,5,4,6,4,6,6,4,5,2,7,1,3,5,1,5,3,2,6,3,5,3,4,4,3,3,4,3
1,ok123,0,19,1,1,0,1,0,2,3,2,2.0,4,1,2.0,3,3,4,3,2,5.2,3,3,2,2,5,4,2,2.0,4.0,4,2.0,5,6.0,2.0,4.0,5,3.0,4,4.0,7,1,3.0,5.0,2.0,6,4,2,4,6,6,6,3,4,2,2,2,0,3,4,3,1,6,4,3,5,3,5,2,7,4,4,3,2,3
1,dddd,0,22,1,0,0,0,0,1,3,1,1.0,2,1,2.0,2,1,3,1,0,11.6,5,8,2,4,4,4,4,4.0,4.0,4,4.0,4,4.0,4.0,4.0,4,4.0,4,4.0,4,4,4.0,4.0,4.0,4,4,5,4,4,4,4,4,4,4,4,6,0,0,0,4,4,4,1,4,4,4,4,4,4,1,1,2,4,3
1,111111,0,20,0,1,0,0,0,1,2,1,2.0,1,2,2.0,2,3,4,4,2,5.7,2,3,2,2,4,4,4,4.0,4.0,4,4.0,4,4.0,4.0,4.0,4,4.0,4,4.0,4,4,4.0,4.0,4.0,4,4,7,4,4,4,4,4,4,4,4,6,7,1,2,4,4,4,3,4,4,4,4,4,4,4,2,4,3,4
1,5555,0,21,1,0,1,0,0,2,3,4,1.0,2,1,3.0,5,1,4,2,18,5.9,3,2,3,4,7,4,3,6.0,4.0,4,3.0,4,4.0,5.0,4.0,3,4.0,4,5.0,5,4,6.0,4.0,4.0,3,2,5,6,5,5,6,3,3,3,3,4,5,2,1,4,2,4,7,4,5,3,6,3,5,3,3,2,4,1
1,kaka,0,22,1,0,0,1,0,2,3,1,1.0,2,1,2.0,4,1,2,3,12,6.6,2,1,3,5,5,5,5,5.0,5.0,5,5.0,5,5.0,5.0,5.0,5,5.0,5,5.0,5,5,5.0,5.0,5.0,5,5,5,5,5,5,5,5,5,5,5,1,1,3,2,5,5,5,5,5,5,5,5,5,5,4,2,4,2,2
1,okkk,0,21,1,1,0,1,0,2,3,2,2.0,2,1,1.0,3,4,3,5,16,4.0,3,2,2,2,2,5,2,2.0,4.0,3,5.0,5,5.0,2.0,6.0,7,4.0,6,4.0,5,3,5.0,6.0,2.0,7,5,5,4,4,5,6,5,5,3,5,2,3,4,4,5,4,5,7,4,5,1,4,4,5,3,3,5,4,3
1,xong1,0,21,1,0,0,0,0,1,3,1,3.0,1,1,2.0,2,4,4,0,15,3.2,2,4,2,3,5,2,3,3.0,5.0,4,4.0,5,6.0,4.0,6.0,4,4.0,7,3.0,4,1,5.0,6.0,2.0,7,4,5,3,3,3,3,5,4,4,3,2,13,4,5,5,6,5,5,4,5,3,3,6,4,3,3,5,3,3
1,metqua,0,21,1,1,1,0,0,2,3,2,2.0,1,1,1.0,2,4,4,0,4,2.7,2,2,2,4,5,5,5,5.0,5.0,5,5.0,5,5.0,5.0,5.0,5,5.0,5,5.0,5,5,5.0,5.0,5.0,5,5,5,5,5,5,5,5,5,5,5,1,2,5,5,5,5,5,5,5,5,5,5,5,5,4,3,3,5,3
1,haizzz,0,21,1,1,0,1,0,1,3,2,2.0,1,1,4.0,3,4,5,4,15,5.8,2,8,3,4,4,5,4,3.0,2.0,3,4.0,4,4.0,4.0,4.0,3,4.0,6,1.0,4,3,5.0,3.0,3.0,5,5,7,4,6,5,4,6,4,5,7,1,6,5,4,2,4,6,7,1,6,1,3,2,4,5,3,3,3,2
1,zxcv,0,20,0,1,0,1,0,1,3,4,2.0,1,2,3.0,3,4,1,5,31,18.1,5,7,3,3,3,6,7,6.0,5.0,4,5.0,4,4.0,4.0,3.0,7,5.0,5,4.0,4,2,4.0,5.0,5.0,7,2,5,5,6,7,6,3,3,3,3,5,0,5,5,3,4,4,4,4,6,4,3,1,4,3,3,2,4,3
1,123,0,19,1,0,0,0,0,2,3,2,1.0,1,1,1.0,1,0,3,1,1,2.9,1,8,1,3,3,5,2,3.0,4.0,4,3.0,5,4.0,2.0,6.0,6,2.0,4,2.0,6,3,5.0,4.0,4.0,4,5,5,6,7,7,6,5,6,5,3,7,0,0,0,3,1,2,2,2,6,1,4,2,3,3,1,3,3,3
1,skipit,0,20,1,0,0,1,0,1,3,2,2.0,1,1,4.0,4,2,3,2,31,14.8,5,21,5,1,3,6,5,3.0,3.0,5,4.0,4,5.0,3.0,5.0,5,6.0,5,3.0,4,3,3.0,3.0,3.0,6,3,1,6,6,7,6,5,5,5,4,5,1,1,0,2,2,3,7,2,4,4,7,3,5,3,3,3,3,1
1,kkkkk,0,20,1,1,0,0,0,1,3,4,2.0,2,1,1.0,1,3,2,0,1,1.2,1,5,3,3,3,3,3,3.0,3.0,3,3.0,3,3.0,3.0,3.0,3,3.0,3,3.0,3,3,3.0,3.0,3.0,3,3,5,3,3,3,3,3,3,3,3,7,0,4,3,3,3,3,6,3,3,3,3,3,3,1,2,3,3,2
1,huhuhoo,0,20,1,0,0,0,0,2,3,4,1.0,1,1,2.0,2,1,5,2,1,1.6,2,5,3,4,6,4,2,3.0,3.0,2,4.0,7,5.0,4.0,6.0,4,3.0,3,5.0,4,4,5.0,4.0,5.0,3,5,5,4,4,5,6,4,6,2,5,5,1,1,0,4,3,3,2,3,4,4,3,2,5,5,3,3,3,1
1,ooooo,0,18,0,1,0,1,0,2,1,2,2.0,1,4,4.0,4,2,5,4,9,2.2,5,7,5,2,3,5,2,3.0,5.0,6,3.0,5,5.0,3.0,3.0,3,4.0,4,5.0,5,4,5.0,3.0,5.0,3,5,5,7,3,5,6,3,4,3,5,1,4,3,5,6,3,5,7,4,6,1,6,3,6,3,3,2,2,1
1,xxxx,0,20,1,0,0,0,0,2,2,2,1.0,2,1,4.0,5,3,5,3,46,3.8,5,6,5,2,3,6,6,3.0,5.0,6,2.0,5,3.0,4.0,4.0,4,5.0,4,5.0,4,4,4.0,4.0,4.0,6,5,5,2,4,5,4,4,4,6,3,7,3,3,2,1,3,2,2,2,6,2,3,3,5,2,2,3,1,4
1,9999,0,20,1,0,1,0,0,1,3,2,1.0,1,1,3.0,4,2,2,4,23,3.6,4,4,4,2,5,1,4,4.0,3.0,4,2.0,2,4.0,5.0,3.0,7,4.0,7,4.0,6,3,4.0,4.0,4.0,5,3,5,5,4,6,3,2,2,4,4,5,0,3,2,4,4,5,6,1,6,4,4,2,2,3,3,2,1,2
1,duocc,0,20,1,0,0,1,0,2,1,2,2.0,1,1,2.0,3,2,5,3,13,5.2,2,7,2,3,4,4,1,1.0,6.0,4,5.0,3,3.0,1.0,4.0,5,3.0,3,3.0,5,7,6.0,4.0,6.0,5,4,1,4,5,4,5,2,3,3,2,6,2,2,1,7,4,2,1,4,6,4,5,3,3,3,2,3,3,1
1,ppppp,0,19,1,0,0,0,0,1,3,1,1.0,2,1,2.0,1,3,2,4,2,4.5,1,3,1,2,5,4,2,3.0,2.0,5,6.0,3,6.0,5.0,1.0,3,7.0,4,4.0,7,3,4.0,7.0,3.0,5,7,5,2,5,5,4,5,2,5,6,6,4,5,1,2,3,5,4,4,7,2,2,4,6,3,4,4,3,3
1,rồi,0,21,1,0,0,1,0,1,3,2,1.0,3,1,3.0,1,2,5,2,33,3.3,2,4,3,2,4,4,4,4.0,4.0,4,4.0,4,4.0,4.0,4.0,4,4.0,4,4.0,4,4,4.0,4.0,4.0,4,4,5,4,4,4,4,4,4,4,4,1,11,4,5,4,4,4,5,4,4,4,4,4,4,4,4,4,3,3
1,66666,0,20,1,1,0,0,0,2,2,1,2.0,3,1,2.0,4,1,3,4,18,5.8,4,6,3,4,4,4,4,4.0,4.0,4,4.0,4,4.0,4.0,4.0,4,4.0,4,4.0,4,4,4.0,4.0,4.0,4,4,5,4,4,4,4,4,4,4,4,1,2,3,2,4,4,4,7,4,4,4,4,4,4,3,2,2,2,2
1,0,0,18,0,0,1,0,0,1,3,2,3.0,2,3,1.0,1,4,3,0,14,2.8,1,3,2,2,4,4,4,4.0,4.0,4,4.0,4,4.0,4.0,4.0,4,4.0,4,4.0,4,4,4.0,4.0,4.0,4,4,1,4,4,4,4,4,4,4,4,3,1,5,5,4,4,4,2,4,4,4,4,4,4,3,2,4,3,1
1,1234,0,18,1,1,0,0,0,2,3,1,2.0,1,1,2.0,4,1,4,1,11,10.6,3,1,3,3,2,5,5,1.0,5.0,4,4.0,5,5.0,3.0,5.0,3,2.0,5,5.0,5,2,4.0,3.0,4.0,3,6,5,4,5,4,3,5,4,3,1,1,5,3,2,4,2,5,7,2,7,2,2,2,2,4,3,3,4,3
1,vvvvvv,0,19,1,0,0,0,0,2,3,4,1.0,2,1,2.0,1,1,2,5,15,5.5,2,1,2,4,1,3,4,5.0,7.0,3,6.0,4,4.0,5.0,4.0,3,6.0,4,4.0,5,4,4.0,4.0,5.0,2,2,3,2,6,4,3,4,5,5,6,2,4,2,3,2,4,3,3,1,5,4,3,5,4,2,1,3,2,2
1,8888,0,20,1,0,1,0,0,2,3,1,2.0,1,1,3.0,2,4,4,5,7,6.4,4,3,4,4,4,3,4,3.0,3.0,3,4.0,4,5.0,3.0,4.0,6,6.0,6,2.0,4,5,5.0,4.0,3.0,6,5,5,4,4,2,5,3,4,4,4,3,2,2,4,4,3,4,1,2,5,2,4,3,7,4,3,3,4,1
1,met123,0,22,1,0,0,1,0,2,3,1,2.0,2,1,3.0,5,3,1,0,9,11.4,5,5,5,2,5,3,3,4.0,1.0,3,5.0,3,4.0,2.0,3.0,5,4.0,7,4.0,5,4,3.0,3.0,5.0,6,5,5,7,5,4,4,2,3,3,3,1,4,1,3,3,3,7,5,3,5,3,6,3,6,3,3,2,3,3
1,haha,0,21,1,0,0,0,0,1,3,1,1.0,1,1,1.0,1,0,5,3,9,5.3,1,1,1,4,2,5,5,4.0,3.0,6,4.0,5,3.0,4.0,2.0,3,6.0,5,6.0,4,2,5.0,2.0,6.0,5,3,5,5,6,6,4,4,2,4,4,5,0,0,0,3,3,2,4,3,5,1,2,3,5,4,4,4,3,3
1,999999,0,19,1,0,1,0,0,2,3,1,3.0,1,3,2.0,2,0,2,1,17,1.4,3,4,4,4,2,4,5,4.0,3.0,4,3.0,4,2.0,4.0,5.0,5,3.0,2,6.0,4,4,3.0,6.0,3.0,5,5,5,4,3,3,5,3,3,3,3,1,0,1,0,3,2,2,3,1,5,2,5,2,5,4,3,4,2,3
1,uk123,0,19,1,0,0,0,0,2,3,1,2.0,1,1,3.0,3,1,1,5,11,6.1,2,2,2,3,5,1,6,3.0,2.0,3,4.0,4,3.0,4.0,2.0,5,2.0,5,4.0,5,3,4.0,5.0,3.0,3,1,7,5,5,5,5,6,2,4,2,1,13,4,2,5,3,7,7,3,5,1,5,5,5,3,3,3,1,4
1,haizzza,0,19,1,0,0,1,0,2,1,1,1.0,1,1,4.0,4,1,4,1,0,2.8,3,18,3,3,6,3,2,4.0,3.0,3,7.0,4,3.0,7.0,4.0,4,3.0,5,4.0,3,1,5.0,3.0,5.0,4,3,3,7,4,4,4,3,4,4,4,6,3,0,0,4,4,4,2,3,5,3,5,4,5,2,4,3,4,5
1,vvvv,0,19,1,0,0,0,0,1,3,1,2.0,2,1,3.0,5,1,4,5,18,11.4,4,16,3,4,2,2,3,3.0,3.0,2,3.0,4,3.0,2.0,4.0,4,1.0,3,4.0,7,4,5.0,4.0,4.0,3,2,7,5,4,3,4,3,2,5,2,1,6,1,2,4,6,7,6,4,4,4,5,4,7,4,4,2,4,4
1,12345,0,20,1,1,1,0,0,1,3,1,2.0,1,1,2.0,3,0,4,1,6,4.8,5,2,2,4,5,2,3,3.0,2.0,3,3.0,4,4.0,4.0,3.0,2,4.0,5,4.0,3,5,5.0,5.0,3.0,5,3,5,4,5,4,7,5,4,3,6,4,1,0,0,4,1,4,1,3,5,5,4,3,3,2,3,2,3,4
1,kkk,0,21,0,0,0,1,0,3,3,1,1.0,2,4,2.0,1,4,1,0,12,6.7,1,0,2,2,5,3,3,1.0,4.0,2,2.0,4,3.0,5.0,3.0,6,4.0,4,6.0,3,5,5.0,1.0,5.0,5,6,5,5,5,6,6,3,5,5,5,3,6,5,4,4,3,3,1,3,4,2,3,2,2,4,4,2,4,2
1,bbbbb,0,18,0,1,0,0,0,2,2,2,2.0,1,2,4.0,4,4,4,3,20,4.2,2,5,3,1,3,4,5,4.0,5.0,3,5.0,4,3.0,4.0,4.0,4,4.0,4,3.0,5,5,3.0,4.0,5.0,3,4,3,5,5,3,3,5,5,3,4,1,1,3,3,3,5,5,1,3,4,3,5,5,3,3,3,3,1,2
1,aaaa,0,18,1,1,0,0,0,2,3,2,1.0,1,1,4.0,4,4,5,5,8,8.6,3,4,4,1,2,3,3,3.0,1.0,4,1.0,6,2.0,3.0,3.0,6,4.0,6,4.0,3,4,4.0,3.0,3.0,4,5,5,5,4,4,3,2,3,6,3,1,7,5,5,4,5,6,3,4,5,3,5,3,5,4,3,3,3,2
1,kkkkkk,0,22,1,0,1,0,0,1,3,2,1.0,1,1,3.0,3,3,3,4,3,4.2,4,3,3,5,3,3,5,4.0,6.0,5,5.0,5,4.0,4.0,7.0,4,4.0,4,5.0,5,2,5.0,2.0,4.0,3,4,5,5,7,3,3,3,5,4,5,7,13,2,3,7,5,4,3,5,5,1,5,3,4,4,3,4,2,3
1,xongzz,0,21,1,0,0,0,0,2,3,1,2.0,1,1,2.0,1,4,4,4,4,1.9,3,2,3,4,6,3,3,4.0,3.0,4,4.0,4,3.0,3.0,4.0,2,6.0,4,5.0,5,4,4.0,3.0,5.0,5,6,4,6,5,5,5,6,4,5,2,1,1,4,3,3,3,3,7,4,4,4,3,3,5,3,5,2,3,2
1,222,0,21,1,1,0,0,0,2,3,2,1.0,2,2,3.0,4,4,1,0,18,4.4,5,5,4,4,4,5,6,4.0,5.0,4,4.0,5,4.0,6.0,4.0,3,2.0,2,4.0,4,6,4.0,2.0,5.0,3,1,5,6,6,3,4,4,3,3,4,1,12,5,5,5,5,6,1,3,7,4,5,3,4,2,2,4,3,4
1,da,0,21,1,1,1,0,0,1,1,2,3.0,3,1,1.0,2,1,4,3,9,1.7,2,1,1,4,5,5,5,5.0,5.0,5,5.0,5,5.0,3.0,5.0,5,5.0,4,3.0,4,4,6.0,3.0,3.0,6,5,6,5,6,4,6,5,2,3,3,1,1,2,1,2,3,3,3,1,5,3,2,4,4,4,3,2,2,2
1,uh,0,19,1,1,1,0,0,2,2,1,2.0,1,2,2.0,4,3,3,5,16,5.4,2,3,4,1,5,5,5,5.0,5.0,5,5.0,5,5.0,5.0,5.0,5,5.0,5,5.0,5,5,5.0,5.0,5.0,5,5,5,5,5,5,5,5,5,5,5,6,2,3,3,5,5,5,7,5,5,5,5,5,5,5,4,4,4,2
1,oooo,0,21,1,0,0,0,0,2,2,1,1.0,1,1,1.0,1,1,3,2,4,1.3,1,6,1,5,4,4,4,4.0,4.0,4,4.0,4,4.0,4.0,4.0,4,4.0,4,4.0,4,4,4.0,4.0,4.0,4,4,1,4,4,4,4,4,4,4,4,2,0,0,2,4,4,4,6,4,4,4,4,4,4,4,3,3,2,4
1,xongg,0,22,1,0,1,1,0,2,3,1,2.0,1,3,2.0,5,1,3,5,2,2.0,4,14,4,3,5,4,4,6.0,4.0,5,3.0,6,4.0,1.0,5.0,4,3.0,7,3.0,6,2,4.0,3.0,3.0,4,3,2,4,4,4,3,3,5,6,3,7,10,3,3,7,5,2,3,6,5,4,5,2,4,3,3,3,4,4
1,nhanhdi,0,22,0,0,1,0,0,1,3,4,1.0,1,3,1.0,3,0,4,1,6,2.1,2,3,3,3,4,4,4,4.0,4.0,4,4.0,4,4.0,4.0,4.0,4,4.0,4,4.0,4,4,4.0,4.0,4.0,4,4,5,4,4,4,4,4,4,4,4,1,1,0,0,4,4,4,6,4,4,4,4,4,4,4,5,2,1,3
1,qwert,0,20,1,0,0,0,0,1,1,1,1.0,1,1,2.0,2,1,2,3,13,3.9,3,7,2,2,3,4,5,4.0,5.0,6,5.0,4,3.0,4.0,6.0,5,6.0,2,5.0,7,2,3.0,3.0,4.0,4,5,5,3,3,2,3,4,4,5,4,4,3,2,1,5,5,5,7,2,5,2,3,6,5,3,3,2,3,2
1,777,0,20,1,1,0,0,0,1,3,1,2.0,1,1,1.0,2,2,4,5,2,3.5,3,3,4,4,5,4,2,3.0,2.0,3,4.0,4,4.0,4.0,5.0,4,6.0,3,4.0,3,3,6.0,6.0,3.0,3,6,7,4,3,5,6,3,4,2,4,2,4,5,1,4,4,3,3,1,7,5,3,3,5,4,3,2,4,3
1,qqqqqq,0,22,1,0,0,0,0,1,3,1,3.0,2,1,3.0,2,0,5,2,5,3.4,3,6,4,3,6,5,4,3.0,3.0,4,4.0,6,4.0,5.0,3.0,2,3.0,3,4.0,5,4,6.0,3.0,6.0,3,3,5,4,5,5,6,3,4,4,4,1,1,0,0,1,4,3,2,4,5,3,4,2,5,2,2,3,2,2
1,duoc,0,20,0,1,0,1,0,3,4,1,1.0,1,2,4.0,5,1,1,3,40,9.4,5,5,4,4,5,3,5,4.0,4.0,3,7.0,3,4.0,5.0,5.0,4,4.0,5,4.0,6,4,6.0,7.0,6.0,5,5,3,6,6,6,5,4,4,5,4,1,1,3,3,6,5,7,4,3,6,2,3,2,3,3,3,3,4,3
1,44444,0,19,1,0,1,0,0,2,3,1,2.0,2,1,4.0,5,3,2,4,10,4.1,5,3,4,3,4,3,4,4.0,4.0,5,3.0,5,5.0,3.0,4.0,5,3.0,3,5.0,5,3,4.0,5.0,5.0,3,4,5,5,4,7,5,3,2,3,4,1,10,5,3,4,5,3,5,1,6,1,4,1,5,1,2,2,3,2
1,4444,0,19,1,1,0,1,0,1,1,4,1.0,2,2,2.0,1,4,5,0,14,5.6,2,1,2,5,3,3,3,3.0,3.0,3,3.0,3,3.0,4.0,3.0,5,4.0,6,4.0,4,4,5.0,6.0,3.0,3,5,2,3,4,5,3,4,5,3,6,5,7,5,5,3,5,4,1,2,5,2,3,3,3,2,2,4,2,5
1,vvvvv,0,20,1,0,1,0,0,1,3,2,2.0,3,1,2.0,2,0,3,1,4,3.8,2,0,1,2,5,1,3,3.0,3.0,6,5.0,2,5.0,3.0,2.0,2,5.0,3,5.0,5,4,5.0,2.0,5.0,4,6,1,5,5,4,5,4,3,1,3,1,3,1,0,3,2,3,3,2,6,2,4,2,3,3,3,2,2,2
1,22222,0,19,1,0,0,1,0,3,3,1,3.0,1,1,2.0,4,1,4,2,4,6.0,5,0,5,3,4,3,4,2.0,2.0,3,2.0,4,2.0,3.0,4.0,3,1.0,5,2.0,5,4,7.0,3.0,4.0,4,5,5,5,5,5,5,4,3,2,2,3,2,1,2,4,3,2,2,5,7,4,5,4,5,3,4,4,4,2
1,luotqua,0,18,1,0,0,0,0,2,3,1,2.0,1,1,1.0,2,0,3,2,16,1.7,1,1,2,1,5,5,5,5.0,5.0,5,5.0,5,5.0,5.0,5.0,5,5.0,5,5.0,5,5,5.0,5.0,5.0,5,5,5,5,5,5,5,5,5,5,5,1,0,1,0,5,5,5,3,5,5,5,5,5,5,4,5,4,2,1
1,chán,0,19,1,0,0,0,0,2,3,1,1.0,1,1,3.0,3,4,5,5,2,4.6,2,0,4,1,4,5,5,4.0,5.0,4,4.0,4,5.0,4.0,3.0,3,5.0,4,3.0,6,3,4.0,5.0,6.0,4,4,5,5,6,6,4,4,2,4,2,1,7,5,2,5,6,6,7,5,4,3,5,3,4,4,3,4,3,2
1,uhm,0,19,1,0,0,1,0,1,3,2,1.0,3,1,3.0,2,4,5,0,1,5.6,2,5,3,4,4,4,4,4.0,4.0,4,4.0,4,4.0,4.0,4.0,4,4.0,4,4.0,4,4,4.0,4.0,4.0,4,4,7,4,4,4,4,4,4,4,4,4,11,4,5,4,4,4,5,4,4,4,4,4,4,4,5,3,4,3
1,daaa,0,18,1,1,0,0,0,1,2,1,3.0,2,1,1.0,1,3,5,4,7,0.3,1,6,2,2,3,3,3,3.0,3.0,3,3.0,3,3.0,3.0,3.0,3,3.0,3,3.0,3,3,3.0,3.0,3.0,3,3,5,3,3,3,3,3,3,3,3,6,1,2,3,3,3,3,5,3,3,3,3,3,3,3,3,3,1,3
1,hahahaha,0,21,1,0,1,1,0,1,3,2,1.0,1,1,3.0,2,3,3,5,12,3.9,3,8,3,3,3,6,3,4.0,3.0,2,4.0,6,4.0,6.0,6.0,3,4.0,5,3.0,3,3,3.0,4.0,4.0,4,5,5,3,4,5,5,4,5,5,5,5,12,4,5,4,3,5,1,2,5,4,3,4,3,5,4,4,2,3
1,99999,0,20,0,1,0,0,0,1,3,4,1.0,1,2,3.0,4,1,1,3,8,2.2,3,16,4,5,6,3,4,5.0,4.0,4,2.0,6,4.0,3.0,4.0,2,3.0,6,4.0,4,3,6.0,5.0,4.0,2,4,1,6,6,5,4,2,3,5,4,2,6,4,4,1,4,2,3,1,4,2,3,4,3,4,3,5,4,3
1,666,0,20,1,0,0,0,0,2,3,2,1.0,1,1,1.0,1,1,5,2,1,2.2,1,9,2,3,4,1,3,4.0,1.0,3,3.0,4,2.0,4.0,3.0,2,5.0,5,4.0,4,3,6.0,7.0,5.0,2,5,5,4,5,4,7,4,1,4,4,1,0,0,0,3,3,3,1,2,7,3,5,5,4,5,3,2,3,2
1,333333,0,18,0,1,0,0,0,1,3,1,1.0,1,2,2.0,2,1,4,3,16,3.3,2,7,2,5,3,2,4,3.0,2.0,2,5.0,7,5.0,5.0,3.0,2,3.0,4,4.0,5,3,4.0,6.0,5.0,3,5,5,3,3,5,7,5,3,4,4,1,4,2,1,4,5,3,2,2,5,1,2,3,4,5,3,3,1,4
1,roii,0,22,0,1,1,0,0,2,3,1,1.0,2,2,2.0,3,3,4,3,7,2.4,4,0,4,4,4,4,4,4.0,4.0,4,4.0,4,4.0,4.0,4.0,4,4.0,4,4.0,4,4,4.0,4.0,4.0,4,4,5,4,4,4,4,4,4,4,4,1,2,2,2,4,4,4,1,4,4,4,4,4,4,4,3,3,5,4
1,veee,0,22,1,1,0,1,0,2,3,1,1.0,1,2,4.0,3,4,4,2,0,3.3,4,11,4,3,5,5,5,5.0,5.0,5,5.0,5,5.0,4.0,3.0,3,4.0,5,4.0,4,4,3.0,2.0,7.0,1,5,6,4,5,4,6,4,5,4,5,4,1,4,5,4,2,5,4,3,6,3,5,3,4,4,5,3,2,2
1,55555,0,22,0,0,1,0,0,1,1,2,2.0,1,3,3.0,3,3,5,3,8,2.5,3,2,2,3,3,3,4,3.0,5.0,4,7.0,4,4.0,7.0,4.0,4,4.0,4,3.0,4,4,5.0,5.0,5.0,5,7,6,3,5,4,4,6,4,5,4,5,0,3,1,4,3,5,5,5,5,3,3,2,4,4,3,3,3,5
1,xong,0,22,1,0,1,0,0,2,3,2,1.0,2,1,3.0,3,0,4,1,12,4.2,3,5,3,2,3,3,3,3.0,3.0,3,3.0,3,3.0,5.0,5.0,4,3.0,7,3.0,3,6,2.0,5.0,4.0,5,5,5,4,4,4,5,5,4,4,5,3,0,0,0,1,5,1,3,5,5,5,4,2,5,4,4,5,2,3
1,thoi,0,20,1,1,1,0,0,2,1,2,1.0,1,1,2.0,3,1,3,2,5,2.6,4,1,3,4,3,5,4,5.0,5.0,4,6.0,3,6.0,5.0,4.0,4,4.0,4,4.0,4,5,3.0,3.0,5.0,2,5,5,3,4,2,4,3,3,4,3,6,1,2,0,4,5,3,1,5,4,3,2,5,2,5,5,3,3,4
1,thoii,0,21,1,0,0,0,0,2,3,1,2.0,1,1,3.0,5,0,3,2,24,28.6,5,8,5,3,4,4,4,4.0,4.0,4,4.0,4,4.0,4.0,4.0,4,4.0,4,4.0,4,4,4.0,4.0,4.0,4,4,5,4,4,4,4,4,4,4,4,7,2,2,1,4,4,4,4,4,4,4,4,4,4,4,3,3,1,1
1,hihi,0,20,0,1,0,0,0,2,3,1,1.0,2,2,1.0,1,1,5,4,21,1.3,2,4,2,5,5,2,5,4.0,3.0,6,4.0,4,6.0,4.0,4.0,3,4.0,3,4.0,4,2,3.0,7.0,3.0,4,5,5,4,5,4,4,3,4,4,4,1,12,2,3,4,3,4,2,3,6,4,6,3,5,3,3,5,2,3
1,eeeee,0,19,0,1,0,0,0,1,3,4,1.0,2,2,4.0,4,2,3,3,44,4.0,5,1,5,4,5,5,5,5.0,5.0,5,5.0,5,5.0,4.0,4.0,4,5.0,4,4.0,4,1,5.0,3.0,2.0,4,5,4,3,4,5,4,6,5,2,4,6,0,1,1,5,3,3,7,4,7,3,5,5,5,2,2,2,3,2
1,asdf,0,20,1,0,1,0,0,1,3,1,1.0,1,1,2.0,2,0,2,1,2,7.7,3,1,2,4,4,1,2,3.0,3.0,6,4.0,2,2.0,4.0,5.0,5,3.0,3,4.0,4,4,5.0,5.0,4.0,5,5,5,4,5,3,3,3,2,5,5,2,0,0,0,1,1,4,4,4,5,2,4,3,5,3,3,2,2,4
1,diii,0,22,1,1,0,0,0,1,3,1,1.0,2,1,1.0,2,0,3,2,5,16.6,2,3,2,2,4,5,4,5.0,4.0,4,3.0,5,3.0,5.0,3.0,6,4.0,4,3.0,5,2,4.0,4.0,5.0,5,3,5,2,4,3,3,3,3,3,3,1,2,0,3,2,4,4,7,3,7,2,3,3,3,3,3,1,1,3
1,qqqq,0,19,1,0,1,0,0,2,3,1,1.0,1,1,2.0,2,4,4,5,11,2.6,4,10,4,4,4,4,4,4.0,4.0,4,4.0,4,4.0,4.0,4.0,4,4.0,4,4.0,4,4,4.0,4.0,4.0,4,4,7,4,4,4,4,4,4,4,4,3,3,5,5,4,4,4,1,4,4,4,4,4,4,2,2,5,2,1
1,555555,0,20,0,1,0,0,0,2,3,1,2.0,2,2,3.0,3,3,3,4,1,16.7,3,2,4,5,4,2,3,3.0,6.0,5,4.0,6,5.0,2.0,4.0,5,4.0,5,4.0,3,3,2.0,6.0,6.0,4,2,5,5,7,7,4,5,6,4,2,1,5,2,3,4,3,3,1,4,7,3,5,3,6,3,3,5,2,1
1,ukkkku,0,19,1,1,0,0,0,1,3,4,1.0,1,1,1.0,1,1,5,2,7,2.5,1,4,1,3,1,4,2,4.0,5.0,3,4.0,4,5.0,4.0,5.0,5,5.0,5,2.0,6,4,5.0,6.0,3.0,5,4,5,3,6,6,4,2,3,2,4,6,1,0,2,5,3,2,1,4,6,2,6,3,3,4,3,3,1,2
1,123456,0,20,0,1,0,0,0,2,3,1,2.0,1,2,1.0,2,4,4,4,4,2.5,2,2,1,1,5,4,6,6.0,3.0,5,5.0,5,5.0,4.0,5.0,6,4.0,6,4.0,4,5,3.0,5.0,5.0,4,4,7,4,7,7,6,4,5,4,2,2,5,5,3,3,5,3,6,5,4,2,4,4,4,3,4,3,3,3
1,eeeeee,0,18,1,0,0,0,0,2,3,1,1.0,1,1,3.0,3,1,2,1,19,6.2,5,4,4,2,5,5,5,5.0,5.0,5,5.0,5,5.0,5.0,5.0,5,5.0,5,5.0,5,5,5.0,5.0,5.0,5,5,3,5,5,5,5,5,5,5,5,1,3,1,1,5,5,5,2,5,5,5,5,5,5,2,3,4,3,5
1,chan,0,19,1,0,0,0,0,2,2,1,2.0,1,1,1.0,1,2,2,5,4,1.9,1,1,3,4,4,1,4,4.0,3.0,3,3.0,5,4.0,3.0,3.0,5,3.0,6,2.0,3,3,6.0,6.0,2.0,5,7,5,3,2,4,5,4,7,4,2,5,1,4,5,3,5,3,3,3,7,4,6,2,5,5,4,3,2,3
1,nhanhh,0,19,1,0,0,0,0,1,3,4,2.0,1,1,2.0,3,0,5,1,6,6.6,3,7,4,1,2,5,3,2.0,3.0,4,3.0,3,4.0,5.0,7.0,4,4.0,4,3.0,5,1,3.0,7.0,4.0,3,5,7,5,5,6,6,5,3,6,3,5,6,0,1,1,2,3,5,1,6,4,4,2,5,3,1,4,3,4
1,quaaa,0,20,1,0,0,0,0,1,3,2,2.0,2,1,4.0,4,4,2,4,15,3.2,5,16,5,4,4,2,2,3.0,1.0,3,6.0,5,5.0,5.0,6.0,7,3.0,6,3.0,7,2,4.0,5.0,1.0,5,4,2,4,4,3,3,2,4,4,4,1,11,4,4,3,3,5,4,4,5,5,4,4,4,4,2,2,4,3
1,thoi123,0,22,1,0,0,1,0,1,3,2,1.0,1,1,4.0,5,4,3,5,26,2.5,5,3,5,2,3,3,3,3.0,3.0,3,3.0,3,3.0,3.0,3.0,3,3.0,3,3.0,3,3,3.0,3.0,3.0,3,3,3,3,3,3,3,3,3,3,3,4,10,3,3,3,3,3,6,3,3,3,3,3,3,2,3,2,3,1
1,haizzzz,0,21,1,0,1,1,0,2,3,1,1.0,2,1,3.0,3,4,2,5,11,11.9,5,5,3,3,3,3,3,5.0,3.0,3,3.0,5,4.0,3.0,5.0,3,5.0,4,2.0,5,3,5.0,5.0,2.0,4,2,5,6,4,3,7,3,5,5,6,1,3,5,5,3,3,7,7,2,5,1,5,2,1,3,3,4,4,4
1,hichic,0,18,1,1,0,0,0,1,1,2,2.0,2,1,2.0,4,1,3,4,2,8.2,3,4,3,4,3,4,4,2.0,3.0,5,5.0,6,6.0,5.0,3.0,2,3.0,6,4.0,5,4,5.0,3.0,4.0,5,5,3,7,4,5,4,5,3,1,6,1,7,3,3,2,3,4,2,4,4,1,4,2,4,3,5,2,3,4
1,kkkk,0,21,1,0,0,1,0,2,1,1,1.0,1,1,2.0,3,2,3,2,4,1.9,2,2,4,3,3,5,3,3.0,5.0,4,6.0,7,5.0,5.0,6.0,4,3.0,4,4.0,4,4,4.0,2.0,5.0,5,4,5,3,5,7,7,5,5,5,5,2,2,2,0,3,2,3,3,1,6,3,3,2,4,3,4,3,3,4
1,xong123,0,19,1,0,0,0,0,1,3,1,2.0,1,1,3.0,2,3,2,5,15,2.8,2,7,3,5,4,3,1,1.0,4.0,2,3.0,3,4.0,6.0,2.0,4,2.0,4,6.0,4,5,2.0,2.0,5.0,4,2,5,4,4,5,6,5,5,5,5,2,1,5,5,4,4,6,3,2,7,1,5,3,5,4,4,3,3,3
1,444444,0,21,0,1,0,0,0,1,1,1,1.0,2,2,1.0,2,2,5,5,8,14.1,3,14,2,4,4,4,4,4.0,4.0,4,4.0,4,4.0,4.0,4.0,4,4.0,4,4.0,4,4,4.0,4.0,4.0,4,4,5,4,4,4,4,4,4,4,4,2,5,2,2,4,4,4,2,4,4,4,4,4,4,2,3,2,4,2
1,bbbbbb,0,21,1,1,0,0,0,2,3,1,1.0,1,2,3.0,2,4,4,0,5,4.7,3,7,3,4,4,2,4,4.0,3.0,3,6.0,5,4.0,5.0,3.0,3,4.0,5,5.0,4,4,4.0,5.0,2.0,4,5,7,5,5,6,3,4,6,5,3,6,2,5,5,7,3,5,3,3,7,3,4,5,4,4,5,2,3,2
1,kkkkk,0,20,1,0,0,0,0,2,3,1,1.0,3,1,4.0,3,1,3,1,20,5.7,4,13,4,1,4,5,4,3.0,4.0,5,4.0,6,3.0,6.0,2.0,4,5.0,3,5.0,3,2,2.0,3.0,4.0,3,4,5,6,6,5,6,3,7,4,4,2,1,0,1,3,5,4,5,6,5,2,4,4,3,3,4,3,3,4
1,ngudi,0,21,1,1,0,0,0,2,3,1,1.0,1,1,2.0,3,3,4,3,12,5.8,2,3,1,4,4,4,4,4.0,4.0,4,4.0,4,4.0,4.0,4.0,4,4.0,4,4.0,4,4,4.0,4.0,4.0,4,4,4,4,4,4,4,4,4,4,4,1,2,1,1,4,4,4,7,4,4,4,4,4,4,3,4,4,5,1
1,thoiroi,0,19,1,0,0,0,0,2,3,2,2.0,2,1,2.0,1,2,2,3,5,2.0,4,2,3,5,5,5,5,5.0,5.0,5,5.0,5,5.0,5.0,5.0,5,5.0,5,5.0,5,5,5.0,5.0,5.0,5,5,3,5,5,5,5,5,5,5,5,2,2,0,2,5,5,5,5,5,5,5,5,5,5,4,4,4,5,1
1,ummmm,0,18,1,0,0,0,0,2,3,1,1.0,1,1,3.0,4,2,5,3,24,2.3,5,5,4,4,4,5,5,1.0,5.0,3,6.0,3,4.0,4.0,5.0,6,4.0,5,2.0,6,3,6.0,4.0,5.0,4,7,5,5,7,6,5,3,2,3,5,1,3,2,3,4,3,5,1,7,7,3,6,2,3,2,3,2,1,2
1,hahaha,0,19,1,1,1,0,0,2,3,2,1.0,1,3,4.0,4,1,5,3,12,7.9,5,10,5,4,5,5,5,5.0,5.0,5,5.0,5,5.0,6.0,4.0,4,5.0,3,4.0,3,5,3.0,5.0,7.0,3,3,4,4,4,6,4,4,4,4,7,5,0,0,1,3,3,3,5,2,5,2,3,4,4,3,3,2,1,4
1,ukkk,0,19,1,1,0,1,0,1,3,2,2.0,2,1,2.0,3,0,4,3,6,4.1,1,6,3,3,4,4,4,4.0,4.0,4,4.0,4,4.0,4.0,4.0,4,4.0,4,4.0,4,4,4.0,4.0,4.0,4,4,1,4,4,4,4,4,4,4,4,6,0,0,0,4,4,4,3,4,4,4,4,4,4,3,4,3,3,1
1,haiz,0,20,1,1,1,0,0,2,2,1,1.0,2,1,4.0,3,4,2,5,7,4.5,3,5,3,3,2,2,2,3.0,5.0,3,2.0,7,3.0,5.0,5.0,4,1.0,4,3.0,2,4,4.0,5.0,4.0,4,6,6,5,6,5,4,1,3,4,5,1,2,3,5,2,3,5,6,4,3,4,4,3,6,4,4,1,1,3
1,hihihii,0,22,1,0,1,0,0,1,3,2,1.0,1,1,2.0,3,2,1,3,12,14.1,2,3,1,4,3,3,4,3.0,4.0,3,5.0,5,5.0,2.0,5.0,3,5.0,5,5.0,2,1,6.0,4.0,3.0,5,4,7,6,6,6,7,6,4,6,3,1,7,3,2,4,2,1,6,3,5,1,5,3,3,4,3,3,3,4
1,nguu,0,19,1,0,0,0,0,2,3,4,2.0,1,1,1.0,4,4,4,0,7,7.3,2,1,3,2,4,4,4,4.0,4.0,4,4.0,4,4.0,4.0,4.0,4,4.0,4,4.0,4,4,4.0,4.0,4.0,4,4,5,4,4,4,4,4,4,4,4,7,5,5,4,4,4,4,3,4,4,4,4,4,4,5,3,4,4,2
1,oknha,0,18,1,0,0,0,0,2,3,1,99.0,1,1,3.0,4,0,3,1,31,6.9,3,8,3,4,3,2,3,5.0,2.0,4,1.0,5,3.0,7.0,5.0,5,3.0,5,3.0,6,1,5.0,5.0,1.0,5,5,5,4,5,6,5,6,4,6,5,6,2,2,0,1,1,4,7,2,5,3,5,3,3,5,5,2,2,1
1,777777,0,19,0,1,0,0,0,2,3,2,3.0,2,2,2.0,2,0,3,3,9,2.2,2,1,3,3,3,3,3,3.0,3.0,3,3.0,3,3.0,3.0,3.0,3,3.0,3,3.0,3,3,3.0,3.0,3.0,3,3,5,3,3,3,3,3,3,3,3,1,1,2,2,3,3,3,3,3,3,3,3,3,3,4,2,2,2,2
1,ngunghe,0,18,1,1,1,0,0,2,4,1,99.0,2,3,4.0,5,4,2,0,2,5.7,5,12,5,3,4,4,4,4.0,4.0,4,4.0,4,4.0,4.0,4.0,4,4.0,4,4.0,4,4,4.0,4.0,4.0,4,4,2,4,4,4,4,4,4,4,4,2,9,4,5,4,4,4,7,4,4,4,4,4,4,4,3,2,4,2
1,uhmnha,0,18,1,1,0,1,0,2,2,2,99.0,1,4,3.0,5,0,5,4,3,4.0,4,4,5,5,2,4,6,5.0,3.0,4,4.0,5,5.0,4.0,3.0,3,5.0,6,4.0,5,2,4.0,6.0,4.0,7,6,7,4,4,3,6,2,1,4,3,1,0,3,2,4,6,7,1,3,3,3,5,1,5,3,3,1,4,3
1,ok,0,20,0,1,0,1,0,1,3,2,2.0,1,2,2.0,3,3,5,4,5,4.1,2,2,4,5,5,3,5,2.0,3.0,3,6.0,6,5.0,5.0,5.0,5,5.0,5,3.0,5,6,4.0,3.0,3.0,4,5,5,6,4,4,4,4,3,2,4,2,6,4,3,3,5,3,7,3,3,3,2,4,6,3,3,4,5,4
1,333,0,19,1,0,0,0,0,2,3,1,2.0,1,1,2.0,4,3,3,5,1,18.6,3,4,2,4,3,3,3,1.0,2.0,3,2.0,4,1.0,3.0,2.0,6,6.0,5,4.0,5,2,4.0,5.0,4.0,6,3,1,5,5,5,5,3,1,2,4,1,4,5,3,4,2,5,7,4,7,4,4,2,4,3,2,2,3,2
1,999,0,22,1,0,0,0,0,2,3,1,1.0,2,1,3.0,3,1,4,4,44,6.6,2,20,4,3,3,4,4,4.0,3.0,4,6.0,6,4.0,3.0,5.0,4,5.0,3,4.0,5,3,5.0,4.0,5.0,4,4,4,4,4,6,4,3,3,5,3,4,0,1,2,3,3,4,1,3,5,4,4,2,3,4,3,3,4,3
1,um,0,21,1,0,0,0,0,1,3,1,2.0,1,5,4.0,5,0,2,1,5,1.9,4,22,5,5,3,4,3,2.0,5.0,4,4.0,4,5.0,4.0,4.0,5,4.0,4,4.0,5,4,4.0,4.0,4.0,4,3,5,3,4,4,3,6,3,3,4,1,2,0,0,4,3,3,2,3,6,4,6,2,3,3,3,1,1,2
1,888888,0,19,0,1,1,1,0,2,2,1,3.0,1,2,1.0,2,2,4,0,15,3.4,3,5,2,2,3,4,4,5.0,1.0,2,5.0,6,4.0,3.0,6.0,2,5.0,3,2.0,3,1,6.0,6.0,5.0,5,3,7,5,5,5,4,4,2,5,3,2,4,4,5,7,3,4,2,4,5,1,5,3,7,4,3,1,2,2
1,met,0,19,1,0,0,0,0,1,1,1,2.0,2,5,3.0,3,3,3,2,10,11.0,5,19,5,2,4,4,2,4.0,4.0,6,3.0,4,4.0,3.0,7.0,5,6.0,5,4.0,5,3,5.0,4.0,2.0,5,4,3,4,5,6,3,4,5,3,2,2,0,0,1,3,3,3,1,4,7,3,3,3,4,3,4,3,3,3
1,eeee,0,19,1,1,0,0,0,2,3,2,1.0,2,1,4.0,3,0,4,3,1,11.0,4,17,5,4,4,4,4,4.0,4.0,4,4.0,4,4.0,4.0,4.0,4,4.0,4,4.0,4,4,4.0,4.0,4.0,4,4,5,4,4,4,4,4,4,4,4,1,1,3,5,4,4,4,3,4,4,4,4,4,4,3,2,4,3,2
1,abcde,0,20,1,1,0,0,0,1,3,1,1.0,2,1,3.0,2,4,3,4,19,3.3,4,5,3,2,3,3,3,3.0,3.0,3,3.0,3,3.0,3.0,3.0,3,3.0,3,3.0,3,3,3.0,3.0,3.0,3,3,5,3,3,3,3,3,3,3,3,2,2,1,3,3,3,3,3,3,3,3,3,3,3,4,3,5,4,5
1,ukkkk,0,22,1,1,0,1,0,2,1,2,1.0,1,4,1.0,3,1,4,3,13,0.3,3,1,1,4,4,4,4,4.0,4.0,4,4.0,4,4.0,4.0,4.0,4,4.0,4,4.0,4,4,4.0,4.0,4.0,4,4,6,4,4,4,4,4,4,4,4,1,1,5,3,4,4,4,6,4,4,4,4,4,4,3,4,4,4,4
1,okiii,0,20,0,1,0,1,0,1,3,2,1.0,1,2,2.0,2,1,2,2,19,7.5,2,15,3,4,5,5,4,3.0,4.0,4,7.0,5,3.0,5.0,6.0,6,5.0,4,3.0,5,7,2.0,6.0,3.0,6,2,2,6,4,5,4,7,3,3,4,3,2,2,3,3,6,4,3,4,7,3,5,3,4,3,3,3,3,1
1,abcdef,0,19,1,0,0,0,0,2,3,1,1.0,1,1,1.0,2,1,4,2,19,1.5,1,2,2,3,5,1,4,7.0,6.0,4,4.0,4,3.0,4.0,5.0,7,5.0,4,4.0,5,3,3.0,4.0,5.0,4,6,4,4,2,2,4,3,2,4,4,1,0,0,2,2,5,4,5,1,5,3,3,3,4,4,2,2,1,2
1,nhanhlen,0,21,0,0,1,0,0,2,1,2,2.0,1,3,3.0,3,4,2,5,20,4.9,3,4,3,3,6,4,4,3.0,3.0,4,6.0,4,4.0,4.0,4.0,3,3.0,3,4.0,5,3,4.0,4.0,4.0,5,5,3,3,5,5,7,3,3,6,2,2,1,5,4,6,4,4,7,3,6,1,5,3,6,3,4,2,4,2
1,uk,0,20,1,1,0,1,0,1,1,1,99.0,1,1,2.0,3,0,3,2,5,2.9,2,0,3,3,5,4,5,6.0,3.0,5,4.0,3,2.0,4.0,6.0,5,3.0,5,4.0,4,3,6.0,6.0,5.0,5,2,5,6,5,6,3,5,3,5,4,1,4,0,2,2,4,1,4,5,2,5,5,2,3,5,3,4,2,3
1,uhhh,0,21,1,0,0,1,0,1,3,1,2.0,3,1,3.0,4,3,4,3,3,17.0,3,2,5,3,4,4,4,4.0,4.0,4,4.0,4,4.0,4.0,4.0,4,4.0,4,4.0,4,4,4.0,4.0,4.0,4,4,2,4,4,4,4,4,4,4,4,1,1,3,5,4,4,4,5,4,4,4,4,4,4,4,4,1,1,1
1,77777,0,20,1,1,1,0,0,2,3,1,2.0,1,1,3.0,4,2,2,4,24,3.2,2,1,4,4,7,5,5,5.0,3.0,4,6.0,3,4.0,5.0,4.0,5,4.0,4,3.0,6,5,1.0,3.0,5.0,6,5,5,4,4,6,4,4,2,3,3,5,0,1,3,2,2,3,7,2,6,2,3,2,4,3,4,3,3,3
1,0,0,22,1,0,0,0,0,2,3,2,1.0,2,1,3.0,5,2,3,5,18,9.4,4,10,4,2,6,4,3,4.0,3.0,6,6.0,6,4.0,3.0,5.0,7,5.0,5,4.0,6,1,4.0,3.0,3.0,5,3,5,5,4,4,4,4,6,2,3,5,0,4,3,3,3,3,4,2,7,2,3,5,4,4,3,5,4,4
1,quachot,0,20,1,1,1,0,0,1,3,1,3.0,2,1,1.0,2,3,4,5,23,7.1,2,9,3,4,5,5,5,5.0,5.0,5,5.0,5,5.0,5.0,5.0,5,5.0,5,5.0,5,5,5.0,5.0,5.0,5,5,5,5,5,5,5,5,5,5,5,1,13,5,1,5,5,5,1,5,5,5,5,5,5,3,3,2,2,2
1,3333,0,18,1,0,0,1,0,1,3,4,2.0,2,1,2.0,3,2,2,4,15,2.1,3,3,3,1,3,6,3,5.0,3.0,4,4.0,5,4.0,4.0,5.0,6,4.0,4,3.0,5,2,4.0,4.0,4.0,3,5,1,3,5,4,5,5,6,3,5,1,2,4,4,1,5,4,2,2,5,4,5,1,5,2,2,4,3,3
1,asdfghjk,0,19,1,0,1,0,0,1,1,1,1.0,1,1,4.0,3,0,4,2,6,4.5,4,7,3,2,3,3,3,3.0,3.0,3,3.0,3,3.0,3.0,3.0,3,3.0,3,3.0,3,3,3.0,3.0,3.0,3,3,5,3,3,3,3,3,3,3,3,1,2,0,0,3,3,3,2,3,3,3,3,3,3,4,3,4,3,3
1,xongroi,0,19,1,0,0,0,0,2,2,1,2.0,1,1,3.0,5,0,4,3,8,11.0,5,16,4,2,3,5,1,6.0,3.0,3,1.0,5,4.0,4.0,3.0,6,3.0,5,4.0,6,3,3.0,5.0,6.0,5,4,5,4,4,6,6,3,2,5,5,5,4,0,0,3,4,4,1,5,3,5,3,5,5,4,5,2,4,4
1,xongxx,0,21,1,0,1,0,0,1,3,2,3.0,2,1,3.0,4,0,1,1,4,5.2,4,8,5,3,4,4,4,4.0,4.0,4,4.0,4,4.0,4.0,4.0,4,4.0,4,4.0,4,4,4.0,4.0,4.0,4,4,5,4,4,4,4,4,4,4,4,1,4,0,0,4,4,4,3,4,4,4,4,4,4,5,4,3,1,1
1,1111,0,19,1,1,0,0,0,1,3,1,1.0,1,1,1.0,1,1,5,4,11,1.4,2,2,2,3,4,6,1,4.0,2.0,3,7.0,1,3.0,7.0,1.0,3,3.0,5,5.0,4,3,3.0,4.0,5.0,4,3,7,2,3,5,3,5,4,4,6,4,2,3,4,4,3,3,5,4,4,4,5,3,5,2,2,3,4,3
1,vangg,0,18,1,0,1,0,0,1,3,2,1.0,2,1,4.0,5,1,2,5,4,3.9,5,1,5,4,2,2,3,5.0,3.0,4,6.0,6,4.0,4.0,4.0,4,5.0,3,4.0,5,5,3.0,5.0,2.0,4,4,1,4,3,5,4,5,4,5,5,2,8,1,3,3,3,3,4,1,5,6,4,3,5,2,2,2,1,3
1,huhu,0,19,0,1,0,1,0,1,1,1,2.0,2,2,1.0,1,2,5,3,3,11.1,1,3,2,1,5,3,3,3.0,4.0,4,6.0,5,4.0,4.0,5.0,7,5.0,3,2.0,4,2,6.0,3.0,5.0,5,3,5,7,5,3,5,2,4,4,7,1,0,2,3,2,3,4,5,4,4,4,5,2,7,4,5,3,4,3
1,asdfgh,0,22,0,1,0,1,0,2,3,1,2.0,2,2,3.0,3,4,2,5,5,7.2,4,7,4,4,3,1,4,4.0,3.0,5,5.0,4,4.0,5.0,5.0,3,7.0,6,4.0,6,2,3.0,2.0,4.0,7,3,5,4,6,4,3,4,6,3,4,5,2,5,5,5,6,5,6,1,6,2,3,3,3,4,4,3,3,2
1,abc,0,20,0,0,0,1,0,1,3,2,2.0,2,4,2.0,3,3,4,0,21,8.3,4,4,4,3,4,4,4,4.0,4.0,4,4.0,4,4.0,4.0,4.0,4,4.0,4,4.0,4,4,4.0,4.0,4.0,4,4,1,4,4,4,4,4,4,4,4,1,2,5,2,4,4,4,1,4,4,4,4,4,4,4,3,4,2,3
1,abcd,0,21,1,0,0,0,0,3,2,1,1.0,1,1,2.0,3,2,5,5,17,9.9,3,0,3,4,4,4,4,4.0,2.0,4,3.0,3,4.0,5.0,4.0,5,6.0,4,3.0,3,4,4.0,5.0,4.0,6,5,5,6,5,5,5,5,5,4,2,6,0,4,5,1,2,3,7,5,5,3,4,2,5,4,4,3,4,2
1,555,0,19,1,1,0,0,0,2,3,2,2.0,1,1,1.0,1,0,4,3,1,3.2,1,8,2,4,3,3,3,3.0,3.0,3,3.0,3,3.0,3.0,3.0,4,5.0,5,2.0,6,3,3.0,3.0,4.0,4,4,4,7,6,5,5,4,5,6,4,2,0,2,2,1,2,5,2,2,7,2,6,3,4,3,4,2,3,2
1,444,0,20,1,0,0,0,0,1,3,1,2.0,1,1,1.0,2,3,5,5,7,8.5,1,4,2,3,4,3,5,4.0,1.0,4,6.0,3,3.0,4.0,5.0,4,4.0,5,4.0,5,3,3.0,5.0,4.0,4,5,5,4,6,5,4,3,3,5,3,7,8,5,4,1,3,6,4,4,6,2,3,6,5,3,3,3,4,3
1,zxcv,0,19,0,1,0,1,0,2,3,1,1.0,1,2,2.0,3,3,2,1,14,9.6,1,1,3,3,4,4,3,3.0,4.0,5,4.0,6,4.0,5.0,4.0,5,4.0,4,3.0,3,4,4.0,4.0,4.0,3,4,5,5,6,4,3,6,5,3,5,6,3,1,1,5,1,2,6,4,4,1,4,3,3,5,3,3,3,5
1,asdfghj,0,20,1,1,0,0,0,2,4,4,1.0,1,1,1.0,1,1,3,3,1,2.2,2,4,1,4,5,2,5,3.0,4.0,5,1.0,6,4.0,4.0,4.0,5,5.0,5,4.0,7,5,4.0,5.0,3.0,5,5,2,7,4,7,5,5,2,4,4,1,0,1,2,6,4,4,5,1,7,3,4,4,2,4,4,2,5,3
1,11111,0,20,1,0,1,1,0,2,3,2,99.0,4,3,3.0,5,3,3,4,11,3.9,4,7,5,2,3,3,3,7.0,4.0,5,4.0,3,6.0,5.0,4.0,3,5.0,2,4.0,3,6,4.0,3.0,5.0,3,5,3,5,6,6,4,3,2,2,5,2,2,4,4,4,2,4,5,4,6,4,4,5,6,3,3,2,3,3
1,222222,0,20,0,1,0,1,0,2,1,2,1.0,1,4,2.0,3,0,2,1,30,0.7,3,6,2,4,4,4,4,4.0,4.0,4,4.0,4,4.0,4.0,4.0,4,4.0,4,4.0,4,4,4.0,4.0,4.0,4,4,5,4,4,4,4,4,4,4,4,3,2,1,2,4,4,4,1,4,4,4,4,4,4,3,2,3,2,1
1,2222,0,20,1,1,1,0,0,1,3,2,1.0,1,2,1.0,2,2,4,3,10,3.0,2,1,3,2,3,4,1,3.0,3.0,4,2.0,4,3.0,5.0,1.0,4,3.0,4,7.0,7,3,5.0,4.0,4.0,3,2,5,5,6,6,5,6,3,7,5,1,1,1,2,5,3,2,6,4,3,6,5,1,5,3,3,3,4,3
1,88888,0,19,1,0,0,0,0,2,1,4,1.0,2,5,2.0,3,4,2,5,9,0.8,4,3,2,1,3,6,5,2.0,4.0,4,5.0,3,5.0,4.0,4.0,3,4.0,3,3.0,3,4,2.0,2.0,5.0,5,4,5,6,6,5,6,2,6,5,4,1,3,4,3,3,3,2,7,4,4,2,5,4,5,2,3,5,4,4
1,666666,0,21,1,1,0,0,0,1,3,2,99.0,1,2,2.0,1,0,5,1,7,7.5,2,3,1,4,3,4,4,4.0,5.0,4,4.0,5,2.0,4.0,4.0,7,6.0,4,3.0,4,3,4.0,3.0,4.0,6,4,6,4,4,6,5,2,4,3,4,2,0,1,1,2,1,2,2,3,7,4,4,3,4,5,4,3,3,2
1,ummmmm,0,22,1,0,0,0,0,2,2,1,2.0,1,1,2.0,5,0,2,2,10,7.8,3,6,4,2,5,3,5,3.0,4.0,6,6.0,3,6.0,4.0,3.0,4,3.0,2,6.0,5,2,5.0,3.0,3.0,5,2,7,4,4,4,5,2,1,4,5,1,1,0,0,2,2,3,4,3,7,2,4,4,3,4,2,3,4,3
1,0,0,21,1,0,0,1,0,2,3,4,1.0,2,1,4.0,5,3,4,0,6,8.0,3,5,4,3,4,5,4,7.0,6.0,5,4.0,5,4.0,3.0,5.0,3,3.0,5,6.0,3,4,5.0,4.0,5.0,5,4,5,3,5,5,5,6,4,5,4,1,9,4,5,3,6,5,2,4,7,2,6,1,5,5,4,4,4,3
1,qwerty,0,21,1,1,1,0,0,2,2,1,1.0,3,1,2.0,3,4,2,3,15,5.3,2,3,4,3,3,7,2,4.0,3.0,4,3.0,4,1.0,4.0,3.0,5,3.0,3,4.0,4,6,5.0,4.0,3.0,6,3,5,5,5,4,5,4,3,3,4,5,1,5,5,4,4,6,1,2,5,4,6,3,5,5,4,2,4,3
1,hahahaa,0,20,0,0,1,1,0,2,3,1,1.0,1,3,3.0,4,0,3,1,4,3.7,5,6,4,1,3,3,3,3.0,3.0,3,3.0,3,3.0,3.0,3.0,3,3.0,3,3.0,3,3,3.0,3.0,3.0,3,3,5,3,3,3,3,3,3,3,3,6,0,0,0,3,3,3,5,3,3,3,3,3,3,3,3,3,3,2
1,nhanh1,0,21,1,1,1,0,0,2,3,1,2.0,1,1,4.0,2,1,5,5,0,10.8,3,5,4,2,4,6,5,4.0,5.0,5,3.0,4,3.0,2.0,2.0,3,5.0,3,3.0,2,5,5.0,6.0,4.0,5,5,4,4,7,5,5,5,6,4,5,1,3,1,0,2,4,3,2,4,5,2,7,2,4,4,4,4,4,3
1,metq,0,21,1,0,1,1,0,1,3,2,2.0,1,3,4.0,4,3,4,5,15,6.1,5,17,4,3,6,4,4,4.0,4.0,4,3.0,6,5.0,4.0,3.0,4,3.0,4,4.0,5,4,4.0,6.0,7.0,5,3,5,6,4,6,6,5,2,3,4,6,0,3,5,5,4,4,1,2,7,1,5,2,4,3,3,5,3,3
1,chanqua,0,20,0,0,0,1,0,3,3,1,1.0,1,4,4.0,5,2,3,4,7,13.3,5,7,4,3,3,3,3,3.0,3.0,3,3.0,3,3.0,3.0,3.0,3,3.0,3,3.0,3,3,3.0,3.0,3.0,3,3,4,3,3,3,3,3,3,3,3,1,8,2,5,3,3,3,3,3,3,3,3,3,3,4,4,4,3,1
1,luotq,0,18,1,0,0,1,0,1,1,4,1.0,1,1,3.0,2,3,3,4,2,1.7,2,7,3,5,3,7,4,3.0,5.0,4,3.0,5,3.0,2.0,3.0,6,4.0,6,4.0,6,3,5.0,5.0,4.0,1,3,5,5,4,2,5,5,5,2,4,3,7,5,3,4,4,4,6,2,5,4,4,2,3,3,3,2,4,3
1,thoiii,0,21,1,0,0,1,0,2,2,1,2.0,1,1,1.0,3,2,5,5,6,1.8,2,7,1,4,5,5,4,4.0,2.0,3,4.0,4,1.0,3.0,4.0,5,6.0,4,1.0,5,5,5.0,5.0,5.0,6,6,5,4,4,4,4,3,1,2,4,7,3,4,2,5,3,4,4,3,6,3,4,1,3,5,5,1,5,2
1,quaa,0,19,1,1,0,0,0,1,1,1,2.0,3,1,1.0,2,2,3,5,4,9.2,1,2,1,4,3,3,3,3.0,3.0,3,3.0,3,3.0,4.0,2.0,5,3.0,4,3.0,5,4,5.0,4.0,4.0,5,5,5,5,5,5,4,2,2,3,3,1,5,1,3,4,2,5,7,5,5,3,6,1,6,3,1,4,4,2
1,hehe,0,18,0,1,0,0,0,2,1,1,2.0,2,2,2.0,2,3,2,4,11,4.5,1,5,3,5,4,4,2,2.0,3.0,3,4.0,2,3.0,6.0,5.0,4,6.0,6,4.0,5,3,5.0,4.0,4.0,6,3,2,4,4,5,5,5,2,2,3,4,3,1,1,2,3,3,2,3,7,4,6,3,6,2,2,3,1,1
1,hihihihi,0,21,1,1,0,0,0,1,1,4,2.0,1,1,2.0,4,0,4,1,12,4.4,5,10,5,4,5,4,3,2.0,7.0,5,5.0,6,4.0,4.0,4.0,3,5.0,6,3.0,4,4,5.0,5.0,3.0,3,3,1,6,5,5,5,3,5,4,4,4,1,1,1,4,4,3,4,3,6,3,5,2,6,5,4,3,4,2
1,hehehe,0,20,1,0,0,0,0,2,3,1,99.0,2,1,2.0,1,0,1,3,8,1.2,2,5,1,5,7,2,2,3.0,1.0,5,1.0,4,6.0,4.0,4.0,5,3.0,3,5.0,3,3,4.0,5.0,4.0,4,4,5,5,4,6,5,6,5,2,5,2,2,0,2,3,2,5,2,3,6,3,5,1,3,4,2,2,2,2
1,hehehehe,0,20,1,0,0,1,0,2,3,2,3.0,2,1,4.0,4,3,1,4,7,9.4,3,13,4,3,2,3,3,4.0,7.0,3,4.0,4,5.0,3.0,5.0,3,4.0,3,5.0,5,2,3.0,6.0,4.0,5,5,2,5,6,6,5,4,5,4,6,5,4,2,3,2,4,4,3,3,7,3,2,4,3,5,3,2,2,1
1,huhuhu,0,18,1,0,0,0,0,1,3,1,1.0,1,1,4.0,4,3,4,5,24,7.0,4,0,5,1,3,3,4,1.0,3.0,5,4.0,3,2.0,6.0,2.0,2,4.0,3,5.0,5,4,5.0,3.0,4.0,1,4,5,2,4,6,3,5,3,5,4,4,9,5,4,6,5,5,6,2,2,4,5,4,5,4,3,4,2,4
1,huhuhuhu,0,20,1,0,1,0,0,1,3,1,3.0,3,1,3.0,2,4,4,3,8,3.0,2,0,3,1,5,3,2,3.0,4.0,5,3.0,5,4.0,4.0,4.0,6,5.0,4,7.0,4,5,4.0,4.0,4.0,4,5,5,7,7,4,3,5,5,5,5,6,9,4,5,2,3,5,1,3,7,2,7,2,7,2,3,2,4,3
1,kakaka,0,22,0,0,1,0,0,1,3,1,1.0,1,3,3.0,3,3,2,2,14,5.5,5,12,4,4,5,3,6,5.0,2.0,4,2.0,4,6.0,1.0,6.0,5,5.0,5,4.0,5,2,6.0,4.0,5.0,4,4,5,7,4,5,4,4,4,4,4,1,1,0,2,2,2,2,7,3,7,3,5,6,4,4,3,1,3,1
1,kakakaka,0,20,0,1,0,0,0,2,3,1,1.0,1,2,2.0,3,2,3,4,15,7.3,5,7,4,2,4,3,3,1.0,2.0,5,6.0,4,4.0,2.0,3.0,5,5.0,5,4.0,6,1,7.0,5.0,4.0,7,4,5,5,4,6,5,3,6,3,3,3,10,4,2,5,4,5,4,3,6,4,2,4,6,4,4,2,2,3
1,haizz,0,18,0,0,1,0,0,1,3,1,2.0,2,3,1.0,1,1,3,1,5,0.5,1,6,2,1,6,3,5,6.0,4.0,3,3.0,6,2.0,6.0,3.0,5,4.0,4,5.0,6,4,5.0,4.0,4.0,5,4,2,6,4,6,4,3,4,4,2,2,4,1,1,3,3,5,2,3,7,4,6,3,5,3,4,2,3,4
1,hic,0,20,1,0,0,0,0,1,3,1,1.0,3,1,1.0,1,1,4,2,1,1.0,1,4,1,2,4,4,4,4.0,4.0,4,4.0,4,4.0,4.0,4.0,4,4.0,4,4.0,4,4,4.0,4.0,4.0,4,4,5,4,4,4,4,4,4,4,4,5,5,1,2,4,4,4,6,4,4,4,4,4,4,3,2,4,2,2
1,được,0,21,1,0,0,1,0,1,1,1,1.0,1,1,3.0,5,0,2,2,25,2.9,3,3,3,3,5,2,4,3.0,5.0,2,4.0,3,4.0,3.0,5.0,5,4.0,4,3.0,3,5,4.0,4.0,4.0,4,5,5,3,6,6,6,3,3,3,3,5,1,0,0,4,3,1,1,4,5,1,7,1,5,4,4,2,3,4
1,duoccc,0,21,1,0,0,0,0,2,3,1,1.0,1,1,2.0,4,3,5,4,25,2.6,4,5,3,3,5,3,2,6.0,4.0,5,3.0,2,4.0,2.0,3.0,3,4.0,6,3.0,1,3,5.0,6.0,3.0,4,3,5,3,4,5,4,3,3,5,3,4,6,3,5,5,3,3,4,4,7,5,6,4,3,3,3,3,1,1
1,qwer,0,20,1,0,0,1,0,1,3,4,1.0,1,1,1.0,3,1,5,2,9,2.9,1,13,3,2,4,4,4,4.0,4.0,4,4.0,4,4.0,4.0,4.0,4,4.0,4,4.0,4,4,4.0,4.0,4.0,4,4,7,4,4,4,4,4,4,4,4,1,2,1,1,4,4,4,7,4,4,4,4,4,4,4,2,2,1,1
1,lkjhgf,0,19,1,0,0,0,0,1,1,2,1.0,1,1,1.0,3,3,3,4,5,2.8,2,3,2,3,4,3,3,5.0,5.0,4,4.0,6,4.0,3.0,2.0,5,4.0,4,4.0,6,5,5.0,5.0,5.0,4,5,1,5,5,5,1,6,2,5,5,1,0,3,2,5,3,5,2,1,7,2,3,1,5,4,4,4,3,1
1,lkjh,0,20,1,0,0,1,0,2,3,1,2.0,2,1,1.0,1,3,2,4,4,4.6,1,0,1,3,2,2,4,2.0,2.0,4,3.0,3,3.0,6.0,5.0,5,4.0,5,4.0,2,5,2.0,5.0,4.0,5,4,5,5,5,7,4,6,5,4,5,4,2,1,5,4,4,5,1,4,6,3,4,4,4,3,3,2,1,2
1,poiuy,0,18,0,0,0,1,0,1,3,2,2.0,1,4,2.0,2,0,3,3,18,2.2,3,10,2,3,6,4,3,3.0,4.0,6,3.0,4,5.0,7.0,3.0,5,3.0,3,5.0,5,5,3.0,4.0,5.0,6,3,5,4,5,5,5,7,3,2,4,4,4,0,0,3,2,5,1,1,5,2,4,2,7,2,4,3,2,1
1,poiuyt,0,20,1,1,1,0,0,2,2,1,1.0,2,1,4.0,3,0,4,2,38,3.9,3,3,4,1,4,6,2,4.0,3.0,4,2.0,4,4.0,5.0,4.0,3,6.0,5,4.0,5,2,5.0,5.0,3.0,5,4,5,7,6,5,4,4,4,6,5,1,1,0,1,4,4,2,6,2,4,3,4,3,2,3,3,4,3,3
1,mnbv,0,19,1,1,0,0,0,1,1,2,1.0,2,1,3.0,4,2,3,2,17,2.9,4,21,4,4,4,5,5,5.0,4.0,5,5.0,6,4.0,4.0,3.0,5,5.0,4,3.0,4,3,4.0,3.0,5.0,5,5,2,5,5,3,4,2,2,3,1,4,4,3,2,3,4,4,7,2,5,2,4,1,5,1,4,2,2,2
1,mnbvc,0,19,1,0,0,0,0,2,3,2,2.0,1,1,2.0,1,0,3,2,6,2.7,2,3,2,5,5,2,5,1.0,2.0,4,4.0,4,3.0,4.0,4.0,3,3.0,3,4.0,2,6,4.0,3.0,6.0,4,5,5,6,4,4,3,3,5,5,4,2,5,1,0,2,3,3,3,4,5,3,7,2,5,5,3,4,5,3
1,mnbvcxz,0,22,0,1,1,1,0,1,3,1,1.0,1,2,3.0,2,0,2,1,12,9.7,3,5,3,3,4,4,2,2.0,2.0,4,4.0,7,5.0,6.0,5.0,2,6.0,5,2.0,3,2,5.0,4.0,5.0,5,7,5,6,5,3,6,2,7,4,4,3,1,0,0,2,3,1,3,3,3,2,4,3,3,4,4,3,2,3
1,aaaaa,0,18,1,0,1,1,0,2,3,4,2.0,1,1,1.0,1,3,4,4,1,2.2,1,7,1,2,3,3,4,2.0,3.0,2,3.0,3,2.0,3.0,3.0,7,4.0,3,3.0,6,5,4.0,4.0,3.0,4,3,5,3,2,4,5,7,4,4,4,1,1,1,1,7,2,5,6,4,5,4,3,4,4,5,5,2,3,3
1,bbbb,0,21,0,0,0,1,0,1,3,2,1.0,1,4,4.0,3,4,2,4,4,3.0,5,1,4,4,3,4,3,3.0,3.0,3,4.0,3,1.0,4.0,3.0,4,3.0,4,4.0,4,2,4.0,5.0,6.0,6,3,5,6,3,5,5,4,4,4,4,1,0,4,5,5,5,5,3,1,5,5,4,4,5,3,4,3,3,3
1,aaaaaa,0,20,1,1,0,1,0,2,3,2,1.0,1,1,4.0,4,0,3,2,8,4.1,4,7,4,3,4,4,4,4.0,4.0,4,4.0,4,4.0,4.0,4.0,4,4.0,4,4.0,4,4,4.0,4.0,4.0,4,4,5,4,4,4,4,4,4,4,4,1,1,1,2,4,4,4,2,4,4,4,4,4,4,3,3,3,3,3
1,ccccc,0,22,1,0,1,0,0,2,3,2,1.0,1,3,2.0,3,2,4,4,23,4.6,3,3,4,4,2,3,5,6.0,5.0,5,2.0,3,5.0,2.0,5.0,5,5.0,4,1.0,7,5,3.0,4.0,3.0,5,5,5,3,3,6,5,3,5,2,3,5,2,3,3,2,4,4,1,2,5,3,5,2,5,4,2,3,2,3
1,cccc,0,20,1,1,0,0,0,1,1,1,1.0,2,2,3.0,3,1,5,2,13,11.3,3,2,3,2,3,3,3,3.0,3.0,3,3.0,3,3.0,3.0,3.0,3,3.0,3,3.0,3,3,3.0,3.0,3.0,3,3,1,3,3,3,3,3,3,3,3,1,5,3,3,3,3,3,3,3,3,3,3,3,3,4,3,4,2,2
1,cccccc,0,18,1,0,0,0,0,2,3,1,99.0,2,1,2.0,2,1,2,2,28,8.7,1,2,4,2,4,7,3,6.0,6.0,4,6.0,5,7.0,4.0,4.0,5,3.0,6,3.0,6,2,4.0,3.0,4.0,6,4,5,6,6,6,5,3,2,4,2,2,0,0,3,4,1,3,1,3,5,2,3,2,5,5,4,2,2,2
1,ddddd,0,19,0,0,1,0,0,2,1,2,2.0,1,3,3.0,3,2,3,3,4,17.4,5,6,3,2,3,3,3,3.0,3.0,3,3.0,3,3.0,3.0,3.0,3,3.0,3,3.0,3,3,3.0,3.0,3.0,3,3,4,3,3,3,3,3,3,3,3,1,3,3,1,3,3,3,3,3,3,3,3,3,3,5,3,1,4,1
1,dddddd,0,20,1,1,0,1,0,1,3,4,1.0,1,1,2.0,2,3,2,3,17,0.8,3,7,2,2,5,5,5,5.0,5.0,5,5.0,5,5.0,5.0,5.0,5,5.0,5,5.0,5,5,5.0,5.0,5.0,5,5,5,5,5,5,5,5,5,5,5,7,6,3,5,5,5,5,5,5,5,5,5,5,5,4,4,2,3,5
1,ffff,0,19,1,0,0,0,0,2,3,2,1.0,2,1,2.0,2,0,4,1,9,15.8,2,1,4,3,6,5,4,2.0,5.0,4,4.0,4,4.0,5.0,5.0,7,4.0,4,4.0,7,3,6.0,6.0,1.0,5,5,5,7,4,5,4,5,4,4,3,1,1,0,0,2,1,2,6,5,5,3,7,5,5,2,2,3,3,2
1,fffff,0,22,0,0,1,0,0,2,3,2,2.0,2,3,3.0,2,0,2,1,5,4.7,3,12,4,4,4,4,4,4.0,4.0,4,4.0,4,4.0,4.0,4.0,4,4.0,4,4.0,4,4,4.0,4.0,4.0,4,4,5,4,4,4,4,4,4,4,4,4,0,0,0,4,4,4,2,4,4,4,4,4,4,3,2,2,3,3
1,ffffff,0,21,1,1,0,0,0,2,3,2,1.0,1,2,4.0,4,4,2,0,13,9.8,5,8,5,3,3,3,2,5.0,2.0,2,6.0,2,2.0,5.0,2.0,1,3.0,4,5.0,5,5,4.0,3.0,3.0,3,5,5,4,3,5,3,4,6,4,5,2,0,4,4,4,5,2,4,5,6,6,5,3,4,3,2,3,3,3
1,gggg,0,19,1,0,0,1,0,1,3,2,1.0,2,1,3.0,4,0,3,2,0,2.1,4,6,4,4,4,4,4,4.0,4.0,4,4.0,4,4.0,4.0,4.0,4,4.0,4,4.0,4,4,4.0,4.0,4.0,4,4,5,4,4,4,4,4,4,4,4,5,2,1,2,4,4,4,2,4,4,4,4,4,4,5,4,2,3,5
1,ggggg,0,21,1,0,0,0,0,2,4,2,1.0,2,1,4.0,5,3,2,4,51,9.2,5,1,5,4,4,4,3,4.0,4.0,5,3.0,5,4.0,4.0,4.0,2,5.0,4,6.0,1,4,3.0,7.0,2.0,5,5,5,3,4,3,3,7,4,5,4,2,0,2,3,2,3,4,3,3,7,2,4,3,4,2,2,4,2,2
1,gggggg,0,22,1,0,0,1,0,2,3,1,1.0,2,1,3.0,2,3,4,5,9,1.3,3,0,2,4,6,5,4,5.0,3.0,4,2.0,5,3.0,4.0,3.0,5,4.0,5,5.0,5,5,4.0,7.0,4.0,6,7,4,5,5,5,3,4,4,5,3,1,2,5,4,6,2,3,3,5,3,3,5,3,3,4,3,3,3,1
1,hhhh,0,20,1,0,0,0,0,1,3,2,2.0,1,1,2.0,3,0,3,3,11,1.9,3,2,2,4,4,4,3,5.0,5.0,4,5.0,5,4.0,6.0,5.0,3,2.0,3,5.0,3,4,1.0,4.0,6.0,4,3,7,4,6,5,4,3,4,3,5,2,5,1,0,4,4,4,5,4,5,5,5,2,4,3,3,3,2,2
1,hhhhh,0,21,1,1,0,0,0,1,3,1,1.0,2,1,1.0,1,1,2,4,5,18.3,1,4,1,4,3,4,3,4.0,3.0,5,5.0,5,1.0,4.0,3.0,2,6.0,3,4.0,5,3,3.0,4.0,4.0,3,4,5,3,5,3,3,5,5,7,3,1,4,2,3,3,4,3,1,2,5,3,4,5,6,4,4,4,4,2
1,hhhhhh,0,20,1,1,0,1,0,2,3,1,1.0,4,1,3.0,4,4,5,5,8,4.1,3,2,3,2,4,4,4,5.0,4.0,3,2.0,6,7.0,4.0,6.0,4,5.0,6,4.0,6,1,6.0,7.0,2.0,3,5,7,2,4,5,4,3,4,4,5,2,0,3,5,5,3,3,7,3,7,1,5,2,5,2,3,4,4,2
1,iiii,0,20,1,1,0,0,0,2,3,1,1.0,2,1,1.0,1,0,1,3,0,1.2,1,1,1,5,4,4,4,4.0,4.0,4,4.0,4,4.0,4.0,4.0,4,4.0,4,4.0,4,4,4.0,4.0,4.0,4,4,2,4,4,4,4,4,4,4,4,5,1,1,0,4,4,4,1,4,4,4,4,4,4,5,3,4,4,2
1,iiiii,0,19,1,0,0,1,0,2,2,2,3.0,2,1,2.0,4,1,2,2,5,9.7,4,6,4,3,5,3,4,4.0,5.0,5,4.0,6,4.0,5.0,5.0,7,5.0,4,5.0,5,7,5.0,4.0,5.0,6,4,5,4,4,4,4,5,4,3,5,1,1,3,1,4,4,4,6,4,5,3,1,4,7,2,3,3,3,1
1,iiiiii,0,20,1,1,0,0,0,2,3,2,2.0,1,1,4.0,5,4,5,0,1,12.3,5,1,4,2,4,2,4,4.0,6.0,2,5.0,4,3.0,3.0,6.0,4,4.0,3,3.0,7,2,4.0,3.0,5.0,7,6,5,4,4,4,4,3,6,2,6,2,2,3,5,3,4,1,2,3,6,6,5,3,2,3,3,4,1,4
1,jjjj,0,18,0,0,0,1,0,1,3,1,3.0,1,4,1.0,1,1,5,4,4,1.0,2,1,1,3,5,5,5,5.0,5.0,5,5.0,5,5.0,5.0,5.0,5,5.0,5,5.0,5,5,5.0,5.0,5.0,5,5,5,5,5,5,5,5,5,5,5,3,9,2,4,5,5,5,1,5,5,5,5,5,5,3,3,3,2,2
1,jjjjj,0,19,0,1,0,0,0,1,3,1,2.0,1,2,4.0,4,2,3,3,10,3.8,3,8,4,3,7,6,4,4.0,7.0,4,4.0,3,4.0,2.0,5.0,6,6.0,5,4.0,7,3,5.0,4.0,2.0,5,3,5,3,5,4,4,3,4,4,5,1,2,2,4,5,4,4,5,1,5,2,5,4,5,4,2,3,3,4
1,FC0806,1,19,1,0,0,0,0,2,3,1,3.0,1,1,4.0,5,2,5,2,45,10.5,5,2,5,4,4,2,4,2.0,2.0,5,3.0,5,3.0,4.0,5.0,5,5.0,4,5.0,5,2,3.0,5.0,3.0,6,7,5,3,5,7,4,3,2,3,3,1,2,3,1,4,3,4,3,2,7,3,5,4,4,2,3,3,4,4
1,IV1108,1,21,1,1,1,0,0,1,2,1,2.0,2,1,3.0,4,3,2,5,9,4.0,4,12,3,3,5,3,2,5.0,6.0,5,5.0,5,6.0,3.0,6.0,6,4.0,7,5.0,6,2,5.0,5.0,2.0,4,5,5,3,4,5,2,3,4,4,5,2,5,2,4,3,4,4,4,2,3,4,4,4,4,5,4,3,3,2
1,GB2009,1,19,1,1,0,1,0,2,3,1,2.0,2,2,4.0,5,4,4,0,37,20.9,5,40,5,3,4,5,5,7.0,7.0,6,5.0,6,5.0,6.0,5.0,4,4.0,4,4.0,5,4,4.0,4.0,3.0,6,6,5,5,6,4,4,6,6,4,6,1,5,5,5,4,7,4,6,3,6,2,3,3,5,5,5,3,2,2
1,QV2306,1,20,1,0,0,0,0,2,3,1,2.0,1,1,4.0,5,3,3,4,21,5.5,5,6,5,4,4,5,2,6.0,3.0,2,3.0,6,4.0,5.0,3.0,2,4.0,4,4.0,4,3,4.0,3.0,6.0,3,4,5,7,6,7,6,6,4,5,7,1,0,3,4,5,4,5,4,5,5,3,3,6,2,3,2,2,3,4
1,TS0507,2,22,1,0,0,1,0,2,3,2,1.0,1,1,1.0,1,0,2,2,6,1.6,1,7,1,2,2,3,2,3.0,4.0,4,3.0,4,2.0,2.0,3.0,6,4.0,3,3.0,4,2,6.0,4.0,5.0,5,5,5,3,4,4,2,3,3,3,3,1,0,1,0,3,2,5,3,5,4,4,2,4,4,2,2,2,3,1
1,BE2603,1,18,1,0,0,0,0,2,3,1,2.0,1,1,3.0,3,3,1,0,22,2.6,3,5,4,3,5,5,6,4.0,4.0,3,5.0,3,6.0,1.0,6.0,7,5.0,6,1.0,5,2,5.0,5.0,2.0,5,7,5,5,5,6,4,4,4,4,5,1,5,5,4,6,6,5,5,4,6,3,4,3,4,3,3,3,3,4
1,IH1901,0,22,0,0,1,0,0,2,3,1,99.0,1,3,2.0,2,1,5,3,12,1.8,2,1,3,2,2,2,2,3.0,2.0,4,3.0,5,2.0,3.0,5.0,4,4.0,5,4.0,4,3,4.0,6.0,2.0,4,6,5,4,4,3,3,5,3,2,3,1,1,1,1,3,3,3,3,3,4,4,3,4,3,3,4,4,4,4
1,SV1603,1,20,1,1,0,0,0,2,3,1,2.0,1,1,4.0,5,3,4,4,18,10.8,5,10,5,2,4,6,4,4.0,4.0,7,4.0,7,6.0,2.0,7.0,7,7.0,6,2.0,6,4,5.0,6.0,3.0,5,6,5,4,4,4,4,3,3,3,3,1,0,3,3,3,3,5,4,4,6,3,5,2,4,4,3,3,2,2
1,JT1212,0,22,1,0,0,0,0,1,3,2,1.0,1,1,2.0,4,1,2,1,9,7.9,3,1,3,3,1,4,2,1.0,1.0,3,3.0,2,1.0,5.0,4.0,4,4.0,4,5.0,6,3,2.0,3.0,6.0,5,3,5,6,6,6,6,4,5,5,4,2,5,0,0,2,1,1,3,2,6,2,5,2,5,1,2,2,2,4
1,TY2508,1,21,0,1,1,0,0,1,3,4,2.0,3,2,2.0,3,1,3,2,24,3.9,3,3,3,2,2,1,1,1.0,1.0,3,5.0,3,2.0,4.0,5.0,4,3.0,7,5.0,6,3,6.0,5.0,4.0,3,4,5,5,6,6,4,4,5,6,4,1,1,2,2,1,4,4,3,1,6,1,5,2,5,3,4,2,2,2
1,GP1704,0,21,0,1,1,0,0,2,3,1,1.0,1,2,2.0,3,2,2,1,4,4.0,3,11,3,4,3,3,3,3.0,3.0,4,3.0,5,2.0,5.0,5.0,2,2.0,3,4.0,6,4,4.0,4.0,6.0,4,3,5,5,5,6,4,2,3,3,2,1,5,1,0,2,2,2,3,2,6,3,5,1,5,4,2,3,1,3
1,CZ0203,1,21,1,0,0,1,0,2,3,2,3.0,3,1,3.0,2,4,3,5,26,3.7,2,9,2,2,5,4,4,5.0,3.0,4,4.0,7,6.0,6.0,5.0,3,1.0,3,6.0,2,4,5.0,2.0,4.0,1,5,5,5,5,6,4,4,4,4,4,1,5,3,4,3,4,6,4,5,4,4,5,4,6,4,2,3,3,5
1,TZ1505,0,18,1,0,0,1,0,2,3,1,1.0,1,1,3.0,3,2,4,2,6,2.6,4,7,4,3,2,3,2,3.0,3.0,5,6.0,3,5.0,2.0,6.0,6,6.0,7,3.0,7,1,6.0,5.0,1.0,7,5,5,5,6,6,6,5,6,5,4,1,1,0,0,3,3,3,3,2,5,1,5,2,3,2,3,4,3,4
1,UC0306,2,21,0,1,0,0,0,1,3,4,2.0,2,2,2.0,3,1,2,2,33,6.9,3,5,2,3,3,1,2,2.0,3.0,3,3.0,3,3.0,5.0,2.0,2,4.0,4,5.0,4,3,3.0,1.0,6.0,4,3,5,4,4,3,3,4,1,3,3,1,0,1,2,3,3,3,3,5,6,4,4,4,5,3,2,2,2,2
1,WK2702,2,21,1,0,0,0,0,2,3,1,2.0,1,1,4.0,5,2,5,4,35,15.5,5,21,5,4,3,3,3,1.0,3.0,3,1.0,3,4.0,5.0,4.0,1,5.0,4,4.0,3,2,5.0,6.0,3.0,5,6,5,5,6,6,4,1,5,5,4,1,2,2,1,1,4,4,3,3,6,2,5,5,4,2,3,2,4,3
1,PG0811,1,19,1,0,0,0,0,1,3,1,2.0,2,1,1.0,1,3,1,3,1,2.9,1,1,1,3,4,3,4,3.0,2.0,2,4.0,5,2.0,3.0,6.0,7,4.0,4,5.0,5,3,5.0,5.0,5.0,6,4,5,4,3,5,3,4,5,4,5,1,0,4,3,3,5,4,2,1,6,1,5,3,4,2,2,4,3,4
1,VA0301,1,21,1,1,0,1,0,1,3,1,1.0,1,1,3.0,2,1,2,1,4,3.3,4,6,3,4,3,3,3,2.0,2.0,5,2.0,2,4.0,5.0,1.0,3,4.0,4,3.0,3,6,4.0,3.0,5.0,4,2,5,6,5,3,3,5,7,5,5,1,0,1,1,2,4,4,3,2,7,3,6,1,5,3,3,2,2,2
1,TP0507,2,21,1,0,1,0,0,2,3,1,1.0,3,1,1.0,1,0,5,2,1,2.9,1,3,2,3,4,4,3,4.0,5.0,4,4.0,5,2.0,4.0,3.0,5,4.0,5,4.0,7,3,6.0,5.0,4.0,5,4,5,5,7,6,6,4,5,5,4,1,1,0,1,2,2,1,4,4,6,3,3,2,4,2,3,2,2,3
1,MJ2201,2,19,1,0,0,0,0,2,3,2,1.0,2,1,1.0,2,1,5,2,5,1.8,1,2,2,4,1,2,1,3.0,1.0,3,1.0,2,2.0,4.0,1.0,5,3.0,5,5.0,5,4,5.0,6.0,5.0,6,3,5,3,4,6,2,2,4,2,2,1,0,1,0,3,1,3,2,3,4,3,4,5,4,4,3,2,2,2
1,GJ1003,1,18,1,0,0,1,0,2,4,2,1.0,2,1,4.0,5,1,3,2,42,18.4,5,10,5,2,3,1,3,3.0,4.0,5,4.0,4,4.0,5.0,3.0,5,3.0,4,5.0,4,4,5.0,4.0,6.0,3,3,5,7,6,7,6,5,6,4,3,1,1,0,0,3,2,3,3,1,7,2,4,4,4,4,5,4,2,3
1,EC0801,1,21,1,1,0,1,0,1,3,2,1.0,1,1,1.0,1,2,5,5,4,0.5,1,0,1,2,4,5,4,3.0,4.0,5,4.0,3,3.0,5.0,2.0,6,5.0,5,4.0,5,3,2.0,3.0,4.0,3,2,5,3,4,4,2,3,4,5,3,1,3,4,3,1,4,4,4,1,6,2,4,3,4,5,5,1,2,2
1,FR1109,1,20,0,1,0,0,0,2,3,1,1.0,2,2,2.0,3,3,5,3,14,1.6,3,11,4,2,4,5,3,4.0,2.0,5,4.0,5,3.0,7.0,4.0,4,4.0,4,5.0,3,3,4.0,4.0,5.0,4,4,5,5,6,6,3,3,4,7,5,1,1,1,3,3,4,3,4,3,6,2,5,4,3,3,2,5,4,4
1,TQ1003,2,22,1,1,1,0,0,2,4,1,1.0,2,1,2.0,4,2,2,3,15,5.4,3,4,2,3,3,3,5,2.0,5.0,5,4.0,5,6.0,5.0,1.0,3,5.0,4,5.0,3,4,3.0,2.0,5.0,3,2,5,6,5,6,5,6,5,4,4,1,6,3,5,4,4,3,4,2,7,1,3,3,5,3,3,3,4,3
1,DV1511,1,19,1,1,0,1,0,1,2,1,99.0,3,2,2.0,3,3,5,3,21,2.6,4,4,3,1,5,6,5,5.0,3.0,3,5.0,4,4.0,4.0,3.0,1,3.0,5,5.0,5,3,2.0,6.0,5.0,3,3,5,4,4,4,5,5,5,3,5,1,2,2,1,2,3,3,4,2,5,2,6,2,5,2,3,3,2,2
1,SX2711,1,21,0,1,0,1,0,1,1,2,2.0,2,2,2.0,1,4,2,5,16,5.1,2,1,2,3,2,3,3,1.0,1.0,3,3.0,5,1.0,4.0,3.0,2,4.0,4,7.0,3,6,3.0,2.0,5.0,1,4,5,6,4,7,4,4,6,5,5,1,5,4,3,4,5,6,1,3,7,2,5,3,4,5,4,4,3,3
1,HV2001,0,19,1,0,0,0,0,1,1,2,1.0,1,1,2.0,1,3,3,4,2,2.4,2,2,2,4,6,3,3,3.0,4.0,5,3.0,5,5.0,6.0,5.0,3,4.0,4,3.0,3,3,3.0,4.0,5.0,5,5,5,5,6,7,6,4,5,3,6,1,7,4,4,6,3,1,5,2,4,2,6,2,5,4,4,3,4,3
1,YH1509,1,19,1,1,0,0,0,2,3,2,1.0,2,1,3.0,4,3,2,3,4,2.1,5,4,4,3,5,7,4,6.0,4.0,6,5.0,5,4.0,3.0,4.0,4,7.0,4,3.0,5,3,6.0,7.0,3.0,4,5,5,5,5,6,7,5,4,3,4,1,4,2,3,3,4,4,6,4,5,2,2,2,3,4,3,3,3,3
1,HU2311,2,21,1,0,0,0,0,2,2,4,1.0,3,1,2.0,1,2,4,4,0,3.5,3,9,3,2,4,3,2,4.0,3.0,4,5.0,5,4.0,5.0,4.0,5,1.0,4,4.0,3,3,4.0,3.0,5.0,4,5,5,5,5,6,4,6,4,3,5,1,10,4,5,5,5,4,4,4,5,3,5,1,6,4,3,3,4,3
1,LX1002,1,22,1,0,0,1,0,2,3,2,3.0,1,1,1.0,1,0,2,4,1,3.2,1,2,1,4,5,5,2,4.0,4.0,6,5.0,5,5.0,4.0,5.0,2,4.0,6,4.0,6,2,7.0,4.0,3.0,5,3,5,4,5,5,4,5,3,4,3,2,0,1,1,2,4,3,4,2,5,2,4,4,4,3,3,2,2,3
1,UB1507,0,20,1,0,1,0,0,2,1,1,1.0,1,1,2.0,2,3,5,4,3,1.2,2,5,2,4,5,5,4,4.0,2.0,4,3.0,3,4.0,1.0,3.0,4,4.0,3,2.0,4,2,5.0,4.0,3.0,4,5,5,1,2,3,3,5,4,3,3,1,0,3,3,5,4,4,4,1,6,1,5,4,6,4,4,1,2,1
1,PP2809,1,21,1,0,0,0,0,1,3,4,1.0,1,1,2.0,2,0,2,1,3,6.3,3,0,2,3,4,1,3,4.0,2.0,4,3.0,4,3.0,4.0,4.0,3,5.0,5,6.0,5,3,3.0,4.0,4.0,4,6,5,3,3,2,3,3,3,5,5,1,0,1,1,2,2,2,2,2,7,2,5,2,5,3,4,3,3,3
1,QB2209,1,18,0,1,1,0,0,2,3,1,2.0,2,2,3.0,3,3,2,4,11,6.5,4,1,4,2,6,7,5,4.0,6.0,4,5.0,3,5.0,3.0,4.0,5,7.0,7,3.0,6,3,6.0,5.0,4.0,6,6,5,5,7,6,4,5,3,4,4,1,5,4,5,4,4,3,6,2,4,3,6,3,5,3,4,4,5,4
1,GY2412,1,21,1,0,0,0,0,2,1,2,2.0,1,1,3.0,4,4,3,0,8,7.7,4,6,4,3,5,6,6,6.0,5.0,5,7.0,7,7.0,6.0,3.0,1,1.0,2,5.0,2,3,3.0,2.0,4.0,3,3,5,4,6,6,5,5,4,4,5,1,0,4,5,3,4,6,5,3,5,2,5,3,5,1,1,5,4,3
1,RV1502,1,21,1,0,0,1,0,1,3,2,1.0,2,1,4.0,3,4,4,3,42,13.8,4,7,4,2,6,4,2,3.0,5.0,3,3.0,3,4.0,5.0,4.0,5,6.0,5,4.0,4,3,3.0,5.0,4.0,3,4,5,4,5,3,3,5,4,4,4,1,3,2,2,3,4,4,4,1,7,2,4,2,3,3,3,4,3,3
1,SA2410,1,20,0,1,0,1,0,2,3,1,1.0,2,2,4.0,4,1,2,3,16,26.9,5,9,4,1,4,4,1,6.0,3.0,3,3.0,3,4.0,4.0,5.0,4,3.0,3,4.0,5,3,4.0,4.0,5.0,5,5,5,4,4,6,5,5,1,3,4,1,1,1,2,1,3,4,4,4,5,4,4,3,3,3,4,4,2,4
1,CJ1609,1,20,1,0,0,1,0,1,3,1,1.0,1,4,3.0,3,1,2,3,13,8.2,4,4,3,4,3,3,3,3.0,2.0,4,4.0,1,4.0,3.0,5.0,3,5.0,4,3.0,6,2,5.0,5.0,4.0,3,6,5,4,4,5,5,7,5,6,5,1,0,2,2,5,4,1,3,3,6,2,4,5,2,4,4,4,4,3
1,WP1206,1,21,0,1,0,0,0,1,3,4,1.0,1,2,1.0,2,0,1,3,7,1.2,1,2,1,3,1,4,2,2.0,3.0,3,4.0,3,3.0,5.0,2.0,2,3.0,1,6.0,3,4,4.0,3.0,5.0,3,3,5,6,5,4,3,1,4,1,2,2,6,1,1,4,4,3,2,1,5,2,4,2,5,5,5,2,3,2
1,VL2809,1,18,1,1,0,0,0,2,4,2,2.0,2,1,2.0,4,3,4,4,4,3.6,4,6,4,3,5,3,5,3.0,4.0,4,3.0,4,5.0,4.0,5.0,3,5.0,5,3.0,4,4,5.0,4.0,4.0,3,5,4,5,6,6,6,3,5,3,3,1,5,3,4,4,4,4,4,3,4,5,4,3,3,2,2,5,2,5
1,YU0808,1,21,0,1,1,0,0,1,3,2,2.0,1,2,2.0,2,2,4,3,10,4.1,2,4,3,5,2,5,2,1.0,4.0,3,2.0,2,2.0,5.0,5.0,4,2.0,4,5.0,3,5,3.0,3.0,6.0,6,3,5,4,5,4,3,6,5,4,4,1,6,4,4,4,7,4,4,1,5,2,3,5,5,4,3,3,3,2
1,KY2204,1,21,1,0,0,0,0,2,3,1,1.0,1,1,3.0,3,4,4,0,10,6.3,3,0,4,2,6,5,5,5.0,6.0,5,6.0,4,5.0,4.0,5.0,6,4.0,4,4.0,6,1,4.0,4.0,4.0,4,5,5,4,5,4,4,5,4,4,4,1,5,5,5,6,6,6,5,4,5,4,5,3,6,3,3,4,3,4
1,RO0610,1,20,1,0,0,0,0,2,3,1,1.0,1,1,2.0,3,4,3,4,21,20.0,3,3,2,1,2,4,5,4.0,3.0,4,5.0,5,6.0,5.0,3.0,4,5.0,4,5.0,3,4,3.0,4.0,5.0,4,5,5,4,3,4,3,4,7,3,5,1,11,3,4,4,5,4,4,4,6,5,5,1,5,5,4,3,3,4
1,JZ1112,0,20,1,0,0,1,0,2,3,4,1.0,1,1,2.0,2,0,2,1,6,3.0,2,5,3,3,5,3,4,4.0,4.0,3,5.0,6,4.0,4.0,6.0,3,5.0,3,4.0,5,2,3.0,3.0,5.0,3,3,5,4,4,5,4,6,3,5,4,2,2,0,0,2,2,1,4,3,5,4,5,3,5,4,4,3,2,1
1,VV0502,1,21,1,1,0,0,0,2,3,2,2.0,1,1,2.0,3,0,3,1,3,4.8,4,3,3,3,2,2,2,2.0,3.0,3,4.0,5,2.0,6.0,2.0,3,2.0,4,5.0,3,4,3.0,3.0,7.0,2,3,5,4,5,6,3,5,3,4,4,1,10,1,1,5,1,2,2,1,7,2,5,1,4,4,4,3,2,3
1,RI2812,2,22,1,0,0,0,0,1,3,1,2.0,1,1,4.0,5,4,3,0,31,15.0,5,16,5,4,4,4,4,6.0,4.0,4,5.0,5,4.0,4.0,5.0,5,6.0,5,3.0,3,1,4.0,4.0,4.0,5,6,5,7,7,5,5,3,1,5,5,1,0,4,4,3,5,3,4,4,6,3,4,1,3,2,3,3,3,3
1,HN2409,1,20,0,1,0,0,0,1,3,4,2.0,1,2,1.0,1,1,3,3,2,3.2,1,6,1,2,3,5,6,4.0,5.0,4,3.0,5,6.0,4.0,6.0,5,5.0,6,6.0,5,5,6.0,7.0,5.0,6,3,5,6,5,4,3,6,7,6,5,1,3,1,0,3,3,2,6,3,4,4,6,3,4,4,4,3,4,2
1,AN0107,0,20,1,0,0,0,0,2,3,2,1.0,2,5,1.0,2,0,3,2,3,1.7,1,2,1,3,3,3,2,2.0,3.0,4,2.0,6,5.0,3.0,7.0,4,5.0,6,3.0,3,2,5.0,5.0,4.0,5,4,5,5,5,3,4,2,3,4,3,1,0,1,0,2,4,3,4,4,3,3,3,4,4,3,4,2,3,2
1,VM2110,2,20,1,1,1,0,0,3,3,1,1.0,2,1,2.0,2,0,1,2,1,2.2,2,10,2,1,5,5,4,5.0,5.0,5,5.0,5,4.0,4.0,4.0,4,5.0,5,4.0,5,1,4.0,3.0,5.0,5,4,5,5,5,5,6,7,5,5,4,1,3,1,1,4,4,4,5,2,6,1,5,4,5,3,2,4,4,3
1,AP2408,1,21,1,0,0,0,0,1,2,2,1.0,2,1,4.0,5,4,2,5,9,10.0,5,1,5,5,3,5,2,5.0,3.0,5,3.0,6,4.0,3.0,4.0,5,2.0,3,5.0,3,2,5.0,6.0,4.0,3,6,5,4,5,4,4,1,3,5,5,1,7,5,4,4,4,4,3,2,7,1,4,4,2,4,4,4,4,2
1,LY1308,1,19,1,0,0,1,0,1,1,2,3.0,1,4,2.0,2,3,3,3,3,2.0,3,4,2,1,6,3,3,2.0,1.0,2,4.0,4,3.0,5.0,4.0,4,4.0,4,3.0,4,1,4.0,4.0,3.0,4,3,5,3,1,5,3,3,4,3,4,1,0,1,2,3,4,4,4,2,6,2,4,4,4,3,3,2,4,4
1,CE0205,2,20,0,0,1,0,0,2,3,1,2.0,2,3,2.0,2,1,5,2,6,5.9,2,2,3,1,3,5,3,4.0,4.0,7,4.0,4,4.0,1.0,3.0,6,4.0,6,2.0,6,2,5.0,6.0,3.0,5,7,5,7,6,5,4,5,5,4,5,1,0,0,1,4,4,2,5,1,6,2,5,2,5,4,2,2,2,3
1,NW0402,1,21,1,0,1,0,0,1,1,1,1.0,3,1,2.0,2,0,2,3,0,4.5,2,12,3,3,2,3,2,1.0,4.0,3,3.0,4,5.0,4.0,4.0,4,4.0,6,3.0,6,3,5.0,3.0,4.0,3,6,5,5,6,7,6,5,1,2,4,1,6,2,2,3,4,4,3,5,5,3,3,4,5,3,2,4,3,4
1,DP2410,1,21,1,0,0,0,0,1,3,4,1.0,2,1,2.0,4,2,2,4,6,2.3,2,1,2,2,5,2,3,3.0,5.0,5,3.0,5,2.0,6.0,3.0,6,3.0,3,4.0,4,3,3.0,2.0,7.0,3,4,5,5,4,4,6,3,3,4,4,1,1,2,1,3,5,2,3,3,5,2,7,2,7,4,3,4,2,3
1,RM2308,1,21,1,1,0,0,0,2,1,1,2.0,2,1,3.0,4,3,4,4,6,8.5,2,1,4,4,6,4,4,2.0,5.0,6,5.0,6,6.0,4.0,4.0,3,3.0,4,4.0,4,2,5.0,5.0,6.0,4,5,5,5,6,6,7,7,4,5,7,1,0,4,3,6,2,3,4,3,5,2,7,1,7,3,3,3,4,3
1,SX2408,1,22,1,1,1,0,0,2,3,2,1.0,1,1,1.0,1,0,1,3,6,3.1,1,1,2,2,5,3,4,5.0,3.0,3,3.0,5,3.0,3.0,5.0,7,6.0,5,4.0,7,4,4.0,5.0,2.0,7,5,5,2,2,3,4,2,4,4,5,1,5,1,1,2,3,3,3,2,6,4,5,4,4,3,3,3,2,2
1,AG2010,1,21,1,1,1,0,0,1,3,1,2.0,2,1,2.0,3,2,5,4,11,4.0,2,4,3,3,3,2,2,3.0,1.0,3,3.0,4,2.0,5.0,4.0,1,2.0,4,6.0,3,4,4.0,4.0,6.0,3,2,5,5,4,5,4,4,5,3,5,1,1,4,5,3,3,4,2,2,5,3,3,4,4,2,2,2,2,2
1,RZ0612,2,21,0,0,1,0,0,2,3,1,2.0,1,3,2.0,3,4,5,5,13,5.1,2,2,2,3,2,3,3,3.0,2.0,2,3.0,4,2.0,4.0,3.0,3,5.0,4,4.0,4,3,5.0,3.0,4.0,4,4,5,4,5,5,4,4,3,4,6,1,26,5,5,4,6,6,3,5,5,3,4,4,3,4,4,1,2,3
1,RX1606,2,21,1,1,0,1,0,1,1,1,2.0,2,1,1.0,1,1,4,2,5,1.9,1,4,2,2,5,4,5,5.0,5.0,3,5.0,5,4.0,3.0,5.0,4,6.0,6,3.0,5,3,4.0,4.0,3.0,5,5,5,5,5,4,7,7,6,5,7,1,0,1,1,2,3,5,4,3,6,5,4,4,4,4,1,4,3,3
1,ZZ1001,1,21,1,1,0,0,0,2,2,1,1.0,2,1,2.0,2,1,3,4,8,1.5,2,2,2,4,1,2,2,6.0,1.0,1,1.0,1,2.0,5.0,3.0,6,6.0,4,5.0,3,2,4.0,3.0,5.0,3,5,5,5,4,2,3,5,5,4,3,1,6,3,1,4,2,4,2,3,4,2,4,5,3,5,4,2,2,2
1,GL1902,1,21,0,1,0,0,0,1,3,2,1.0,1,2,2.0,2,2,4,2,5,1.5,2,1,2,3,6,3,5,3.0,2.0,5,5.0,5,2.0,4.0,3.0,4,5.0,6,6.0,6,3,2.0,4.0,5.0,5,4,5,5,5,6,6,3,4,4,5,1,1,3,2,4,3,3,3,1,6,2,5,2,5,4,5,4,4,5
1,OF1811,1,20,0,0,0,1,0,2,3,1,1.0,3,4,4.0,5,2,5,0,11,4.9,5,16,5,4,2,4,2,5.0,3.0,4,4.0,3,7.0,5.0,5.0,5,5.0,6,4.0,6,2,4.0,4.0,4.0,6,4,5,5,3,5,4,3,3,2,2,1,3,4,4,3,4,4,4,5,3,3,6,3,4,4,3,3,3,3
1,EK0804,1,21,0,1,0,1,0,2,2,1,1.0,2,2,2.0,2,1,2,4,0,3.8,1,5,2,4,5,4,4,5.0,4.0,5,4.0,5,4.0,2.0,5.0,3,3.0,3,3.0,5,4,6.0,3.0,4.0,6,2,5,4,3,5,4,1,4,5,3,1,0,2,3,4,3,4,4,2,5,3,4,2,6,4,4,4,3,4
1,VO2610,1,18,1,0,0,0,0,2,3,1,1.0,4,1,1.0,2,2,5,4,1,4.4,1,6,1,4,4,5,1,4.0,3.0,3,4.0,4,5.0,4.0,3.0,5,2.0,5,4.0,5,3,6.0,5.0,3.0,5,5,5,4,6,6,6,5,6,5,3,1,7,3,2,5,3,5,4,2,7,2,4,4,4,5,3,4,4,4
1,XY2302,1,21,1,1,0,1,0,1,3,1,2.0,1,2,4.0,4,2,5,4,17,7.9,4,3,4,2,3,3,3,5.0,3.0,2,4.0,4,3.0,4.0,6.0,4,4.0,5,3.0,7,4,6.0,7.0,4.0,3,6,5,7,6,5,3,2,2,2,2,1,2,2,1,5,2,4,3,5,5,3,6,3,6,5,5,4,3,2
1,KE0911,1,21,0,1,1,0,0,2,3,1,3.0,1,2,3.0,5,2,3,3,1,9.9,4,5,4,4,4,4,2,4.0,6.0,5,3.0,4,5.0,5.0,3.0,5,4.0,4,3.0,5,3,2.0,7.0,4.0,4,5,5,4,4,6,5,2,3,3,5,1,4,3,3,4,5,5,4,4,6,2,4,1,6,5,3,3,3,2
1,KF0603,2,19,1,0,0,1,0,2,3,2,2.0,1,1,3.0,3,3,1,5,9,10.5,4,5,4,4,6,6,5,4.0,5.0,6,5.0,4,5.0,4.0,4.0,5,6.0,5,4.0,5,4,7.0,4.0,4.0,5,5,5,6,6,6,6,5,4,6,6,1,9,4,5,6,2,5,6,4,5,3,5,3,4,2,3,3,4,3
1,MG0906,1,21,1,0,1,0,0,2,1,1,2.0,2,1,2.0,2,0,2,3,9,5.8,3,4,4,1,3,3,3,2.0,1.0,3,3.0,2,1.0,3.0,2.0,3,3.0,2,5.0,4,5,4.0,5.0,3.0,4,4,5,4,5,4,3,4,4,4,4,1,1,3,1,2,4,3,1,1,7,3,6,1,5,4,3,2,1,1
1,LN1306,2,21,1,0,0,0,0,2,1,1,1.0,1,1,1.0,1,0,2,2,2,0.7,1,2,1,1,4,4,4,2.0,6.0,6,4.0,6,5.0,4.0,4.0,6,4.0,5,3.0,5,1,6.0,5.0,3.0,6,6,5,4,5,5,7,3,4,3,5,1,0,1,1,3,2,3,3,4,5,3,7,1,5,5,5,2,2,3
1,FP1607,1,21,0,1,0,0,0,2,2,1,2.0,2,2,2.0,3,1,1,2,3,7.8,3,5,3,4,3,1,3,2.0,4.0,2,4.0,3,4.0,3.0,3.0,1,3.0,5,5.0,3,5,3.0,5.0,4.0,5,5,5,4,6,4,4,3,4,4,4,1,1,1,1,4,2,5,3,2,7,2,7,2,5,5,4,2,2,2
1,MG1803,1,22,1,1,0,0,0,1,2,1,3.0,1,1,2.0,2,1,5,3,15,1.9,2,7,2,5,3,1,3,3.0,5.0,3,5.0,5,5.0,4.0,7.0,4,6.0,5,5.0,7,1,6.0,5.0,4.0,6,6,5,5,2,5,6,4,5,4,3,1,2,1,2,1,3,4,4,5,4,4,7,1,7,1,1,5,4,3
1,DN2605,0,21,1,0,0,1,0,2,3,4,1.0,2,1,2.0,4,0,4,1,14,2.1,2,4,3,4,4,4,5,6.0,5.0,6,5.0,4,6.0,3.0,6.0,7,7.0,4,2.0,6,4,6.0,5.0,5.0,7,5,5,6,7,7,6,5,5,6,6,1,3,0,0,2,1,5,5,2,7,1,4,3,4,4,3,5,5,5
1,XH1205,1,19,0,1,1,1,0,2,3,2,3.0,1,2,2.0,2,0,2,2,20,1.4,2,3,2,4,5,4,3,5.0,6.0,4,3.0,6,3.0,4.0,4.0,4,3.0,4,2.0,7,2,5.0,3.0,3.0,4,4,5,4,4,6,3,3,4,3,3,1,12,2,2,3,5,4,5,1,5,2,3,3,4,4,4,1,3,1
1,RA1912,1,21,1,0,0,0,0,2,3,1,3.0,1,1,3.0,4,2,1,3,5,3.8,4,10,4,3,5,3,3,5.0,3.0,3,4.0,5,3.0,3.0,4.0,6,4.0,6,4.0,4,3,3.0,6.0,3.0,7,2,5,4,4,6,5,5,6,5,6,1,2,2,2,3,3,3,3,2,5,3,6,2,5,4,4,3,2,2
1,MG2512,2,21,1,0,0,0,0,1,1,2,99.0,1,1,2.0,3,1,2,5,17,3.4,2,4,3,5,4,4,3,4.0,3.0,4,3.0,3,3.0,3.0,3.0,2,3.0,4,3.0,5,5,4.0,4.0,5.0,6,6,5,3,5,7,4,5,6,5,4,1,11,2,3,5,5,4,4,3,5,4,3,4,3,3,4,3,2,1
1,UX1309,1,21,1,0,0,0,0,2,1,1,1.0,1,5,4.0,4,3,3,4,22,2.0,4,8,5,4,4,4,4,3.0,3.0,3,3.0,6,6.0,4.0,5.0,6,3.0,7,5.0,4,2,4.0,6.0,3.0,3,4,5,6,6,5,4,7,7,7,5,1,1,4,3,4,3,5,4,3,6,5,4,3,3,4,3,3,2,2
1,UO2503,1,21,1,1,0,1,0,2,3,1,1.0,2,2,1.0,1,1,3,4,0,0.7,1,1,1,1,4,3,2,5.0,3.0,3,3.0,4,4.0,4.0,3.0,5,4.0,4,4.0,3,4,2.0,5.0,5.0,5,3,5,3,3,4,4,2,4,2,6,2,3,3,5,5,4,5,2,2,4,3,6,4,4,5,4,2,2,3
1,NN2004,1,22,1,0,1,0,0,2,3,1,2.0,1,1,1.0,2,3,3,4,10,2.9,1,3,2,3,5,3,3,2.0,3.0,4,4.0,3,5.0,5.0,4.0,2,3.0,5,5.0,5,5,4.0,1.0,3.0,1,4,5,2,3,3,2,4,4,4,5,1,4,4,4,3,4,3,4,4,5,4,4,2,5,4,3,3,1,2
1,KS1712,1,22,0,0,1,0,0,2,3,2,2.0,1,3,1.0,2,2,2,4,0,3.6,2,2,2,4,4,2,4,4.0,2.0,4,3.0,4,5.0,3.0,3.0,5,5.0,5,5.0,3,4,4.0,5.0,6.0,6,6,5,3,4,4,3,4,3,4,2,1,0,3,3,4,4,3,4,3,6,2,5,3,5,3,3,3,3,4
1,PQ2201,1,21,0,1,1,0,0,1,3,2,2.0,1,2,2.0,3,1,5,3,2,2.9,3,5,3,4,5,4,4,5.0,4.0,4,3.0,6,2.0,3.0,3.0,4,5.0,4,4.0,3,3,4.0,6.0,6.0,4,4,5,6,6,6,6,6,6,6,5,1,1,4,4,3,4,3,4,3,4,4,4,3,5,5,4,4,4,3
1,QD0301,1,21,1,0,0,0,0,1,1,1,1.0,1,1,2.0,2,1,2,3,1,2.2,2,3,2,2,4,4,4,6.0,2.0,5,3.0,4,3.0,3.0,5.0,5,6.0,5,4.0,7,3,7.0,5.0,5.0,4,3,5,4,4,6,4,4,4,3,6,1,4,2,2,4,5,4,4,4,5,3,6,2,5,2,3,3,4,2
1,OW0106,1,21,1,1,1,0,0,1,3,4,2.0,2,2,1.0,1,2,2,1,20,1.2,1,10,1,3,4,5,3,3.0,3.0,5,3.0,5,3.0,4.0,5.0,3,5.0,4,5.0,5,3,5.0,3.0,3.0,4,3,5,4,4,3,6,3,4,5,4,1,3,2,0,2,4,3,4,3,6,1,5,3,5,3,4,3,3,3
1,UY0810,1,21,1,0,0,0,0,2,3,2,3.0,3,1,3.0,4,4,5,0,5,4.8,5,12,4,2,5,4,3,5.0,4.0,4,5.0,4,3.0,3.0,5.0,5,4.0,4,2.0,6,1,4.0,4.0,4.0,5,5,5,5,5,5,5,3,5,4,3,2,18,4,4,4,3,3,4,3,2,3,4,2,6,4,3,1,2,3
1,CF0809,1,19,0,1,1,0,0,1,3,2,1.0,2,2,4.0,5,3,4,5,34,11.9,5,12,5,2,6,5,6,3.0,6.0,5,6.0,4,4.0,3.0,5.0,6,5.0,6,3.0,7,3,5.0,7.0,3.0,6,6,4,6,6,7,4,4,4,4,4,1,2,3,5,6,5,3,5,4,4,3,5,2,5,4,3,3,4,3
1,SY2103,1,21,0,1,1,0,0,1,3,2,1.0,3,2,1.0,1,0,3,2,3,1.3,1,2,1,2,1,1,3,3.0,3.0,3,2.0,6,2.0,5.0,5.0,1,1.0,4,5.0,2,5,2.0,3.0,6.0,4,1,5,7,7,7,6,5,5,4,5,1,1,0,0,2,1,1,2,3,4,6,3,6,4,4,3,2,3,3
1,EN1003,2,19,0,1,0,0,0,1,3,2,1.0,1,2,3.0,2,0,1,2,7,10.1,4,3,4,3,2,3,3,3.0,5.0,3,3.0,3,3.0,6.0,5.0,3,4.0,4,5.0,4,5,4.0,6.0,5.0,4,4,5,5,4,4,4,3,4,2,3,1,1,0,1,2,1,2,4,3,5,4,3,4,3,3,3,2,3,2
1,MY1411,2,21,1,1,0,0,0,2,2,1,1.0,2,1,2.0,3,3,3,5,6,4.9,3,0,3,4,7,7,7,7.0,5.0,6,7.0,7,4.0,3.0,3.0,5,5.0,7,2.0,5,2,5.0,5.0,3.0,6,5,4,3,6,6,5,5,3,4,5,2,3,3,3,4,4,3,6,3,7,2,2,3,1,3,3,4,3,3
1,YH0910,1,21,1,1,0,0,0,2,3,1,1.0,1,1,1.0,2,3,2,4,9,2.7,2,9,2,3,6,6,6,5.0,4.0,6,5.0,5,5.0,2.0,4.0,5,6.0,6,3.0,6,3,7.0,6.0,2.0,7,5,5,3,5,4,2,4,3,4,4,1,15,4,5,4,5,5,5,4,5,1,4,5,6,3,3,3,3,3
1,BD2611,1,20,1,0,0,0,0,2,3,2,1.0,1,1,2.0,4,2,3,3,5,4.6,2,0,4,4,6,2,3,4.0,5.0,4,4.0,5,5.0,3.0,3.0,2,3.0,6,4.0,3,2,5.0,3.0,3.0,1,3,5,4,5,3,4,5,5,3,4,1,0,1,2,3,1,3,4,2,5,4,4,3,5,3,3,2,2,2
1,QS1211,2,18,1,0,0,0,0,1,3,1,2.0,2,1,2.0,4,1,3,2,8,6.5,3,4,3,3,5,3,4,2.0,4.0,4,5.0,5,3.0,4.0,5.0,5,3.0,5,4.0,3,2,6.0,4.0,4.0,4,6,5,5,5,5,6,2,4,4,4,1,2,1,2,2,3,4,4,3,7,3,6,2,5,5,5,3,1,1
1,SY0105,0,19,0,1,0,0,0,2,3,1,1.0,1,2,2.0,3,2,4,3,17,2.2,2,2,2,1,1,2,3,3.0,2.0,5,4.0,5,2.0,6.0,4.0,6,5.0,4,4.0,4,5,4.0,4.0,5.0,3,3,5,3,4,6,4,2,2,3,5,1,1,4,3,4,6,5,2,2,7,1,7,2,5,3,4,3,4,3
1,IS0202,1,21,1,0,0,0,0,1,3,1,2.0,1,1,2.0,2,2,3,2,5,5.1,2,6,3,3,3,3,5,1.0,5.0,3,4.0,5,2.0,6.0,3.0,4,2.0,3,4.0,4,6,2.0,4.0,5.0,2,2,5,5,2,4,4,2,4,2,4,1,0,2,2,4,2,2,4,4,5,6,3,3,3,3,4,3,3,2
1,NS1904,0,21,1,0,0,0,0,1,3,2,2.0,2,1,2.0,2,0,1,2,11,1.0,3,4,3,5,5,3,2,4.0,6.0,3,2.0,5,4.0,2.0,6.0,5,7.0,4,2.0,6,1,6.0,5.0,5.0,5,4,5,7,5,4,5,5,4,4,5,1,1,0,0,1,1,2,4,3,4,2,4,2,5,3,3,5,5,3
1,NR1201,0,19,0,1,0,0,0,2,3,1,2.0,2,2,3.0,3,2,3,4,10,6.5,3,10,2,4,5,4,2,3.0,4.0,5,3.0,3,3.0,6.0,3.0,5,3.0,4,5.0,3,5,5.0,3.0,7.0,2,5,5,3,4,5,5,5,4,5,5,1,2,3,1,3,4,3,4,3,5,3,4,3,4,4,3,3,4,4
1,XV2605,1,21,1,0,0,1,0,2,3,2,2.0,1,1,4.0,5,3,4,2,49,6.1,4,14,5,2,6,3,6,5.0,4.0,5,6.0,4,4.0,4.0,6.0,7,6.0,6,3.0,7,3,4.0,4.0,3.0,6,5,5,4,4,7,5,5,4,2,5,1,2,2,2,3,3,4,5,3,6,3,5,3,5,3,4,3,2,2
1,IL2009,2,19,0,1,1,1,0,2,2,1,1.0,1,2,2.0,3,2,3,4,7,5.1,1,10,2,3,5,5,4,6.0,3.0,5,7.0,7,5.0,3.0,4.0,6,5.0,7,3.0,5,2,4.0,4.0,4.0,6,6,5,5,4,4,3,4,4,4,4,1,8,3,3,5,4,3,5,1,6,2,6,2,6,2,1,4,3,3
1,NA1308,2,21,0,1,0,1,0,1,1,1,1.0,1,2,2.0,3,1,1,3,5,4.2,3,6,3,5,3,4,2,3.0,2.0,2,1.0,3,5.0,4.0,5.0,4,4.0,3,3.0,3,3,4.0,4.0,2.0,5,6,5,3,3,2,2,3,2,2,3,1,1,2,3,2,4,2,3,3,7,4,7,4,3,4,3,2,4,3
1,XL1802,1,21,1,1,0,0,0,1,3,2,1.0,1,1,2.0,2,0,3,3,2,2.5,2,1,2,2,3,3,3,5.0,4.0,6,4.0,5,3.0,3.0,5.0,4,5.0,6,3.0,7,2,7.0,4.0,3.0,6,5,5,5,4,5,5,2,2,3,3,1,4,2,0,3,4,5,4,1,6,1,3,6,4,5,5,3,2,3
1,EN2309,1,19,0,0,0,1,0,2,3,2,1.0,4,4,2.0,2,0,5,1,9,5.2,3,2,2,2,3,1,3,2.0,4.0,4,4.0,5,2.0,6.0,2.0,3,3.0,2,5.0,1,4,3.0,1.0,4.0,1,2,5,4,5,4,5,3,3,4,2,1,2,1,1,3,3,3,2,2,6,2,4,3,3,3,3,5,4,4
1,QQ2801,1,20,1,0,0,0,0,2,1,1,1.0,1,1,1.0,1,0,3,1,5,1.4,1,8,1,2,3,1,3,2.0,4.0,3,3.0,4,4.0,3.0,5.0,5,2.0,6,4.0,4,6,4.0,5.0,5.0,4,3,5,1,3,3,2,4,3,2,2,1,1,0,1,3,3,2,3,4,4,3,5,2,7,3,2,4,4,3
1,YW1908,1,19,1,0,0,0,0,1,3,1,99.0,1,1,4.0,5,4,3,5,45,10.0,4,33,5,3,4,2,2,1.0,3.0,3,2.0,4,4.0,3.0,4.0,2,5.0,5,3.0,6,5,3.0,4.0,4.0,6,4,5,3,4,4,5,4,3,3,3,1,7,5,2,4,5,4,4,2,6,3,5,4,5,4,4,2,2,2
1,TO2106,1,19,1,1,0,0,0,1,1,1,1.0,1,1,2.0,2,4,3,5,3,3.4,2,3,2,4,5,6,5,3.0,3.0,6,5.0,5,4.0,3.0,6.0,3,6.0,6,2.0,4,1,3.0,5.0,3.0,5,6,5,5,6,7,5,5,4,4,4,1,7,5,5,4,5,5,6,2,6,2,5,4,4,4,4,3,3,3
1,NC0408,0,20,1,1,0,0,0,1,3,1,1.0,1,1,1.0,1,1,5,3,4,1.0,2,3,2,2,4,3,3,2.0,2.0,5,5.0,6,2.0,4.0,4.0,4,4.0,5,4.0,6,4,3.0,4.0,4.0,6,2,5,5,5,4,4,5,3,2,4,1,0,0,2,3,2,2,2,4,6,4,4,5,5,3,2,2,2,2
